record_id,source,year,country,funder,amount,currency,amount_eur,title,rule_category,llm_category,llm_confidence,llm_quote,url
cordis:101000236,cordis,2021,FR,European Commission,6999962.25,EUR,6999962.25,GEroNIMO: Genome and Epigenome eNabled breedIng in MOnogastrics,ambiguous,ambiguous,0.95,"traits related to production (quantity and quality), efficiency, productive longevity, fertility, resilience and welfare",https://cordis.europa.eu/project/id/101000236
cordis:101000501,cordis,2021,BE,European Commission,7499517.25,EUR,7499517.25,"ALGAE4IBD –FROM NATURE TO BEDSIDE- ALGAE BASED BIO COMPOUND FOR PREVENTION AND TREATMENT OF INFLAMMATION, PAIN AND IBD",age_related_disease,ambiguous,0.75,develop commercial products for Inflammatory Bowel Disease (IBD) prevention and treatment using aquatic natural biological resources,https://cordis.europa.eu/project/id/101000501
cordis:101002085,cordis,2021,DE,European Commission,1981251,EUR,1981251.0,Engineering perennial barley,ambiguous,fundamental_aging,0.65,trade-off between longevity and seed yield,https://cordis.europa.eu/project/id/101002085
cordis:101002587,cordis,2021,UK,European Commission,1999342,EUR,1999342.0,"Understanding mortality: Biosocial determinants across cohorts, time and place",ambiguous,ambiguous,0.65,"utilize innovative measures of biological risk (epigenetics, microbiome) to understand how life experiences and exposures across cohorts influence trajectories of health and ageing",https://cordis.europa.eu/project/id/101002587
cordis:101002868,cordis,2021,UK,European Commission,1999928.75,EUR,1999928.75,TRansport in the InterioR of the Earth from Modelling and Experiments,ambiguous,ambiguous,0.88,longevity of Earth’s life- and civilization-sustaining magnetic field,https://cordis.europa.eu/project/id/101002868
cordis:101003186,cordis,2022,IT,European Commission,2000000,EUR,2000000.0,Dissecting and targeting senescence programs to advance Hematopoietic Stem Cell-based gene therapies,fundamental_aging,fundamental_aging,0.82,Dissecting and targeting senescence programs to advance Hematopoietic Stem Cell-based gene therapies,https://cordis.europa.eu/project/id/101003186
cordis:101003608,cordis,2020,NL,European Commission,2728340,EUR,2728340.0,Prevention of SARS-CoV-2 infection through development and clinical testing of a novel Virus Like Particle (VLP) vaccine,ambiguous,ambiguous,0.7,Prevention of SARS-CoV-2 infection through development and clinical testing of a novel Virus Like Particle (VLP) vaccine,https://cordis.europa.eu/project/id/101003608
cordis:101005026,cordis,2020,AT,European Commission,3749668.75,EUR,3749668.75,Modern approaches for developing antivirals against SARS-CoV 2,ambiguous,ambiguous,0.85,Modern approaches for developing antivirals against SARS-CoV 2,https://cordis.europa.eu/project/id/101005026
cordis:101005077,cordis,2020,NL,European Commission,36559186.09,EUR,36559186.09,Corona Accelerated R&D in Europe,ambiguous,ambiguous,0.85,development of therapeutics (i) to provide an emergency response towards the current COVID-19 pandemic by drug repositioning,https://cordis.europa.eu/project/id/101005077
cordis:101007630,cordis,2021,ES,European Commission,662400,EUR,662400.0,Se-bioFORtified ALfaLfa for Se-enriched Dairy products,age_related_disease,ambiguous,0.8,Se-bioFORtified ALfaLfa for Se-enriched Dairy products,https://cordis.europa.eu/project/id/101007630
cordis:101008129,cordis,2021,AT,European Commission,1375400,EUR,1375400.0,"Joining forces to exploit the mycobiota of Asia, Africa and Europe for beneficial metabolites and potential biocontrol agents, using -OMICS techniques",ambiguous,ambiguous,0.9,"The common research interest of the partners is basic and applied mycology, and they joined forces to explore the beneficial secondary metabolites",https://cordis.europa.eu/project/id/101008129
cordis:101015756,cordis,2020,IT,European Commission,4021277,EUR,4021277.0,SUPporting high quality evaluation of COVID-19 convalescent Plasma thrOughoutT Europe,ambiguous,ambiguous,0.85,convalescent plasma (CP) from recovered COVID-19 patients has been considered a potential curative strategy,https://cordis.europa.eu/project/id/101015756
cordis:101020037,cordis,2021,UK,European Commission,2499955,EUR,2499955.0,Intergenerational transfer of ageing: effects of maternal age at breeding on offspring performance,fundamental_aging,fundamental_aging,0.94,"Telomere loss and mitochondrial dysfunction in somatic cells are two recognised, interconnected, ‘Hallmarks of Ageing’ linked to individual performance and longevity.",https://cordis.europa.eu/project/id/101020037
cordis:101020135,cordis,2021,ES,European Commission,2973296,EUR,2973296.0,Engineering a lung bacteria to treat idiopatic lung fibrosis and other non-infectious lung diseases,fundamental_aging,age_related_disease,0.86,Engineering a lung bacteria to treat idiopatic lung fibrosis and other non-infectious lung diseases,https://cordis.europa.eu/project/id/101020135
cordis:101020304,cordis,2022,DE,European Commission,2500000,EUR,2500000.0,From Texts to Literature: Demotic Egyptian Papyri and the Formation of the Hebrew Bible,ambiguous,ambiguous,0.95,From Texts to Literature: Demotic Egyptian Papyri and the Formation of the Hebrew Bible,https://cordis.europa.eu/project/id/101020304
cordis:101022905,cordis,2021,DE,European Commission,9931160.13,EUR,9931160.13,Hydropower For You - Sustainable small-scale hydropower in Central Asia,ambiguous,ambiguous,0.92,Sustainable small-scale hydropower in Central Asia,https://cordis.europa.eu/project/id/101022905
cordis:101025661,cordis,2022,DK,European Commission,207312,EUR,207312.0,The Value of Refugees: The Impact of Inter-Asian Tibetan Buddhist Patronage Networks,ambiguous,ambiguous,0.9,The Value of Refugees: The Impact of Inter-Asian Tibetan Buddhist Patronage Networks,https://cordis.europa.eu/project/id/101025661
cordis:101025890,cordis,2022,NL,European Commission,187572.48,EUR,187572.48,DNA methylation as epigenetic clock of biological age? An experimental test in wild birds,fundamental_aging,fundamental_aging,0.95,DNA methylation as epigenetic clock of biological age? An experimental test in wild birds,https://cordis.europa.eu/project/id/101025890
cordis:101026077,cordis,2021,UK,European Commission,212933.76,EUR,212933.76,Romaphobia in the Age of Populism: A Study of UK and Swedish Media and Political Discourse,ambiguous,ambiguous,0.9,This project will investigate contemporary expressions of racism and xenophobia toward the Roma in the context of the growing populism in Europe.,https://cordis.europa.eu/project/id/101026077
cordis:101026482,cordis,2022,ES,European Commission,172932.48,EUR,172932.48,Unaccompanied Minors Automatic Forensic Age Estimation,ambiguous,ambiguous,0.85,UMAFAE’s goal is to develop AI-based algorithms that determine the age of a person.,https://cordis.europa.eu/project/id/101026482
cordis:101027467,cordis,2021,ES,European Commission,160932.48,EUR,160932.48,Replication and post-replication signalling pathways Regulating R-loop-associated Telomere instability in human cells,fundamental_aging,fundamental_aging,0.72,Telomere stability is essential to prevent tumorigenesis and cellular senescence in human cells.,https://cordis.europa.eu/project/id/101027467
cordis:101027897,cordis,2021,PL,European Commission,137625.6,EUR,137625.6,Population-wide analysis of molecular and metabolic features intrinsic to dormancy variability in single seeds,ambiguous,ambiguous,0.9,"Besides germination, vigor and storability or longevity, seed physiological quality also includes seed dormancy",https://cordis.europa.eu/project/id/101027897
cordis:101029004,cordis,2022,ES,European Commission,172932.48,EUR,172932.48,Hypoxic regulation of senescent cells secretome in lung cancer and Alzheimer's disease,fundamental_aging,fundamental_aging,0.9,understanding the mechanisms that modulate the composition and intensity of the SASP is a fundamental biological question with significant translational implications in age-related disorders,https://cordis.europa.eu/project/id/101029004
cordis:101029062,cordis,2022,CH,European Commission,191149.44,EUR,191149.44,Bone healing mechanomics in a mouse model of accelerated aging.,ambiguous,ambiguous,0.65,Bone healing mechanomics in a mouse model of accelerated aging.,https://cordis.europa.eu/project/id/101029062
cordis:101030577,cordis,2021,CH,European Commission,191149.44,EUR,191149.44,Multifunctional Nanoscale Probe for Investigation of Intracellular Processes,age_related_disease,ambiguous,0.7,"The ability to monitor and investigate intracellular processes is crucial for biomedical, cancer and aging research",https://cordis.europa.eu/project/id/101030577
cordis:101034814,cordis,2021,IT,European Commission,100000,EUR,100000.0,Secure authentication with high-entropy silicon physical unclonable functions,ambiguous,ambiguous,0.9,the challenge-response mapping (the unclonable function) is fully repeatable with aging and with varying environmental conditions,https://cordis.europa.eu/project/id/101034814
cordis:101036640,cordis,2022,AT,European Commission,4996098.75,EUR,4996098.75,"SHARED GREEN DEAL: Social sciences & Humanities for Achieving a Responsible, Equitable and Desirable GREEN DEAL",ambiguous,ambiguous,0.95,"SHARED GREEN DEAL: Social sciences & Humanities for Achieving a Responsible, Equitable and Desirable GREEN DEAL",https://cordis.europa.eu/project/id/101036640
cordis:101040247,cordis,2022,FI,European Commission,1499494,EUR,1499494.0,Effects of mental disorders on the wellbeing and prosperity of family members and friends,ambiguous,ambiguous,0.85,Effects of mental disorders on the wellbeing and prosperity of family members and friends,https://cordis.europa.eu/project/id/101040247
cordis:101041331,cordis,2022,NL,European Commission,1500000,EUR,1500000.0,Elucidating and targeting the mechanisms encoded in the genome of long-lived individuals to improve healthy ageing,age_related_disease,fundamental_aging,0.92,"by studying the genome of long-lived individuals, we may be able to identify mechanisms that could be targeted for healthy ageing in the general population",https://cordis.europa.eu/project/id/101041331
cordis:101042643,cordis,2022,IE,European Commission,1417818,EUR,1417818.0,Deciphering Irish Alcohol and Substance use: Post-war Representations and Accounts,ambiguous,ambiguous,0.95,Deciphering Irish Alcohol and Substance use: Post-war Representations and Accounts,https://cordis.europa.eu/project/id/101042643
cordis:101043983,cordis,2022,DK,European Commission,2000000,EUR,2000000.0,Towards a transdisciplinary demographic theory of birth and death trajectories,ambiguous,ambiguous,0.7,develop a shared theoretical framework of birth and death trajectories,https://cordis.europa.eu/project/id/101043983
cordis:101044248,cordis,2023,ES,European Commission,1999944,EUR,1999944.0,Letting up senescence and inflammaging  through T cells,fundamental_aging,fundamental_aging,0.92,time-dependent deterioration of T lymphocytes contributes not only to immunosenescence but also to the general aging process,https://cordis.europa.eu/project/id/101044248
cordis:101044915,cordis,2023,PT,European Commission,1999930,EUR,1999930.0,"Tracing Queer Citizenship over Time:  Ageing, ageism and age-related LGBTI+ politics in Europe",ambiguous,ambiguous,0.7,"age-sensitive, analytical lens focused on ageing, ageism and age-related LGBTI+ politics",https://cordis.europa.eu/project/id/101044915
cordis:101046182,cordis,2021,AT,European Commission,7988724.25,EUR,7988724.25,"Novel, orally available immune modulator MP1032 with anti-SARS-CoV-2 and anti-cytokine activity",ambiguous,ambiguous,0.8,"Novel, orally available immune modulator MP1032 with anti-SARS-CoV-2 and anti-cytokine activity",https://cordis.europa.eu/project/id/101046182
cordis:101046928,cordis,2022,NO,European Commission,3547046,EUR,3547046.0,Long-term Microphysiological Sample Imaging for Evaluation of Polypharmacy in Liver,ambiguous,ambiguous,0.7,"Polypharmacy is becoming a major issue in the ageing population, as well over 10% of hospital admissions for people over 60 years of age are due to currently unknown interactions",https://cordis.europa.eu/project/id/101046928
cordis:101047120,cordis,2022,HU,European Commission,2988434.75,EUR,2988434.75,NATURAL INTRAOCULAR PHOTOACTIVATION OF COMPOUNDS TO FIGHT RETINOPATHIES,age_related_disease,age_related_disease,0.95,"These diseases, including age-related macular degeneration and proliferative diabetic retinopathy share neovascularization as a common etiology",https://cordis.europa.eu/project/id/101047120
cordis:101053352,cordis,2022,DE,European Commission,2486183,EUR,2486183.0,The cardiac neurovascular interface in aging,fundamental_aging,fundamental_aging,0.86,we will decipher the underlying mechanisms mediating the reduction of axon density in the aging heart,https://cordis.europa.eu/project/id/101053352
cordis:101054899,cordis,2022,DE,European Commission,2225906,EUR,2225906.0,Clonal hematopoesis of indeterminate potential and degenerative aortic valve stenosis,fundamental_aging,age_related_disease,0.82,Degenerative aortic valve stenosis is the most common acquire heart valve disease,https://cordis.europa.eu/project/id/101054899
cordis:101055013,cordis,2022,NL,European Commission,2293558,EUR,2293558.0,Nanoscale Isotropic 3D Resolution using Omni-view Structured Light Sheet Microscopy,ambiguous,ambiguous,0.95,Nanoscale Isotropic 3D Resolution using Omni-view Structured Light Sheet Microscopy,https://cordis.europa.eu/project/id/101055013
cordis:101056777,cordis,2022,EL,European Commission,4995098,EUR,4995098.0,L-vehicles Emissions and Noise mitigation Solutions,ambiguous,ambiguous,0.95,"LENS is a project aiming at assisting enforcement authorities, cities and regulators to decrease the contribution of L-category vehicles",https://cordis.europa.eu/project/id/101056777
cordis:101057250,cordis,2022,BE,European Commission,5999381,EUR,5999381.0,RNA PROCESSING FOR ANTI-CANCER IMMUNOTHERAPY,age_related_disease,age_related_disease,0.95,The overarching aim of this multi-armed project is to develop RNA-based cancer treatments.,https://cordis.europa.eu/project/id/101057250
cordis:101058516,cordis,2022,ES,European Commission,12436805,EUR,12436805.0,eBRAIN-Health - Actionable Multilevel Health Data,age_related_disease,age_related_disease,0.95,we will build an interdisciplinary digital twin for dementia for modeling and simulating complex phenomena,https://cordis.europa.eu/project/id/101058516
cordis:101058570,cordis,2022,IT,European Commission,4875569,EUR,4875569.0,Smart Response sELf-desInfected biobAsed NanoCoatEd surfaces for healthier environments.,ambiguous,ambiguous,0.95,Smart Response sELf-desInfected biobased NanoCoated surfaces for healthier environments.,https://cordis.europa.eu/project/id/101058570
cordis:101058751,cordis,2022,PL,European Commission,5845857,EUR,5845857.0,"DEVELOPMENT OF ANTIMICROBIAL, ANTIVIRAL, AND ANTIFUNGAL NANOCOATINGS FOR EVERYDAY SURFACES",ambiguous,ambiguous,0.95,"DEVELOPMENT OF ANTIMICROBIAL, ANTIVIRAL, AND ANTIFUNGAL NANOCOATINGS FOR EVERYDAY SURFACES",https://cordis.europa.eu/project/id/101058751
cordis:101059267,cordis,2023,ES,European Commission,181152.96,EUR,181152.96,Therapeutic Artificial Cells based on Molecular Cages for Glioblastoma Treatment,age_related_disease,age_related_disease,0.96,Therapeutic Artificial Cells based on Molecular Cages for Glioblastoma Treatment,https://cordis.europa.eu/project/id/101059267
cordis:101059502,cordis,2022,IE,European Commission,278571.36,EUR,278571.36,Passive Solar Evaporators for Green Desalination Technologies,ambiguous,ambiguous,0.9,"offers the exciting prospect of high efficiencies, cost-effective materials, and longevity",https://cordis.europa.eu/project/id/101059502
cordis:101060011,cordis,2023,EE,European Commission,15000000,EUR,15000000.0,CENTRE FOR DATA ENRICHED MEDICINE (TEAMPERMED),ambiguous,ambiguous,0.85,prevent the development of chronic or hereditary disease and offering high-quality personalized medical care,https://cordis.europa.eu/project/id/101060011
cordis:101060172,cordis,2022,ES,European Commission,165312.96,EUR,165312.96,Detection and elimination of senescent cells targeting Cyclophilin D,fundamental_aging,intervention,0.92,"This project will study CypD as a novel, non-invasive senolytic target",https://cordis.europa.eu/project/id/101060172
cordis:101060941,cordis,2022,DE,European Commission,3826282.5,EUR,3826282.5,GREen ENdeavor in Art ResToration,ambiguous,ambiguous,0.85,"GREENART proposes new solutions based on green and sustainable materials and methods, to preserve, conserve and restore CH",https://cordis.europa.eu/project/id/101060941
cordis:101062190,cordis,2023,ES,European Commission,150000,EUR,150000.0,Targeting RANK receptor as a novel therapeutic strategy in triple negative breast cancer,age_related_disease,age_related_disease,0.95,Targeting RANK receptor as a novel therapeutic strategy in triple negative breast cancer,https://cordis.europa.eu/project/id/101062190
cordis:101062972,cordis,2023,IT,European Commission,288859.2,EUR,288859.2,Palestinian youth at the crossroad: comparative perspectives on Palestinian transnational youth politics,ambiguous,ambiguous,0.95,Palestinian youth at the crossroad: comparative perspectives on Palestinian transnational youth politics,https://cordis.europa.eu/project/id/101062972
cordis:101063149,cordis,2023,FI,European Commission,215534.4,EUR,215534.4,From maternal hormones to malaria susceptibility and accelerated ageing: new insights from wild birds.,fundamental_aging,fundamental_aging,0.76,initial differences in cellular ageing (i.e. assessed through telomere length),https://cordis.europa.eu/project/id/101063149
cordis:101063466,cordis,2023,DK,European Commission,298857.6,EUR,298857.6,Documenta Coranica Byzantina (DoCoByz). Byzantino-Islamica in the Age of Digital Humanities,ambiguous,ambiguous,0.97,Byzantino-Islamica in the Age of Digital Humanities,https://cordis.europa.eu/project/id/101063466
cordis:101064232,cordis,2023,IT,European Commission,215937.6,EUR,215937.6,"Wild grapevines endophytic microbiome: ecology, epigenetics and application in the biological control of wood pathogens, a synthetic microbiome approach.",ambiguous,ambiguous,0.95,"Wild grapevines endophytic microbiome: ecology, epigenetics and application in the biological control of wood pathogens",https://cordis.europa.eu/project/id/101064232
cordis:101064589,cordis,2022,DK,European Commission,230774.4,EUR,230774.4,An Ontology for the Transmission and Re-Use of Argumentative Patterns (OTRA) in Christian-Muslim Religious Encounters,ambiguous,ambiguous,0.05,I will study argumentative structures in Christian anti-Islamic polemics from a historical perspective using a Digital Humanities approach,https://cordis.europa.eu/project/id/101064589
cordis:101064696,cordis,2022,IL,European Commission,150000,EUR,150000.0,Cell Rejuvenation Therapy for Age-related Macular Degeneration,age_related_disease,age_related_disease,0.86,Cell Rejuvenation Therapy for Age-related Macular Degeneration,https://cordis.europa.eu/project/id/101064696
cordis:101065243,cordis,2023,NO,European Commission,226751.04,EUR,226751.04,Radicalization of Gender and Anti-democracy: the Case of Incels in Nordic-Europe,ambiguous,ambiguous,0.85,Radicalization of Gender and Anti-democracy: the Case of Incels in Nordic-Europe,https://cordis.europa.eu/project/id/101065243
cordis:101066499,cordis,2022,ES,European Commission,181152.96,EUR,181152.96,Exploiting single cell long non-coding RNA biology to target therapy-induced senescence in lung cancer,fundamental_aging,fundamental_aging,0.78,identify therapy-induced senescent cells and their relationship with the tumor microenvironment,https://cordis.europa.eu/project/id/101066499
cordis:101066639,cordis,2023,DE,European Commission,189687.36,EUR,189687.36,X-Ray Fluorescence Imaging of Metal Complexes in Hypoxic Tumor Spheroids,age_related_disease,age_related_disease,0.95,study the anticancer activity and penetration depths in 3D tumor spheroids under hypoxia,https://cordis.europa.eu/project/id/101066639
cordis:101067602,cordis,2023,DK,European Commission,230774.4,EUR,230774.4,Disrupting Buddhist circular economies: excess and abandonment in contemporary Japan,ambiguous,ambiguous,0.62,Disrupting Buddhist circular economies: excess and abandonment in contemporary Japan,https://cordis.europa.eu/project/id/101067602
cordis:101068558,cordis,2023,ES,European Commission,226441.2,EUR,226441.2,Contribution of Lipid Droplets to the pathogenesis and chemoresistance of Acute Myeloid Leukemia,age_related_disease,age_related_disease,0.95,Contribution of Lipid Droplets to the pathogenesis and chemoresistance of Acute Myeloid Leukemia,https://cordis.europa.eu/project/id/101068558
cordis:101069397,cordis,2022,IT,European Commission,150000,EUR,150000.0,Targetting neutrophil-mediated neurotoxicity for the treatment of Alzheimer's Disease,age_related_disease,age_related_disease,0.93,we present the first disease-modifying Alzheimers Disease (AD) drugs that abrogate leukocyte-mediated neurotoxicity,https://cordis.europa.eu/project/id/101069397
cordis:101070950,cordis,2022,IT,European Commission,3797562.5,EUR,3797562.5,"Exploiting ex vivo expansion and deep multiomics profiling to bring novel, efficient and safer hematopoietic stem cell gene therapies to clinical application",age_related_disease,ambiguous,0.9,"Exploiting ex vivo expansion and deep multiomics profiling to bring novel, efficient and safer hematopoietic stem cell gene therapies to clinical application",https://cordis.europa.eu/project/id/101070950
cordis:101071386,cordis,2023,NL,European Commission,9997500,EUR,9997500.0,Glycans as Master Switches of B Cell Activity in Autoimmunity,age_related_disease,age_related_disease,0.6,Autoimmune diseases including rheumatoid arthritis (RA) are often life-threatening disorders,https://cordis.europa.eu/project/id/101071386
cordis:101071485,cordis,2023,CA,European Commission,2160201.6,EUR,2160201.6,Peripheral Biomarker Based Combinatorial Early Diagnostics for Dementia,age_related_disease,age_related_disease,0.97,"develop an AI-data-driven peripheral biomarker based combinatorial diagnostic protocol for early stages of Alzheimers disease (AD), a major form of dementia",https://cordis.europa.eu/project/id/101071485
cordis:101071784,cordis,2023,AU,European Commission,8793579,EUR,8793579.0,Lipid droplets as innate immunity hubs,ambiguous,ambiguous,0.9,LDs are innate immunity hubs sensing infection and directly confronting invaders,https://cordis.europa.eu/project/id/101071784
cordis:101072632,cordis,2023,ES,European Commission,2618488.8,EUR,2618488.8,Breaking the barrier - An integrated multidisciplinary approach to kill Gram-negative bacteria through existing antibiotics by making their outer membrane permeable,ambiguous,ambiguous,0.95,Breaking the barrier - An integrated multidisciplinary approach to kill Gram-negative bacteria through existing antibiotics by making their outer membrane permeable,https://cordis.europa.eu/project/id/101072632
cordis:101072766,cordis,2022,FR,European Commission,2692173.6,EUR,2692173.6,Cellular Homeostasis ANd AGing in Connective TissuE Disorders,fundamental_aging,fundamental_aging,0.86,identify key pathways responsible for age-related decline of physiological functions,https://cordis.europa.eu/project/id/101072766
cordis:101072828,cordis,2022,FR,European Commission,1648915.2,EUR,1648915.2,Discovering Collagen I degradation process in chronic diseases with fibrotic component,ambiguous,ambiguous,0.62,Discovering Collagen I degradation process in chronic diseases with fibrotic component,https://cordis.europa.eu/project/id/101072828
cordis:101077555,cordis,2023,BE,European Commission,1440500,EUR,1440500.0,Uncovering commonalities and differences: Towards a novel framework for identifying end-of-life trajectories of older people with serious chronic illness,ambiguous,care,0.7,end-of-life trajectories of older people with serious chronic illness,https://cordis.europa.eu/project/id/101077555
cordis:101078300,cordis,2023,IE,European Commission,1499420,EUR,1499420.0,Stratified Therapeutic Assessment Platform for Short Telomere related Lung Fibrosis using Patient-Derived iPSC,fundamental_aging,age_related_disease,0.78,Idiopathic pulmonary fibrosis (IPF) is a lethal scarring lung disease often leading to death within 3 years of diagnosis.,https://cordis.europa.eu/project/id/101078300
cordis:101079123,cordis,2022,DE,European Commission,1446071.25,EUR,1446071.25,CONSOLIDATING THE EXPERTISE OF NECMETTIN ERBAKAN UNIVERSITY TOWARDS THE DEVELOPMENT OF BIOFIBERS FOR WOUND HEALING AND TISSUE REGENERATION,ambiguous,ambiguous,0.82,Biomaterials have gained much interest as a very important category of materials because of their wide application in medicine and benefit to patient such as increased longevity,https://cordis.europa.eu/project/id/101079123
cordis:101080329,cordis,2023,PT,European Commission,9377421.25,EUR,9377421.25,"DE-RISKING METABOLIC, ENVIRONMENTAL AND BEHAVIORAL DETERMINANTS OF OBESITY IN CHILDREN, ADOLESCENTS AND YOUNG ADULTS",ambiguous,ambiguous,0.8,PAS GRAS aims to prevent and reverse obesity and associated metabolic complications in four age groups,https://cordis.europa.eu/project/id/101080329
cordis:101080523,cordis,2023,EL,European Commission,5686450,EUR,5686450.0,Validation of novel immunotherapeutic targets against fibrosis in inflammatory bowel diseases,ambiguous,ambiguous,0.9,Validation of novel immunotherapeutic targets against fibrosis in inflammatory bowel diseases,https://cordis.europa.eu/project/id/101080523
cordis:101080718,cordis,2023,PT,European Commission,9998709.98,EUR,9998709.98,"Multi-Pillar Framework for children Anti-Obesity Behavior building on an EU biobank, Micro Moments and Mobile Recommendation Systems",ambiguous,ambiguous,0.8,Multi-Pillar Framework for children Anti-Obesity Behavior,https://cordis.europa.eu/project/id/101080718
cordis:101086997,cordis,2023,DE,European Commission,1997493.75,EUR,1997493.75,The Glucocorticoid Receptor in Aging and Circadian Endocrinology,intervention,intervention,0.85,"I hypothesize that the benefits of caloric restriction are due to higher glucocorticoid amplitudes, and that their study will uncover transcriptional features prolonging healthspan.",https://cordis.europa.eu/project/id/101086997
cordis:101087071,cordis,2023,PT,European Commission,4999693.75,EUR,4999693.75,Connected Hubs in Ageing: Healthy Living to Protect Cerebrovascular Function,age_related_disease,age_related_disease,0.85,Cerebrovascular diseases (CVD) represent a major public health burden in Europe... preventing CVD; improving health technology-based rehabilitation of stroke patients.,https://cordis.europa.eu/project/id/101087071
cordis:101087673,cordis,2023,DE,European Commission,2349755,EUR,2349755.0,Laminated Perovskite Photovoltaics: Enabling large area processing of durable and high efficiency perovskite semiconductor thin films.,ambiguous,ambiguous,0.9,Photovoltaic technologies are cornerstones of all future scenarios for sustainable energy supply.,https://cordis.europa.eu/project/id/101087673
cordis:101088824,cordis,2024,ES,European Commission,1999796,EUR,1999796.0,Molecular mechanisms through which oocytes evade ageing,fundamental_aging,fundamental_aging,0.96,Molecular mechanisms through which oocytes evade ageing,https://cordis.europa.eu/project/id/101088824
cordis:101088965,cordis,2023,DE,European Commission,2000000,EUR,2000000.0,Late life-applicable enhancement of longevity and fitness.,intervention,fundamental_aging,0.88,Aging represents gradual organismal decline driven by accumulation of cellular and molecular damages,https://cordis.europa.eu/project/id/101088965
cordis:101092242,cordis,2022,IE,European Commission,3218277,EUR,3218277.0,Development of a smart shape-memory sensor for biological pressure monitoring applications,age_related_disease,age_related_disease,0.86,Hypertension is the leading global contributor to premature death... high BP can lead to serious cardiovascular and cerebrovascular events.,https://cordis.europa.eu/project/id/101092242
cordis:101092243,cordis,2023,AT,European Commission,5083466,EUR,5083466.0,smart and multiFunctional 3D printable prO-Regenerative biologiCal matrix modulating mEchanotRansduction as advancEd theraPy to treAt skIn chRonic wounds,age_related_disease,age_related_disease,0.78,chronic wounds (CW) which fail to follow the typical healing process is a major medical socioeconomic challenge,https://cordis.europa.eu/project/id/101092243
cordis:101094391,cordis,2023,ES,European Commission,999235,EUR,999235.0,Building Gender Equality through gender budgeting for Institutional Transformation,ambiguous,ambiguous,0.95,Building Gender Equality through gender budgeting for Institutional Transformation,https://cordis.europa.eu/project/id/101094391
cordis:101094741,cordis,2023,FI,European Commission,2740550,EUR,2740550.0,Towards a Resilient Future of Europe,ambiguous,care,0.7,social inequalities in old age are very much a function of choices and events made at a younger age and across the life-span,https://cordis.europa.eu/project/id/101094741
cordis:101095433,cordis,2023,FR,European Commission,8689221.5,EUR,8689221.5,Early Interception of Inflammatory-mediated Type 2 Diabetes,age_related_disease,age_related_disease,0.95,Early Interception of Inflammatory-mediated Type 2 Diabetes,https://cordis.europa.eu/project/id/101095433
cordis:101098074,cordis,2024,IT,European Commission,2811871,EUR,2811871.0,CHARTING THE TOKEN OF TIME: YAP/TAZ TRANSCRIPTIONAL REGULATORS AT THE ROOTS OF AGING,fundamental_aging,fundamental_aging,0.98,A major challenge in aging research is to distinguish which age-related alterations play a driving role and their interconnections.,https://cordis.europa.eu/project/id/101098074
cordis:101099346,cordis,2023,AT,European Commission,4597578.75,EUR,4597578.75,3D Printing of Ultra-fideLity tissues using Space for anti-ageing solutions on Earth,ambiguous,fundamental_aging,0.72,use Space as an accelerator of ageing on Earth,https://cordis.europa.eu/project/id/101099346
cordis:101104028,cordis,2023,CZ,European Commission,4304714,EUR,4304714.0,SMART SENSORS AND SELF-HEALING FUNCTIONALITIES EMBEDDED FOR BATTERY LONGEVITY WITH MANUFACTURABILITY AND ECONOMICAL RECYCLABILITY,ambiguous,ambiguous,0.9,"develop and integrate embedded sensors and self-healing functionality in Li-ion batteries (LIB) to enhance their quality, reliability, and lifetime",https://cordis.europa.eu/project/id/101104028
cordis:101105541,cordis,2023,ES,European Commission,288859.2,EUR,288859.2,"MERGE- Media, religion, and gender: transnational digital media actions of progressive and conservative social movements",ambiguous,ambiguous,0.95,"MERGE- Media, religion, and gender: transnational digital media actions of progressive and conservative social movements",https://cordis.europa.eu/project/id/101105541
cordis:101105584,cordis,2024,IT,European Commission,188590.08,EUR,188590.08,Role of extracellular matrix as regulator of ageing through mechanosignaling,fundamental_aging,fundamental_aging,0.96,we hypothesize that the culprit of aging should be searched in ECM changes that drive the loss of mechanotransduction in stromal cells,https://cordis.europa.eu/project/id/101105584
cordis:101105645,cordis,2023,ES,European Commission,186332.93,EUR,186332.93,NUTRIclock: a tool based on microbiome and artificial intelligence for implementing precision nutrition.,ambiguous,intervention,0.78,The nutritional interventions have arisen as a potent instrument to influence aging mechanisms.,https://cordis.europa.eu/project/id/101105645
cordis:101105954,cordis,2024,PT,European Commission,199694.4,EUR,199694.4,Localize and Controlled co-delivery of AuNPs conjugated siRNA by Cationic Shear-thinning Gel Matrix for Treatment of Arthritis (DesiRTA),age_related_disease,age_related_disease,0.87,Arthritis is a common metabolic and immune associate disease that causes chronic pain and inflammation in a joint.,https://cordis.europa.eu/project/id/101105954
cordis:101106187,cordis,2023,IT,European Commission,265099.2,EUR,265099.2,"Tackling seismicity at Etna using Repeating sources, Relocations and Ambient noise monitoring",ambiguous,ambiguous,0.9,"Tackling seismicity at Etna using Repeating sources, Relocations and Ambient noise monitoring",https://cordis.europa.eu/project/id/101106187
cordis:101106272,cordis,2024,BE,European Commission,191760,EUR,191760.0,The gut and bias benefits - the investigation on urolithin metabotypes. Producer strains isolation and multiomic-based description of ellagitannin biotransformation.,age_related_disease,ambiguous,0.75,the transition from UM-A to other metabotypes is also connected to aging,https://cordis.europa.eu/project/id/101106272
cordis:101106503,cordis,2023,FR,European Commission,211754.88,EUR,211754.88,Bacterial Methionine Oxidation Repair and Aging,fundamental_aging,fundamental_aging,0.96,Identifying the causal molecular processes of aging is a long-standing quest in biology. Oxidative stress is a conserved hallmark of senescence,https://cordis.europa.eu/project/id/101106503
cordis:101106772,cordis,2023,NL,European Commission,203464.32,EUR,203464.32,Characterization of protective anti-pneumococcal B cell immunity after immunization.,ambiguous,ambiguous,0.75,Pneumococcal pneumonia is one of the leading causes of death in children and the elderly worldwide.,https://cordis.europa.eu/project/id/101106772
cordis:101107625,cordis,2024,PL,European Commission,155793.6,EUR,155793.6,Study on the influence of nitroxyl (HNO) and nitric oxide (NO) bioactivity on potato defense against pathogens: on the lookout for improving the global food supply.,fundamental_aging,ambiguous,0.9,Study on the influence of nitroxyl (HNO) and nitric oxide (NO) bioactivity on potato defense against pathogens,https://cordis.europa.eu/project/id/101107625
cordis:101108082,cordis,2023,NL,European Commission,218143.39,EUR,218143.39,Modulation of complex lipids to promote healthy aging,fundamental_aging,fundamental_aging,0.93,"the main goal of LipidAge is to unravel the role of complex lipids, specifically BMPs in the development of aging",https://cordis.europa.eu/project/id/101108082
cordis:101108096,cordis,2023,FI,European Commission,199694.4,EUR,199694.4,ModeRN Approach to ocular disease treatment - Smart lipid-based nanoparticle systems for the delivery of mRNA to the ocular tissues,ambiguous,age_related_disease,0.85,"treatment of ocular diseases (e.g. various retinal degenerations, uveitis)",https://cordis.europa.eu/project/id/101108096
cordis:101108189,cordis,2023,UK,European Commission,215534.4,EUR,215534.4,"Ye wha’? Class, Gender, Race and Age: Fixing Diversity in Text-to-Speech Accessibility Readers",ambiguous,ambiguous,0.9,"researching normative digital voice and developing alternatives... narrow representation in terms of gender, race, age, class, and regional accent",https://cordis.europa.eu/project/id/101108189
cordis:101109383,cordis,2023,ES,European Commission,165312.96,EUR,165312.96,Antimicrobial nano-coatings for hospital textiles to prevent the spread of healthcare associated infections,ambiguous,ambiguous,0.85,Antimicrobial nano-coatings for hospital textiles to prevent the spread of healthcare associated infections,https://cordis.europa.eu/project/id/101109383
cordis:101109553,cordis,2024,US,European Commission,289407.84,EUR,289407.84,On Rosalyn Tureck’s Legacy for Bach Performance in the 21st century,ambiguous,ambiguous,0.95,On Rosalyn Tureck’s Legacy for Bach Performance in the 21st century,https://cordis.europa.eu/project/id/101109553
cordis:101109583,cordis,2023,IT,European Commission,188590.08,EUR,188590.08,Symbiotic Culture of Bacteria and Yeast Ecosystems for the development of Probiotic Extracellular Vesicles,ambiguous,ambiguous,0.86,Fermented foods are used for many centuries all over the world for their contribution to longevity and digestive health.,https://cordis.europa.eu/project/id/101109583
cordis:101110735,cordis,2024,ES,European Commission,181152.96,EUR,181152.96,New late-stage functionalization reagents for the construction of chiral centers to impact drug discoveryhis her,ambiguous,ambiguous,0.95,develop a new methodology for the construction of chiral centers in drug molecules,https://cordis.europa.eu/project/id/101110735
cordis:101110795,cordis,2023,DE,European Commission,189687.36,EUR,189687.36,Modifying Enzyme with Solid-Binding Peptide for Site-specific and Reversible Enzyme Immobilization,ambiguous,ambiguous,0.9,Modifying Enzyme with Solid-Binding Peptide for Site-specific and Reversible Enzyme Immobilization,https://cordis.europa.eu/project/id/101110795
cordis:101111254,cordis,2023,IE,European Commission,278571.36,EUR,278571.36,Investigation of Cerebral Autosomal Dominant Arteriopathy with Sub-cortical Infarcts and Leukoencephalopathy (CADASIL) using induced pluripotent stem cell modelling and targeted therapeutic research,age_related_disease,age_related_disease,0.92,"CADASIL, a rare disease of the small blood vessels, is caused by mutations in NOTCH3 and can cause cognitive decline leading to dementia.",https://cordis.europa.eu/project/id/101111254
cordis:101112723,cordis,2023,IT,European Commission,6612911,EUR,6612911.0,Achieving Remediation And GOverning Restoration of contaminated soils Now,ambiguous,ambiguous,0.95,Soil contamination is a severe hazard to humans and the environment.,https://cordis.europa.eu/project/id/101112723
cordis:101113154,cordis,2023,FR,European Commission,150000,EUR,150000.0,Senolytics repurposing in childhood refractory epilepsies,intervention,ambiguous,0.75,selective elimination of mutated cells by repurposing available molecules,https://cordis.europa.eu/project/id/101113154
cordis:101113229,cordis,2023,IT,European Commission,150000,EUR,150000.0,Targeting telomeric DNA damage response as a new strategy to fight immunosenescence and improve vaccine response,fundamental_aging,intervention,0.74,Targeting telomeric DNA damage response as a new strategy to fight immunosenescence and improve vaccine response,https://cordis.europa.eu/project/id/101113229
cordis:101113532,cordis,2023,DK,European Commission,150000,EUR,150000.0,Laboratory-based Imaging of Microstructure in Polymers,ambiguous,ambiguous,0.95,Polymers are increasingly used as a lightweight and more sustainable alternative to traditional materials like steel.,https://cordis.europa.eu/project/id/101113532
cordis:101113663,cordis,2023,IL,European Commission,75000,EUR,75000.0,Novel drug for dry age related macular degeneration,fundamental_aging,age_related_disease,0.9,"developing a novel drug for treating dry age-related macular degeneration (AMD), a leading cause of vision loss",https://cordis.europa.eu/project/id/101113663
cordis:101113870,cordis,2023,ES,European Commission,75000,EUR,75000.0,"ECONOMIC, LEGAL AND IP FEASIBILITY STUDIES OF EXHEUS VITAL TEST",ambiguous,age_related_disease,0.6,personalized treatment plans and recommendations to people suffering from obesity to effectively achieve weight management goals,https://cordis.europa.eu/project/id/101113870
cordis:101115115,cordis,2023,DE,European Commission,3999857,EUR,3999857.0,Interoperable end-to-end platform of scalable and sustainable high-throughput technologies for DNA-based digital data storage,ambiguous,ambiguous,0.93,"conventional storage media do not offer adequate longevity, data density or cost efficiency characteristics",https://cordis.europa.eu/project/id/101115115
cordis:101115159,cordis,2023,NL,European Commission,4006599.85,EUR,4006599.85,B-specific: B-cell related gene and protein markers with prognostic and therapeutic value for CVD,age_related_disease,age_related_disease,0.88,B-specific: B-cell related gene and protein markers with prognostic and therapeutic value for CVD,https://cordis.europa.eu/project/id/101115159
cordis:101115751,cordis,2024,NL,European Commission,1499748,EUR,1499748.0,Unravelling and predicting degradation of canvas paintings: a multiscale and multiphysics framework,ambiguous,ambiguous,0.35,Predicting the degradation of canvas paintings is not only one of the grand challenges in the field of art conservation but also a major scientific problem.,https://cordis.europa.eu/project/id/101115751
cordis:101116205,cordis,2024,EE,European Commission,1499250,EUR,1499250.0,Deciphering stringent response proteins and toxin-antitoxin systems in the arms race between bacteria and phages,ambiguous,ambiguous,0.85,Deciphering stringent response proteins and toxin-antitoxin systems in the arms race between bacteria and phages,https://cordis.europa.eu/project/id/101116205
cordis:101116766,cordis,2024,DE,European Commission,1600683,EUR,1600683.0,Engineered symbionts elucidate gut T cell memory and its (dys)regulation,ambiguous,ambiguous,0.95,A detailed understanding of intestinal T cell memory is crucial for novel treatments against inflammatory bowel disease,https://cordis.europa.eu/project/id/101116766
cordis:101116792,cordis,2024,IL,European Commission,1728750,EUR,1728750.0,Understanding and targeting cancer persister cells,fundamental_aging,age_related_disease,0.93,Understanding and targeting cancer persister cells,https://cordis.europa.eu/project/id/101116792
cordis:101117001,cordis,2024,FR,European Commission,2013578,EUR,2013578.0,Will leaf phenology keep pace with climate warming?,fundamental_aging,ambiguous,0.95,"Leaf phenology, the study of the seasonal timing and drivers of budburst, leaf unfolding, maturation and senescence",https://cordis.europa.eu/project/id/101117001
cordis:101117421,cordis,2024,DE,European Commission,1488750,EUR,1488750.0,Propagation of cellular memory through dormancy,age_related_disease,ambiguous,0.67,how the cell propagates transcriptional memory and cellular identity through dormancy,https://cordis.europa.eu/project/id/101117421
cordis:101117470,cordis,2024,ES,European Commission,1499500,EUR,1499500.0,Studying the metabolism and function of myeloid dendritic cells and neutrophils in distinct tissues in health and aging,fundamental_aging,fundamental_aging,0.92,their aberrant activities in the elderly can cause immunosenecence and inflammaging,https://cordis.europa.eu/project/id/101117470
cordis:101117644,cordis,2024,FI,European Commission,1500000,EUR,1500000.0,Cell size as driver of stem cell aging and cancer,fundamental_aging,fundamental_aging,0.95,A main contributor to this decline is the loss of stem cell function during aging.,https://cordis.europa.eu/project/id/101117644
cordis:101118919,cordis,2024,DE,European Commission,11882510,EUR,11882510.0,Learning from Bats: New Strategies to Extend Healthspan and Improve Disease Resistance,ambiguous,fundamental_aging,0.92,elucidate the molecular mechanisms that bats use to slow down expected ageing,https://cordis.europa.eu/project/id/101118919
cordis:101119427,cordis,2024,AT,European Commission,2526933.6,EUR,2526933.6,Innovative ligands for nuclear receptors to eradicate cancer relapse.,age_related_disease,age_related_disease,0.96,developing new therapies against cancer stem cell-driven relapse and metastasis,https://cordis.europa.eu/project/id/101119427
cordis:101123166,cordis,2024,NL,European Commission,150000,EUR,150000.0,Tuning Immune T cells for cancer therapy,age_related_disease,age_related_disease,0.95,Adoptive cell therapy (ACT) recently became an important treatment modality for cancer,https://cordis.europa.eu/project/id/101123166
cordis:101124380,cordis,2025,DE,European Commission,2289954,EUR,2289954.0,Synthetic Life from the bottom up,ambiguous,ambiguous,0.85,SynLife aims to synthesize life from man-made molecules following NASAs definition,https://cordis.europa.eu/project/id/101124380
cordis:101124651,cordis,2025,NL,European Commission,1999764,EUR,1999764.0,The Pursuit of Wellness in Southeast Asia: New Encounters and Inequalities in an Emerging Industry,ambiguous,ambiguous,0.85,WELL-ASIA studies the commercialization of wellbeing as ‘wellness’ in twenty-first century Southeast Asia,https://cordis.europa.eu/project/id/101124651
cordis:101125034,cordis,2025,DE,European Commission,1999970,EUR,1999970.0,The role of nuclear architectural RNAs in the long-term maintenance of the neural epigenome,ambiguous,fundamental_aging,0.85,key biological links between epigenetic dysregulation and age-related pathological development,https://cordis.europa.eu/project/id/101125034
cordis:101126073,cordis,2024,PT,European Commission,1998843,EUR,1998843.0,"The Interplay of Aging, Immune Signaling and Stem Cell Function",fundamental_aging,fundamental_aging,0.95,changes in immune signaling are important drivers of MuSC dysfunction and regenerative decline in aging,https://cordis.europa.eu/project/id/101126073
cordis:101126272,cordis,2024,FR,European Commission,1997935,EUR,1997935.0,Integrated AI-Driven Systems For Kidney Transplant Precision Medicine (AI-Care),ambiguous,ambiguous,0.7,Integrated AI-Driven Systems For Kidney Transplant Precision Medicine (AI-Care),https://cordis.europa.eu/project/id/101126272
cordis:101130454,cordis,2023,DE,European Commission,2433300,EUR,2433300.0,ISOS-Implantable Ecosystems of Genetically Modified Bacteria for the Personalized Treatment of Patients with Chronic Diseases,age_related_disease,age_related_disease,0.9,therapy of the wet form of age-related macular degeneration (wAMD),https://cordis.europa.eu/project/id/101130454
cordis:101130650,cordis,2024,ES,European Commission,3457905,EUR,3457905.0,MagnetoElectric and Ultrasonic Technology for Advanced BRAIN modulation,age_related_disease,ambiguous,0.8,"The pathological alterations of neurological function (e.g., stroke, trauma, neurodegeneration, epilepsy, neuropsychiatric diseases, chronic pain)",https://cordis.europa.eu/project/id/101130650
cordis:101130883,cordis,2024,ES,European Commission,2999840,EUR,2999840.0,LUMINESCENT IMPLANTS AS PORTS FOR LIGHT-BASED THERAPIES,ambiguous,ambiguous,0.7,"This unmet need is exemplified in (1) neuropathic pain ... and in (2) epilepsy, a disease characterized by seizures",https://cordis.europa.eu/project/id/101130883
cordis:101130985,cordis,2023,DE,European Commission,276000,EUR,276000.0,Human ECM-based platform for anti-cancer drug testing - CARES (CAncer dRug tESting),age_related_disease,age_related_disease,0.95,Human ECM-based platform for anti-cancer drug testing,https://cordis.europa.eu/project/id/101130985
cordis:101131346,cordis,2024,AT,European Commission,1297200,EUR,1297200.0,Green chemistry and biotechnology approaches for the development of nature-based cosmetics,ambiguous,ambiguous,0.85,"bioactivity related to skin cosmetic properties (antioxidant, anti-hyperpigmentation, anti-ageing, anti-inflammatory",https://cordis.europa.eu/project/id/101131346
cordis:101131632,cordis,2024,EG,European Commission,2176793.25,EUR,2176793.25,TOWARDS A BRIGHTER FUTURE FOR THE MEDITERRANEAN WITH A RENEWED PRIMA PARTNERSHIP,ambiguous,ambiguous,0.9,sustainable agri-food systems and water management in the Mediterranean,https://cordis.europa.eu/project/id/101131632
cordis:101132405,cordis,2024,HU,European Commission,5531961.25,EUR,5531961.25,RESPOND- Rescuing Democracy from Political Corruption in Digital Societies,ambiguous,ambiguous,0.9,RESPOND proposes a novel interdisciplinary assessment of political corruption,https://cordis.europa.eu/project/id/101132405
cordis:101135567,cordis,2024,FR,European Commission,7082804.76,EUR,7082804.76,"Sustainable, Reliable, and Efficient Floating PV Power Plants",ambiguous,ambiguous,0.9,"FPV must prove its sustainability, by demonstrating low impact on biodiversity and satisfy end-of-life requirements, its longevity and reliability",https://cordis.europa.eu/project/id/101135567
cordis:101135577,cordis,2024,SI,European Commission,8998396.14,EUR,8998396.14,Common European Data Spaces and Robust AI for Transparent Public Governance,ambiguous,ambiguous,0.9,Common European Data Spaces and Robust AI for Transparent Public Governance,https://cordis.europa.eu/project/id/101135577
cordis:101136094,cordis,2023,FR,European Commission,5247990.98,EUR,5247990.98,Sustainable Photovoltaics Integration in buildings and Infrastructure for multiple applications,ambiguous,ambiguous,0.95,Sustainable Photovoltaics Integration in buildings and Infrastructure for multiple applications,https://cordis.europa.eu/project/id/101136094
cordis:101136281,cordis,2023,IN,European Commission,7952496.25,EUR,7952496.25,PROTECTION FROM VIRUSES WITH EPIDEMIC AND PANDEMIC DISEASE OUTBREAK POTENTIAL THROUGH DEVELOPMENT AND CLINICAL TESTING OF A NOVEL CAPSID VIRUS LIKE PARTICLE (CVLP) VACCINE,ambiguous,ambiguous,0.95,develop a vaccine candidate portfolio and perform a clinical proof-of-concept study,https://cordis.europa.eu/project/id/101136281
cordis:101136607,cordis,2024,CZ,European Commission,14999782.5,EUR,14999782.5,Center for Artificial Intelligence and Quantum Computing in System Brain Research,age_related_disease,age_related_disease,0.95,"push the frontier of neurodegeneration research, particularly Alzheimer´s disease",https://cordis.europa.eu/project/id/101136607
cordis:101137185,cordis,2024,FR,European Commission,8972900,EUR,8972900.0,Sustainable COVID-19 Vaccination for Long-term Vaccine Immunity and Effectiveness,ambiguous,ambiguous,0.88,Sustainable COVID-19 Vaccination for Long-term Vaccine Immunity and Effectiveness,https://cordis.europa.eu/project/id/101137185
cordis:101138397,cordis,2024,DE,European Commission,5142175,EUR,5142175.0,Computational Multi-Models Enabled Design of Safe & Sustainable Multi-Component High-Entropy Coatings,ambiguous,ambiguous,0.95,Computational Multi-Models Enabled Design of Safe & Sustainable Multi-Component High-Entropy Coatings,https://cordis.europa.eu/project/id/101138397
cordis:101138549,cordis,2023,DE,European Commission,150000,EUR,150000.0,Targeting kidney fibrosis by a novel myofibroblast specific small molecule inhibitor,age_related_disease,age_related_disease,0.83,"Fibrosis is recognized as a key pathological mechanism in CKD, responsible for slowly destroying the tissue architecture of the kidney.",https://cordis.europa.eu/project/id/101138549
cordis:101138730,cordis,2024,CY,European Commission,4157410.26,EUR,4157410.26,ECOSHIPYARD,ambiguous,ambiguous,0.95,promoting sustainable shipbuilding practices and material circularity,https://cordis.europa.eu/project/id/101138730
cordis:101139772,cordis,2024,DE,European Commission,2498719,EUR,2498719.0,Preventing Bone Loss by Targeting Endothelial Cell-Tissue Crosstalk,age_related_disease,age_related_disease,0.86,"During healthy aging but also in osteoporosis, a disease that affects more than 22% of European women beyond the age of 50, loss of mineralized bone is caused by a disbalance",https://cordis.europa.eu/project/id/101139772
cordis:101140447,cordis,2025,DE,European Commission,2499799,EUR,2499799.0,(Re-)Writing the Ubiquitin Code – Manipulating Polyubiquitin Chain Linkage to Investigate Ubiquitin Signalling in Genome Maintenance and Beyond,fundamental_aging,ambiguous,0.6,major genome maintenance pathways with prominent roles in the defence against disorders such as cancer and premature ageing,https://cordis.europa.eu/project/id/101140447
cordis:101140666,cordis,2025,FR,European Commission,2500000,EUR,2500000.0,Harnessing RARA signalling for curative AML therapies,fundamental_aging,age_related_disease,0.96,Harnessing RARA signalling for curative AML therapies,https://cordis.europa.eu/project/id/101140666
cordis:101141579,cordis,2025,DE,European Commission,2500000,EUR,2500000.0,Cellular Strategies of Protein Quality Control-Degradation,age_related_disease,fundamental_aging,0.92,"Maintaining the quality of all proteins in an organism is fundamental to life since it ensures tissue function, organismal health, and longevity.",https://cordis.europa.eu/project/id/101141579
cordis:101141644,cordis,2024,FR,European Commission,2795438,EUR,2795438.0,"Multiscale mechanobiological synergies  in vascular homeostasis, ageing and rejuvenation",ambiguous,fundamental_aging,0.82,combatting the mechanobiological effects of vascular ageing,https://cordis.europa.eu/project/id/101141644
cordis:101145362,cordis,2024,FR,European Commission,2499999,EUR,2499999.0,A breakthrough active immunotherapy for the treatment of osteoarthritis,age_related_disease,age_related_disease,0.9,A breakthrough active immunotherapy for the treatment of osteoarthritis,https://cordis.europa.eu/project/id/101145362
cordis:101146746,cordis,2025,ES,European Commission,181152.96,EUR,181152.96,Restoring DNASEs antiviral potential,ambiguous,ambiguous,0.82,"life quality improvement, especially for an ageing population",https://cordis.europa.eu/project/id/101146746
cordis:101146953,cordis,2025,ES,European Commission,165312.96,EUR,165312.96,Molecular gated Eco-MOFs for anti-cancer drug delivery,age_related_disease,age_related_disease,0.96,GateMOF will develop low-toxicity Molecular Organic Frameworks (MOFs) as advanced nanosystems to tackle cancer.,https://cordis.europa.eu/project/id/101146953
cordis:101147319,cordis,2024,FR,European Commission,37995202.5,EUR,37995202.5,EBRAINS 2.0: A Research Infrastructure to Advance Neuroscience and Brain Health,ambiguous,ambiguous,0.6,EBRAINS 2.0: A Research Infrastructure to Advance Neuroscience and Brain Health,https://cordis.europa.eu/project/id/101147319
cordis:101147327,cordis,2024,IT,European Commission,172750.08,EUR,172750.08,New energy harvesting technology for prolonging batteries life of implantable electronic devices.,age_related_disease,ambiguous,0.6,NEW-TECH is devoted to creating a new energy harvest (EH) device based on porous piezoelectric polymeric Polyvinylidene fluoride film,https://cordis.europa.eu/project/id/101147327
cordis:101149745,cordis,2025,IT,European Commission,172750.08,EUR,172750.08,Dual Stimuli-Responsive Nanoparticles to Achieve Brain Multi-drugs Delivery Improving the Treatment of Neurodegenerative Disorders,ambiguous,age_related_disease,0.94,Dual Stimuli-Responsive Nanoparticles to Achieve Brain Multi-drugs Delivery Improving the Treatment of Neurodegenerative Disorders,https://cordis.europa.eu/project/id/101149745
cordis:101150646,cordis,2024,DE,European Commission,173847.36,EUR,173847.36,"Development of sociality and social relationships and maintenance of social structure over generations in the closest evolutionary relatives of humans, the great apes",ambiguous,ambiguous,0.85,"Development of sociality and social relationships and maintenance of social structure over generations in the closest evolutionary relatives of humans, the great apes",https://cordis.europa.eu/project/id/101150646
cordis:101150924,cordis,2024,DE,European Commission,189687.36,EUR,189687.36,Mechanistic understanding towards how progerin contributes to premature ageing,fundamental_aging,fundamental_aging,0.92,Mechanistic understanding towards how progerin contributes to premature ageing,https://cordis.europa.eu/project/id/101150924
cordis:101152322,cordis,2025,DE,European Commission,189687.36,EUR,189687.36,Eco-friendly smart multifunctional composite coatings for long-lasting corrosion protection of magnesium and its alloys,ambiguous,ambiguous,0.95,"develop durable, multifunctional multilayer composite (MMC) coatings to provide long-term corrosion protection to Mg-based materials",https://cordis.europa.eu/project/id/101152322
cordis:101152646,cordis,2024,CY,European Commission,164328,EUR,164328.0,TumoR microEnvIronment Normalization FOR enhanCed photodynamic thErapy,age_related_disease,age_related_disease,0.95,The progression of cancer is closely associated with alterations in the mechano-cellular phenotype,https://cordis.europa.eu/project/id/101152646
cordis:101153004,cordis,2024,SE,European Commission,222727.68,EUR,222727.68,Investigating the regulation of the senescence-associated secretory phenotype (SASP) by mitochondrial DNA (mtDNA) metabolism for the development of novel senotherapies.,fundamental_aging,fundamental_aging,0.95,Investigating the regulation of the senescence-associated secretory phenotype (SASP) by mitochondrial DNA (mtDNA) metabolism for the development of novel senotherapies.,https://cordis.europa.eu/project/id/101153004
cordis:101154600,cordis,2024,FR,European Commission,229283.55,EUR,229283.55,Controlling autophagy in the intestine to rejuvenate.,ambiguous,fundamental_aging,0.82,I aim to determine the interdependency between autophagy and aging,https://cordis.europa.eu/project/id/101154600
cordis:101154995,cordis,2024,FR,European Commission,332506.56,EUR,332506.56,CrowdControl: Identifying the mechanism underlying intracellular density homeostasis.,fundamental_aging,ambiguous,0.75,"varies during important physiological transitions such as cell division, differentiation, and senescence",https://cordis.europa.eu/project/id/101154995
cordis:101157514,cordis,2024,IL,European Commission,150000,EUR,150000.0,Flow Controlled Prosthetic Heart Valves,ambiguous,age_related_disease,0.86,valvular heart-disease patients,https://cordis.europa.eu/project/id/101157514
cordis:101159018,cordis,2024,HR,European Commission,1217125,EUR,1217125.0,Synergy for Healthy Longevity,ambiguous,ambiguous,0.72,"glycans (complex oligosaccharides) have the highest biomarker potential since they integrate genetic, epigenetic and lifestyle factors",https://cordis.europa.eu/project/id/101159018
cordis:101159364,cordis,2024,IT,European Commission,2498750,EUR,2498750.0,Anticounterfeiting solution based on integrated circuits implementing high-entropy physical unclonable functions,ambiguous,ambiguous,0.75,Anticounterfeiting solution based on integrated circuits implementing high-entropy physical unclonable functions,https://cordis.europa.eu/project/id/101159364
cordis:101159690,cordis,2024,NL,European Commission,1601268.75,EUR,1601268.75,"TWINNING FOR EXCELLENCE IN RESEARCH, TRAINING AND INNOVATION IN EARLY-IN-LIFE STRESS AND AGING",ambiguous,fundamental_aging,0.96,A central aspect in aging concerns the extent to which early-in-life events can determine the aging process.,https://cordis.europa.eu/project/id/101159690
cordis:101159920,cordis,2024,EE,European Commission,1497287.81,EUR,1497287.81,Building Excellence in Systems Immunology and Healthy Aging Research,fundamental_aging,fundamental_aging,0.9,research on age-related decline in immune function to address the societal challenge of age-related diseases and immunosenescence,https://cordis.europa.eu/project/id/101159920
cordis:101160061,cordis,2024,AT,European Commission,1499101.38,EUR,1499101.38,TWINNING FOR EXCELLENCE TO ADVANCE RESEARCH IN THE ACTIVATION OF ANTI-TUMOR IMMUNE RESPONSE AFTER ELECTROCHEMOTHERAPY COMBINED WITH GENE ELETROTRANSFER OF pDNA ENCODING ICIs,age_related_disease,age_related_disease,0.85,"The scientific aim of the ZAP cancer project is to determine how a local ablative technique, electrochemotherapy with BLM, CDDP or OXA induced immunogenic cell death (ICD)",https://cordis.europa.eu/project/id/101160061
cordis:101162611,cordis,2024,SI,European Commission,299586.53,EUR,299586.53,(EN): FAKE NEWS AND CONSPIRACY THEORIES? LET’S EMPOWER (OURSELVES FOR) SCIENCE! (SI:)LAŽNE NOVICE IN TEORIJE ZAROTE? OPOLNOMOČIMO (SE ZA) ZNANOST!,ambiguous,ambiguous,0.95,FAKE NEWS AND CONSPIRACY THEORIES? LET’S EMPOWER (OURSELVES FOR) SCIENCE!,https://cordis.europa.eu/project/id/101162611
cordis:101163320,cordis,2024,FR,European Commission,2499999,EUR,2499999.0,The Most Efficient Space Propulsion Ever Put in Space,ambiguous,ambiguous,0.9,ION-X's ambition is to craft the most efficient propulsion system for orbital assets.,https://cordis.europa.eu/project/id/101163320
cordis:101163448,cordis,2025,ES,European Commission,1496867.5,EUR,1496867.5,ChECMating cellular senescence by modulating the surrounding matrisome,fundamental_aging,fundamental_aging,0.96,"One of the pivotal aspects of aging involves the accumulation of damaged cells, known as senescent cells, in organs.",https://cordis.europa.eu/project/id/101163448
cordis:101163805,cordis,2025,DE,European Commission,1499975,EUR,1499975.0,Harnessing senescence to improve cell-based therapies against cancer,fundamental_aging,age_related_disease,0.85,exploit the specific features of senescent cells in the cancer microenvironment to improve therapeutic outcome in solid tumors,https://cordis.europa.eu/project/id/101163805
cordis:101165518,cordis,2024,DE,European Commission,1499574,EUR,1499574.0,"What Matters for a Good Life?  A Novel Approach to Essential Preferences, Skills, and Personal Attributes",ambiguous,ambiguous,0.72,"policy-relevant life outcomes (longevity, health, family structure)",https://cordis.europa.eu/project/id/101165518
cordis:101166335,cordis,2024,ZA,European Commission,3207732.75,EUR,3207732.75,Research on Materials Ageing and Structural Integrity of Research Reactors,ambiguous,ambiguous,0.75,Research on Materials Ageing and Structural Integrity of Research Reactors,https://cordis.europa.eu/project/id/101166335
cordis:101167421,cordis,2025,US,European Commission,3423240,EUR,3423240.0,UnderstandiNg fraIlty tOwards a future of healthy ageiNg,fundamental_aging,age_related_disease,0.78,"advancing the current understanding of frailty, and providing innovative solutions on how healthy ageing can be achieved",https://cordis.europa.eu/project/id/101167421
cordis:101168776,cordis,2025,DE,European Commission,3806618.4,EUR,3806618.4,Photo-switchable ultra-thin membranes for molecular separation,ambiguous,ambiguous,0.75,take separation performance and longevity to a new level,https://cordis.europa.eu/project/id/101168776
cordis:101171011,cordis,2025,UK,European Commission,1998825,EUR,1998825.0,"Feeding the Roman Army, Making the Empire",ambiguous,ambiguous,0.85,The Empire’s expansion and longevity relied on the capability to maintain large armies and provincial garrisons for long periods.,https://cordis.europa.eu/project/id/101171011
cordis:101171183,cordis,2025,AT,European Commission,1999809,EUR,1999809.0,Health-monitoring with AI-enabled smartphone-based imaging of the eye,ambiguous,ambiguous,0.6,provide a proof-of-concept in retinal disease monitoring,https://cordis.europa.eu/project/id/101171183
cordis:101173001,cordis,2024,DK,European Commission,8007322.5,EUR,8007322.5,Elevating the Future of Cancer care with Alpha Theranostics,age_related_disease,age_related_disease,0.95,Elevating the Future of Cancer care with Alpha Theranostics,https://cordis.europa.eu/project/id/101173001
cordis:101176529,cordis,2025,EL,European Commission,2500000,EUR,2500000.0,RACE: ERA Chair Initiative for Establishing a Research and Innovation Program of Excellence on Ageing and Longevity at UoC,ambiguous,fundamental_aging,0.78,Establishing a Research and Innovation Program of Excellence on Ageing and Longevity at UoC,https://cordis.europa.eu/project/id/101176529
cordis:101177225,cordis,2025,NL,European Commission,2999283.28,EUR,2999283.28,"The Social Isolation and Loneliness in Europe Network: Evidence-Based Policy Recommendations on its Causes, Consequences, and Monitoring",ambiguous,ambiguous,0.85,The LONELY-EU project tackles the pressing societal issue of Social Isolation and Loneliness (SIL) across the EU,https://cordis.europa.eu/project/id/101177225
cordis:101181021,cordis,2024,NO,European Commission,6861253.27,EUR,6861253.27,"Empowering climate-smart, circular, and zero-waste use of underutilized wood from the forest and building stock in the construction sector to support the New European Bauhaus",ambiguous,ambiguous,0.95,"Empowering climate-smart, circular, and zero-waste use of underutilized wood from the forest and building stock in the construction sector",https://cordis.europa.eu/project/id/101181021
cordis:101181746,cordis,2025,PL,European Commission,4999555,EUR,4999555.0,4Sir2 Smoothy: Building a Healthy Drink Ecosystem to Prevent Childhood Obesity,ambiguous,ambiguous,0.75,aimed at preventing child obesity and will establish sustainable processes,https://cordis.europa.eu/project/id/101181746
cordis:101182796,cordis,2025,DE,European Commission,1393800,EUR,1393800.0,Design of novel post-harvest technologies with low carbon footprint based on the discovery of active biomolecules,fundamental_aging,ambiguous,0.9,post-harvest storage of fruit and vegetables,https://cordis.europa.eu/project/id/101182796
cordis:101186975,cordis,2025,SI,European Commission,2497500,EUR,2497500.0,Metabolomics in food and nutrition,ambiguous,ambiguous,0.85,Metabolomics in food and nutrition,https://cordis.europa.eu/project/id/101186975
cordis:101188053,cordis,2025,NL,European Commission,150000,EUR,150000.0,DNA Encryption of Compartmentalized DNA Files,ambiguous,ambiguous,0.95,"DNA data storage has several advantages compared to magnetic or optical data storage, such as extremely high data densities, high stability, and limited energy needs.",https://cordis.europa.eu/project/id/101188053
cordis:101189340,cordis,2024,IT,European Commission,150000,EUR,150000.0,Enzyme-Linked DNA Displacement (ELIDIS) Assay as an innovative immunoassay platform,ambiguous,ambiguous,0.95,Enzyme-Linked DNA Displacement (ELIDIS) Assay as an innovative immunoassay platform,https://cordis.europa.eu/project/id/101189340
cordis:101194735,cordis,2025,DE,European Commission,2329503.75,EUR,2329503.75,Virus related biomarkers to improve management of chronic conditions,ambiguous,ambiguous,0.6,"define virus related biomarkers to improve management of chronic diseases, including biomarkers of response to antiviral treatment of persistent viral infections",https://cordis.europa.eu/project/id/101194735
cordis:101198688,cordis,2025,ES,European Commission,2495995,EUR,2495995.0,Age-associated antigens in atherosclerosis immunity and immunotherapy,age_related_disease,age_related_disease,0.88,"Cardiovascular disease remains the leading cause of mortality worldwide, with atherosclerosis (AT) as the primary underlying factor.",https://cordis.europa.eu/project/id/101198688
cordis:101201772,cordis,2025,UK,European Commission,2499998,EUR,2499998.0,charting Immunological Maps of Populations Across Complex disease and lifetime Trajectories,ambiguous,fundamental_aging,0.78,deterioration of immune functions during the human life-course,https://cordis.europa.eu/project/id/101201772
cordis:101202017,cordis,2025,JP,European Commission,209914.56,EUR,209914.56,Advancing Space Debris Protection with Fiber-Metal Laminates (FML),ambiguous,ambiguous,0.92,improve spacecraft protection against hypervelocity impacts (HVI),https://cordis.europa.eu/project/id/101202017
cordis:101203962,cordis,2025,UK,European Commission,276187.92,EUR,276187.92,Fatigue failure mechanism of marine concrete structures using multi-scale numerical modelling (FAMCON),ambiguous,ambiguous,0.95,Fatigue failure mechanism of marine concrete structures using multi-scale numerical modelling (FAMCON),https://cordis.europa.eu/project/id/101203962
cordis:101204157,cordis,2025,IE,European Commission,252728.64,EUR,252728.64,Unaccompanied Children’s Access to Healthcare (1945-1950),ambiguous,ambiguous,0.2,Unaccompanied Children’s Access to Healthcare (1945-1950),https://cordis.europa.eu/project/id/101204157
cordis:101204577,cordis,2025,UK,European Commission,276187.92,EUR,276187.92,Transforming Concrete Resilience: Investigating High-Temperature Effects on Self-Healing Properties,ambiguous,ambiguous,0.9,TRaaSH aims to study the response of Self-Healing Concrete (SHC) at elevated temperatures,https://cordis.europa.eu/project/id/101204577
cordis:101206838,cordis,2025,FR,European Commission,252180,EUR,252180.0,A complex system approach to metrics of aging for identifying personalised interventions,fundamental_aging,fundamental_aging,0.9,develop innovative methodologies for longitudinal aging metrics and the identification of personalised preventive interventions aimed at extending the healthspan,https://cordis.europa.eu/project/id/101206838
cordis:101208545,cordis,2025,ES,European Commission,194074.56,EUR,194074.56,Long live the oocyte: studying protein lifespan in oocyte health,ambiguous,fundamental_aging,0.8,"oocytes have low protein turnover rates, suggesting they retain many extremely long-lived proteins (ELLPs)",https://cordis.europa.eu/project/id/101208545
cordis:101208555,cordis,2025,US,European Commission,454103.4,EUR,454103.4,Combinatorial use of cannabidiol and the serine hydrolase inhibitor AKU-005 to enhance endocannabinoids for treatment of migraine,ambiguous,ambiguous,0.7,Migraine is a common multifaceted neurovascular disease.,https://cordis.europa.eu/project/id/101208555
cordis:101213113,cordis,2025,IL,European Commission,150000,EUR,150000.0,Dual-Layer Coatings for Iron and Steel Corrosion Protection,ambiguous,ambiguous,0.9,Dual-Layer Coatings for Iron and Steel Corrosion Protection,https://cordis.europa.eu/project/id/101213113
cordis:101213120,cordis,2025,NL,European Commission,150000,EUR,150000.0,Using senolytic agents to suppress the toxicity of chemotherapy,fundamental_aging,fundamental_aging,0.65,senescent cells induced by chemotherapy in non-cancerous tissues play a major part in these toxicities,https://cordis.europa.eu/project/id/101213120
cordis:101214964,cordis,2025,FR,European Commission,3515430,EUR,3515430.0,Valorisation and Eco-Design of Post-Consumer Wood Waste into Sustainable Bio-Based Products,ambiguous,ambiguous,0.9,Valorisation and Eco-Design of Post-Consumer Wood Waste into Sustainable Bio-Based Products,https://cordis.europa.eu/project/id/101214964
cordis:101222544,cordis,2025,DK,European Commission,1498201,EUR,1498201.0,Rejuvenation and Anti-Aging Mechanisms for Vitalizing Next-Generation Electric Vehicle Batteries,ambiguous,ambiguous,0.92,reversing aging mechanisms in lithium-ion batteries,https://cordis.europa.eu/project/id/101222544
cordis:101226139,cordis,2025,FI,European Commission,5424031.25,EUR,5424031.25,"Combating CRYPTO-currency-Facilitated Crime and Terrorism with Interoperable, Trustworty, AI-Enhanced, Collaborative Tools, Improved Information Sharing, Operations, and Training for LEAS",ambiguous,ambiguous,0.95,"Combating CRYPTO-currency-Facilitated Crime and Terrorism with Interoperable, Trustworty, AI-Enhanced, Collaborative Tools",https://cordis.europa.eu/project/id/101226139
cordis:101226717,cordis,2025,DE,European Commission,4725090,EUR,4725090.0,Strategies for Healing Implant-associated infections and Enhancing Longevity in Devices,ambiguous,ambiguous,0.85,Strategies for Healing Implant-associated infections and Enhancing Longevity in Devices,https://cordis.europa.eu/project/id/101226717
cordis:101226977,cordis,2025,DE,European Commission,3620987.28,EUR,3620987.28,Targeting Extracellular Matrix Remodelling in Cutaneous Wounds to Promote Better Healing,ambiguous,ambiguous,0.72,"A large number of factors (wound size and location, exogenous pathogenic agents, aging, co-morbidities, genetic diseases) can affect wound healing",https://cordis.europa.eu/project/id/101226977
cordis:101227384,cordis,2025,AT,European Commission,3743946.36,EUR,3743946.36,Anti-IgLON5 disease: From Neuroinflammation to Neurodegeneration,age_related_disease,age_related_disease,0.75,"atypical neuronal brainstem tauopathy, establishing a link between neurodegeneration and IgLON5 antibodies",https://cordis.europa.eu/project/id/101227384
cordis:101235440,cordis,2025,DE,European Commission,1382760,EUR,1382760.0,Fostering Optimal Regulatory Compliance for Cryptocurrencies: An Interdisciplinary Approach,ambiguous,ambiguous,0.9,addresses the urgent need for innovative Anti-Money Laundering (AML) systems tailored to the rapidly evolving cryptocurrency ecosystem,https://cordis.europa.eu/project/id/101235440
cordis:101235482,cordis,2025,EG,European Commission,4750121.25,EUR,4750121.25,SOlar Open Community Instruments for All Residents in Europe and the Mediterranean region,ambiguous,ambiguous,0.95,SOlar Open Community Instruments for All Residents in Europe and the Mediterranean region,https://cordis.europa.eu/project/id/101235482
cordis:101244201,cordis,2025,PT,European Commission,191343.12,EUR,191343.12,Impact of Lipid Cell Composition on Beta-Amyloid Aggregation: Exploring Novel Therapeutic Targets for Alzheimer's Disease,age_related_disease,age_related_disease,0.95,Exploring Novel Therapeutic Targets for Alzheimer's Disease,https://cordis.europa.eu/project/id/101244201
cordis:101248697,cordis,2025,ES,European Commission,150000,EUR,150000.0,Specific universal immunotherapeutic method for cancer,age_related_disease,age_related_disease,0.95,Specific universal immunotherapeutic method for cancer,https://cordis.europa.eu/project/id/101248697
cordis:190190785,cordis,2023,NL,European Commission,1635953,EUR,1635953.0,Stabilis – Providing relief for tremor patients,age_related_disease,age_related_disease,0.65,"commonly seen in Parkinson’s Disease, Multiple Sclerosis, and Essential Tremor",https://cordis.europa.eu/project/id/190190785
cordis:633413,cordis,2015,UK,European Commission,5980435,EUR,5980435.0,Efficacy and safety of low-dose IL-2 (ld-IL-2) as a Treg enhancer for anti-neuroinflammatory therapy in newly diagnosed Amyotrophic Lateral Sclerosis (ALS) patients,age_related_disease,age_related_disease,0.96,Efficacy and safety of low-dose IL-2 (ld-IL-2) as a Treg enhancer for anti-neuroinflammatory therapy in newly diagnosed Amyotrophic Lateral Sclerosis (ALS) patients,https://cordis.europa.eu/project/id/633413
cordis:633589,cordis,2015,DE,European Commission,6573680.5,EUR,6573680.5,"Validating C. elegans healthspan model for better understanding factors causing health and disease, to develop evidence based prevention, diagnostic, therapeutic and other strategies.",ambiguous,fundamental_aging,0.86,"We will develop C. elegans as a healthspan model. Already validated extensively as an ageing model, this organism can be readily modified genetically",https://cordis.europa.eu/project/id/633589
cordis:634270,cordis,2015,DE,European Commission,4547560,EUR,4547560.0,SITless: Exercise Referral Schemes enhanced by Self-Management Strategies  to battle sedentary behaviour,age_related_disease,age_related_disease,0.75,"The increase of the elderly population leads to increased prevalence of frailty, risk for poor health outcomes",https://cordis.europa.eu/project/id/634270
cordis:634674,cordis,2015,IT,European Commission,6755950.25,EUR,6755950.25,Tools And Strategies to access to original bioactive compounds from Cultivation of MARine invertebrates and associated symbionts,ambiguous,ambiguous,0.85,"novel marine derived biomolecules (secondary metabolites and enzymes) with applications in the pharmaceuticals, nutraceuticals, cosmeceuticals and fine chemicals industries",https://cordis.europa.eu/project/id/634674
cordis:634821,cordis,2015,UK,European Commission,5993376,EUR,5993376.0,"The continuum between healthy ageing and idiopathic Parkinson Disease within a propagation perspective of inflammation and damage: the search for new diagnostic, prognostic and therapeutic targets",fundamental_aging,fundamental_aging,0.83,"they share basic mechanisms, e.g. accumulation of senescent cells and propagation phenomena such as inflammaging",https://cordis.europa.eu/project/id/634821
cordis:635316,cordis,2015,EL,European Commission,5943835,EUR,5943835.0,Ageing Trajectories of Health: Longitudinal Opportunities and Synergies,ambiguous,fundamental_aging,0.72,achieve a better understanding of ageing by identifying patterns of healthy ageing pathways or trajectories,https://cordis.europa.eu/project/id/635316
cordis:635342,cordis,2015,ES,European Commission,4948742.5,EUR,4948742.5,Molecularly guided trials with specific treatment strategies in patients with advanced newly molecular defined subtypes of colorectal cancer (MoTriColor),age_related_disease,age_related_disease,0.97,Molecularly guided trials with specific treatment strategies in patients with advanced newly molecular defined subtypes of colorectal cancer,https://cordis.europa.eu/project/id/635342
cordis:636717,cordis,2015,RO,European Commission,4493099.74,EUR,4493099.74,New Easy to Install and Manufacture PRE-Fabricated Modules Supported by a BIM based Integrated Design ProceSS,ambiguous,ambiguous,0.95,improved ageing resistance,https://cordis.europa.eu/project/id/636717
cordis:637647,cordis,2015,FR,European Commission,1454249.99,EUR,1454249.99,"Immunity, DEvelopment and Microbiota: Understanding the Continuous Construction of Biological Identity",ambiguous,ambiguous,0.9,The problem of biological identity ... has a long history both in philosophy and in science.,https://cordis.europa.eu/project/id/637647
cordis:637801,cordis,2015,UK,European Commission,1499997.95,EUR,1499997.95,ToWards Immunisations that Last: the Immunology and Gerontology of Helper T cells,fundamental_aging,fundamental_aging,0.92,"the complexity of the ageing process has hindered attempts to fulfil this ambition, and thus innovative approaches are required to better understand the underlying biology.",https://cordis.europa.eu/project/id/637801
cordis:637830,cordis,2015,DE,European Commission,2000000,EUR,2000000.0,Biocompatible nanoparticles for T cell targeted siRNA delivery as novel asthma therapy,ambiguous,ambiguous,0.85,Biocompatible nanoparticles for T cell targeted siRNA delivery as novel asthma therapy,https://cordis.europa.eu/project/id/637830
cordis:638284,cordis,2015,ES,European Commission,1498636,EUR,1498636.0,Is your heart aging well? A systems biology approach to characterize cardiac aging from the cell to the body surface,age_related_disease,fundamental_aging,0.95,characterize cardiac aging from the cell to the body surface,https://cordis.europa.eu/project/id/638284
cordis:638426,cordis,2015,UK,European Commission,1499978,EUR,1499978.0,Beyond genotype to phenotype: how ancestor lifestyle impacts on lifespan variation in descendants,ambiguous,fundamental_aging,0.94,My main interest is to uncover the causes that explain inter-individual variability in lifespan.,https://cordis.europa.eu/project/id/638426
cordis:638891,cordis,2016,ES,European Commission,1846494,EUR,1846494.0,The Physiology of Nutrient Sensing by mTOR,intervention,fundamental_aging,0.72,its inhibitor rapamycin is approved as an anti-cancer agent and delays ageing from yeast to mammals,https://cordis.europa.eu/project/id/638891
cordis:639363,cordis,2015,UK,European Commission,1416146,EUR,1416146.0,"Medicine, Immortality, Moksha: Entangled Histories of Yoga, Ayurveda and Alchemy in South Asia",ambiguous,ambiguous,0.65,"focussing on the disciplines' health, rejuvenation and longevity practices",https://cordis.europa.eu/project/id/639363
cordis:639379,cordis,2015,NL,European Commission,1498352,EUR,1498352.0,Data activism: The politics of big data according to civil society,ambiguous,ambiguous,0.9,Data activism: The politics of big data according to civil society,https://cordis.europa.eu/project/id/639379
cordis:640254,cordis,2015,DE,European Commission,1500000,EUR,1500000.0,Metabolic and Genetic Regulation of Ageing,ambiguous,fundamental_aging,0.98,identify and investigate metabolic and genetic regulators of ageing,https://cordis.europa.eu/project/id/640254
cordis:640511,cordis,2015,IT,European Commission,1500000,EUR,1500000.0,Generation and maintenance of long-lived memory T cells in humans,fundamental_aging,ambiguous,0.62,define the molecular mechanisms at the basis of memory T cell formation and maintenance in humans,https://cordis.europa.eu/project/id/640511
cordis:640643,cordis,2015,FR,European Commission,1500000,EUR,1500000.0,Study on Environmental and GenomeWide predictors of early structural brain Alterations in Young students,age_related_disease,age_related_disease,0.85,MRI-defined structural brain phenotypes are powerful intermediate markers for dementia,https://cordis.europa.eu/project/id/640643
cordis:640798,cordis,2015,UK,European Commission,148178,EUR,148178.0,Digital Bridge: Optical Character Recognition for Early Printed Books in Latin,ambiguous,ambiguous,0.95,provide the first viable and accurate solution for digitising early printed books in Latin using Optical Character Recognition,https://cordis.europa.eu/project/id/640798
cordis:641004,cordis,2015,IT,European Commission,4563122.75,EUR,4563122.75,"Super high efficiency Cu(In,Ga)Se2 thin-film solar cells approaching 25%",ambiguous,ambiguous,0.9,"Prime objective of the Sharc25 project is to develop super-high efficiency Cu(In,Ga)Se2 (CIGS) solar cells",https://cordis.europa.eu/project/id/641004
cordis:643417,cordis,2015,CA,European Commission,9999999.98,EUR,9999999.98,ERA-NET for establishing synergies between the Joint Programming on Neurodegenerative Diseases Research and Horizon 2020,ambiguous,age_related_disease,0.88,"Over 12 million people in Europe suffer from neurodegenerative diseases (ND), yet treatments that prevent or stop the progression of neurodegeneration are still lacking.",https://cordis.europa.eu/project/id/643417
cordis:643850,cordis,2015,CA,European Commission,2028049,EUR,2028049.0,Coordination Action for implementation and alignment activities of the Joint Programming Initiative (JPI) 'More Years – Better Lives – the Challenges and Opportunities of Demographic Change',ambiguous,ambiguous,0.75,strengthen the base of multi-disciplinary and holistic ageing research in Europe,https://cordis.europa.eu/project/id/643850
cordis:645648,cordis,2016,US,European Commission,1458000,EUR,1458000.0,Muscle Stress Relief: An integrated research program linking together basic research on secondary myopathies in stress states to innovative translation in applied myology.,ambiguous,age_related_disease,0.78,"Major underlying risk factors of chronic muscle force loss are ageing, inactive lifestyles, and unbalanced nutrition.",https://cordis.europa.eu/project/id/645648
cordis:645993,cordis,2015,IE,European Commission,5021858.5,EUR,5021858.5,Flexible Pilot Scale Manufacturing of Cost-Effective Nanocomposites through Tailored Precision Nanoparticles in Dispersion,ambiguous,ambiguous,0.9,The CO-PILOT project addresses the field of nanocomposites which has witnessed remarkable progress,https://cordis.europa.eu/project/id/645993
cordis:647003,cordis,2015,FR,European Commission,1941499,EUR,1941499.0,Metabolic Networks that Link Longevity to Reproduction in Response to Nutrition,age_related_disease,fundamental_aging,0.95,"identify novel conserved genes, molecules, and metabolic networks that link reproduction and longevity through nutrition",https://cordis.europa.eu/project/id/647003
cordis:647057,cordis,2016,IT,European Commission,1999827,EUR,1999827.0,REDOX SIGNALING AND METABOLIC STATES IN ANGIOGENESIS IN HEALTH AND DISEASE,age_related_disease,ambiguous,0.78,REDOX SIGNALING AND METABOLIC STATES IN ANGIOGENESIS IN HEALTH AND DISEASE,https://cordis.europa.eu/project/id/647057
cordis:647125,cordis,2016,SE,European Commission,1999870,EUR,1999870.0,Liveable disabilities: Life courses and opportunity structures across time,ambiguous,ambiguous,0.85,Liveable disabilities: Life courses and opportunity structures across time,https://cordis.europa.eu/project/id/647125
cordis:647670,cordis,2015,ES,European Commission,1861910,EUR,1861910.0,YOUNGatHEART: CARDIAC REJUVENATION BY EPIGENETIC REMODELLING,age_related_disease,fundamental_aging,0.82,"Aging poses the largest risk for cardiovascular disease (CVD) and is orchestrated, to some extent, by epigenetic changes.",https://cordis.europa.eu/project/id/647670
cordis:648055,cordis,2015,DE,European Commission,1901427.84,EUR,1901427.84,"Weight metrology and its economic and social impact on Bronze Age Europe, West and South Asia",ambiguous,ambiguous,0.95,"Weight metrology and its economic and social impact on Bronze Age Europe, West and South Asia",https://cordis.europa.eu/project/id/648055
cordis:648608,cordis,2015,PT,European Commission,1838150,EUR,1838150.0,"Forensic Geneticists and the Transnational Exchange of DNA data in the EU: Engaging Science with Social Control, Citizenship and Democracy",ambiguous,ambiguous,0.92,EXCHANGE aims to understand the close links between a highly specialised field of expert knowledge – forensic genetics – and surveillance in the EU.,https://cordis.europa.eu/project/id/648608
cordis:648766,cordis,2016,UK,European Commission,1949316,EUR,1949316.0,How elephants grow old,fundamental_aging,fundamental_aging,0.96,"I will examine how different mechanisms of ageing (telomere dynamics, oxidative stress and telomerase activity) interact with lifelong disease and reproductive history",https://cordis.europa.eu/project/id/648766
cordis:649116,cordis,2015,SE,European Commission,1950033,EUR,1950033.0,Prosaposin and GPR37 in synucleinopathies,age_related_disease,age_related_disease,0.95,"The next breakthrough in the treatment of synucleinopathies, incl Parkinson´s disease (PD), will be aimed at interference of disease progression",https://cordis.europa.eu/project/id/649116
cordis:653223,cordis,2016,FR,European Commission,173076,EUR,173076.0,Unveiling Stomata 24/7: Using Stable Isotopes and COS to quantify diurnal and nocturnal carbon and water vegetation-atmosphere Fluxes under future climate scenarios,fundamental_aging,ambiguous,0.95,"Rising atmospheric CO2 concentration, increasing temperature and altered precipitation patterns dramatically impact the terrestrial biosphere",https://cordis.europa.eu/project/id/653223
cordis:654020,cordis,2015,UA,European Commission,243934.2,EUR,243934.2,Russia's strategic narrative of the West: A study of influence in Ukraine,ambiguous,ambiguous,0.95,This project investigates the relationship between mass communication and influence in 21st Century international relations.,https://cordis.europa.eu/project/id/654020
cordis:655350,cordis,2016,UK,European Commission,195454.8,EUR,195454.8,A role for nuclear pore complexes in chromatin organization during early development?,ambiguous,ambiguous,0.72,A role for nuclear pore complexes in chromatin organization during early development?,https://cordis.europa.eu/project/id/655350
cordis:655423,cordis,2015,IT,European Commission,180277.2,EUR,180277.2,Electrophysiological markers of cognitive processes and neuroplasticity in healthy ageing and Alzheimer`s disease,age_related_disease,age_related_disease,0.82,"markers of brain activity, reactivity, connectivity and plasticity related with healthy and pathological ageing (i.e., early AD)",https://cordis.europa.eu/project/id/655423
cordis:655502,cordis,2015,UK,European Commission,183454.8,EUR,183454.8,The cardiovascular consequences of endurance exercise,age_related_disease,age_related_disease,0.84,myocardial fibrosis has been reported ... reflecting scarring of cardiac tissue that is typically found in patients with cardiovascular diseases (CVD),https://cordis.europa.eu/project/id/655502
cordis:655623,cordis,2015,DE,European Commission,159460.8,EUR,159460.8,Functions of non-coding RNAs in protein synthesis and homeostasis during aging,fundamental_aging,fundamental_aging,0.94,I propose to systematically investigate the role of ncRNAs in translation and longevity.,https://cordis.europa.eu/project/id/655623
cordis:656787,cordis,2015,ES,European Commission,170121.6,EUR,170121.6,Ethics and Ageing,ambiguous,ambiguous,0.85,This research project proposes a comprehensive analysis of the ethical challenge posed by population aging.,https://cordis.europa.eu/project/id/656787
cordis:656817,cordis,2015,SE,European Commission,185857.2,EUR,185857.2,Novel Resolvin D3: its Role and Actions in the Resolution of Aortic Valvular Inflammation and Stenosis,age_related_disease,age_related_disease,0.96,Aortic valve stenosis is a progressive inflammatory disorder with poor prognosis if left untreated.,https://cordis.europa.eu/project/id/656817
cordis:657286,cordis,2015,UK,European Commission,183454.8,EUR,183454.8,The interaction and clearance of senescent vascular cells by the innate immune system,fundamental_aging,fundamental_aging,0.93,the aim of this research is to understand why senescent cells accumulate later in life,https://cordis.europa.eu/project/id/657286
cordis:658085,cordis,2016,UK,European Commission,183454.8,EUR,183454.8,"An avian model for understanding and preventing the negative effects of poor developmental conditions on subsequent health state, fertility and ageing rate",fundamental_aging,fundamental_aging,0.85,"targeting parameters related to the ageing process (mitochondrial functioning, oxidative stress, telomere erosion and cellular stress resistance)",https://cordis.europa.eu/project/id/658085
cordis:658632,cordis,2015,DE,European Commission,171460.8,EUR,171460.8,Investigating Ror2-dependent non-canonical Wnt signaling in bone remodeling,age_related_disease,age_related_disease,0.87,targeting osteoblast-mediated bone formation in the context of treating the debilitating disease osteoporosis,https://cordis.europa.eu/project/id/658632
cordis:659030,cordis,2016,BE,European Commission,160800,EUR,160800.0,Molecular mechanisms underlying synaptic maintenance and rejuvenation,age_related_disease,fundamental_aging,0.82,I hypothesize that autophagy plays an important role in synapse maintenance and that synaptic autophagy is disrupted during ageing and in neurodegenerative diseases.,https://cordis.europa.eu/project/id/659030
cordis:659401,cordis,2016,UK,European Commission,195454.8,EUR,195454.8,Using SP1 to control plastid development and yield in cereals,fundamental_aging,ambiguous,0.82,"delaying leaf senescence to produce a staygreen phenotype, or controlling amyloplast development during grain development",https://cordis.europa.eu/project/id/659401
cordis:659534,cordis,2015,UK,European Commission,195454.8,EUR,195454.8,Human myosins,ambiguous,ambiguous,0.82,In utero development is critical for normal skeletal and cardiac muscle function throughout life.,https://cordis.europa.eu/project/id/659534
cordis:659937,cordis,2016,UK,European Commission,183454.8,EUR,183454.8,"Lifelong health, markers of ageing and senescence in a long-lived mammal.",fundamental_aging,fundamental_aging,0.96,This helps to better grasp both the mechanisms of ageing and their consequences on senescence rates,https://cordis.europa.eu/project/id/659937
cordis:660946,cordis,2015,PL,European Commission,146462.4,EUR,146462.4,In search for endothelial mechanisms of TPO-induced neuroprotection,age_related_disease,age_related_disease,0.9,Vascular Cognitive Impairment (VCI) being one of the leading causes of age-related cognitive impairment,https://cordis.europa.eu/project/id/660946
cordis:661340,cordis,2016,UK,European Commission,183454.8,EUR,183454.8,Differential costs of social living in nature,fundamental_aging,fundamental_aging,0.72,"I will use biomarkers of aging, involving hormone levels, oxidative damage and telomere loss",https://cordis.europa.eu/project/id/661340
cordis:661913,cordis,2015,FR,European Commission,4971297,EUR,4971297.0,Safe long term operation of light water reactors based on improved understanding of radiation effects in nuclear structural materials,ambiguous,ambiguous,0.9,improve the understanding of the ageing phenomena occurring in reactor pressure vessel (RPV) steels and in the internal steels,https://cordis.europa.eu/project/id/661913
cordis:664629,cordis,2015,PT,European Commission,499232.75,EUR,499232.75,Multidisciplinary Institute for Ageing,ambiguous,fundamental_aging,0.8,understanding the mechanisms of ageing,https://cordis.europa.eu/project/id/664629
cordis:665735,cordis,2015,CZ,European Commission,2302080,EUR,2302080.0,International Doctoral Programme in Biological Bases of Human Diseases,age_related_disease,ambiguous,0.65,International Doctoral Programme in Biological Bases of Human Diseases,https://cordis.europa.eu/project/id/665735
cordis:666869,cordis,2016,NL,European Commission,6000000,EUR,6000000.0,Resetting the THYRoid axis for prevention of AGE-related diseases and co-morbidities,age_related_disease,fundamental_aging,0.78,inappropriate thyroid hormone action in target cells is a common mechanism underlying susceptibility to age-related degenerative diseases and co-morbidities,https://cordis.europa.eu/project/id/666869
cordis:666881,cordis,2016,DE,European Commission,5998300,EUR,5998300.0,Small vessel diseases in a mechanistic perspective: Targets for Intervention Affected pathways and mechanistic exploitation for prevention of stroke and dementia,age_related_disease,age_related_disease,0.93,Cerebral small vessel diseases (SVDs) have emerged as a central link between these two major co-morbidities.,https://cordis.europa.eu/project/id/666881
cordis:667375,cordis,2015,NL,European Commission,4590185,EUR,4590185.0,Common mechanisms and pathways in Stroke and Alzheimer's disease.,age_related_disease,age_related_disease,0.9,Common mechanisms and pathways in Stroke and Alzheimer's disease.,https://cordis.europa.eu/project/id/667375
cordis:667696,cordis,2016,FR,European Commission,6134756.25,EUR,6134756.25,Investigating the impact of meditation training on mental health and wellbeing in the ageing population,age_related_disease,age_related_disease,0.82,improve early AD detection and understanding of physiopathological mechanisms,https://cordis.europa.eu/project/id/667696
cordis:669088,cordis,2015,PT,European Commission,2486165,EUR,2486165.0,Enhancing Research in Ageing at the University of Coimbra,ambiguous,fundamental_aging,0.75,"excellence research in ageing, taking advantage of human stem cells",https://cordis.europa.eu/project/id/669088
cordis:669622,cordis,2015,ES,European Commission,2488850,EUR,2488850.0,New Frontiers in Cellular Reprogramming: Exploiting Cellular Plasticity,fundamental_aging,fundamental_aging,0.8,hypothesized that understanding cellular plasticity could yield new insights into cancer and ageing,https://cordis.europa.eu/project/id/669622
cordis:675003,cordis,2016,UK,European Commission,2865980.32,EUR,2865980.32,Physical Activity and Nutrition INfluences In ageing,age_related_disease,intervention,0.75,validating interventions and influencing policy to promote healthy ageing,https://cordis.europa.eu/project/id/675003
cordis:675115,cordis,2015,FR,European Commission,3852126.97,EUR,3852126.97,"Regulation of red cell life-span, erythropoiesis, survival, senescence and clearance",fundamental_aging,ambiguous,0.7,"find novel treatments for anaemia that target RBC production, ageing and clearance",https://cordis.europa.eu/project/id/675115
cordis:675451,cordis,2016,UK,European Commission,4938215.75,EUR,4938215.75,A Centre of Excellence in Computational Biomedicine,age_related_disease,ambiguous,0.9,This Centre of Excellence will advance the role of computationally based modelling and simulation within biomedicine.,https://cordis.europa.eu/project/id/675451
cordis:676060,cordis,2016,SE,European Commission,3860731.44,EUR,3860731.44,Methodologies and Data mining techniques for the analysis of Big Data based on Longitudinal Population and Epidemiological Registers,ambiguous,ambiguous,0.75,Methodologies and Data mining techniques for the analysis of Big Data based on Longitudinal Population and Epidemiological Registers,https://cordis.europa.eu/project/id/676060
cordis:677427,cordis,2016,DE,European Commission,1500000,EUR,1500000.0,Mediation of stem cell identity and aging by proteostasis,fundamental_aging,fundamental_aging,0.96,Mechanisms that promote protein homeostasis (proteostasis) slow down aging and decrease the incidence of age-related diseases.,https://cordis.europa.eu/project/id/677427
cordis:678073,cordis,2016,DE,European Commission,1483720,EUR,1483720.0,Prenatal Stress and Programming of Newborn and Infant Telomere Biology and Cellular Aging,fundamental_aging,fundamental_aging,0.92,telomere biology and the epigenetic DNA methylation-based aging profile (DNAmAGE) represent candidate outcomes,https://cordis.europa.eu/project/id/678073
cordis:680040,cordis,2016,HU,European Commission,1202500,EUR,1202500.0,Cognitive Ageing in Dogs,fundamental_aging,fundamental_aging,0.9,understand the causal factors contributing to the cognitive decline during senescence,https://cordis.europa.eu/project/id/680040
cordis:680102,cordis,2016,UK,European Commission,1493062,EUR,1493062.0,Diplomatic Face-Work - between confidential negotiations and public display,ambiguous,ambiguous,0.9,Diplomatic Face-Work - between confidential negotiations and public display,https://cordis.europa.eu/project/id/680102
cordis:681885,cordis,2016,AT,European Commission,1993606.25,EUR,1993606.25,Scattering and tapping on soft-hard-open nuts,ambiguous,ambiguous,0.9,Seeds enclosed in maternal tissue are an important evolutionary plant development,https://cordis.europa.eu/project/id/681885
cordis:681895,cordis,2017,SE,European Commission,1968750,EUR,1968750.0,Fundamental and Applied Science on Molecular Redox-Catalysts of Energy Relevance in Metal-Organic Frameworks,ambiguous,ambiguous,0.95,Fundamental and Applied Science on Molecular Redox-Catalysts of Energy Relevance in Metal-Organic Frameworks,https://cordis.europa.eu/project/id/681895
cordis:682256,cordis,2016,CH,European Commission,2000000,EUR,2000000.0,Mechanisms and functional significance of diffusion barriers  for asymmetric segregation of age in neural stem cells,fundamental_aging,fundamental_aging,0.95,"retain aging or senescence factors within the stem cell, generating a mechanism for how age is asymmetrically distributed",https://cordis.europa.eu/project/id/682256
cordis:683136,cordis,2016,CH,European Commission,2000000,EUR,2000000.0,Dual targeting of senescence and tumor immunity for cancer therapy,fundamental_aging,age_related_disease,0.82,develop novel treatment modalities that combine pro-senescence compounds with immunotherapy,https://cordis.europa.eu/project/id/683136
cordis:683435,cordis,2015,AT,European Commission,50000,EUR,50000.0,OsteomiR-Test – An In-Vitro Test for the Diagnosis of Osteoporosis and associated Fracture Risk,age_related_disease,age_related_disease,0.95,OsteomiR-Test – An In-Vitro Test for the Diagnosis of Osteoporosis and associated Fracture Risk,https://cordis.europa.eu/project/id/683435
cordis:685445,cordis,2016,ES,European Commission,7610745,EUR,7610745.0,Long Lasting Reinforced Concrete for Energy Infrastructure under Severe Operating Conditions,ambiguous,ambiguous,0.95,Long Lasting Reinforced Concrete for Energy Infrastructure under Severe Operating Conditions,https://cordis.europa.eu/project/id/685445
cordis:685909,cordis,2015,DE,European Commission,3265920.75,EUR,3265920.75,SKin Healthcare by Innovative NanoCAPsuleS,ambiguous,ambiguous,0.72,"Creams with triggered nanocapsules containing the cocktail, to improve the anti-ageing effect on the end-users skin",https://cordis.europa.eu/project/id/685909
cordis:686008,cordis,2016,BE,European Commission,9291722.75,EUR,9291722.75,Raising the Lifetime of Functional Materials for Concentrated Solar Power Technology,ambiguous,ambiguous,0.9,Raising the Lifetime of Functional Materials for Concentrated Solar Power Technology,https://cordis.europa.eu/project/id/686008
cordis:690140,cordis,2016,FR,European Commission,3820896.25,EUR,3820896.25,Sensing and predictive treatment of frailty and associated co-morbidities using advanced personalized patient models and advanced interventions,age_related_disease,age_related_disease,0.92,Frailty is a biological syndrome of decreased reserve and resistance to stressors,https://cordis.europa.eu/project/id/690140
cordis:690732,cordis,2016,SE,European Commission,2873078.75,EUR,2873078.75,Action Plan for the future of Mobility in Europe,ambiguous,ambiguous,0.93,Action Plan for the future of Mobility in Europe,https://cordis.europa.eu/project/id/690732
cordis:690944,cordis,2015,NO,European Commission,360000,EUR,360000.0,Ocean Medicines,age_related_disease,age_related_disease,0.68,develop lead compounds from marine microorganisms having anticancer or anti-infective effects,https://cordis.europa.eu/project/id/690944
cordis:691154,cordis,2016,UK,European Commission,1008000,EUR,1008000.0,Spatial-temporal information processing for collision detection in dynamic environments,ambiguous,ambiguous,0.9,bio-inspired solution for collision detection in dynamic environments,https://cordis.europa.eu/project/id/691154
cordis:691158,cordis,2016,DE,European Commission,1224000,EUR,1224000.0,Novel natural products for healthy ageing from Mediterranean diet and food plants of other global sources,ambiguous,intervention,0.78,discovery of active agents of food plants from Mediterranean diet and other global sources to promote healthy ageing,https://cordis.europa.eu/project/id/691158
cordis:692058,cordis,2016,DE,European Commission,1000000,EUR,1000000.0,Network for sOcial compuTing REsearch (NOTRE),ambiguous,ambiguous,0.98,Network for sOcial compuTing REsearch (NOTRE),https://cordis.europa.eu/project/id/692058
cordis:692293,cordis,2016,LV,European Commission,999475,EUR,999475.0,TWINNING ON DNA-BASED CANCER VACCINES,age_related_disease,age_related_disease,0.95,application to immunotherapy of cancer,https://cordis.europa.eu/project/id/692293
cordis:693045,cordis,2016,FI,European Commission,2044364,EUR,2044364.0,ACTIVE AGEING – RESILIENCE AND EXTERNAL SUPPORT AS MODIFIERS OF THE DISABLEMENT OUTCOME,ambiguous,care,0.68,"To develop a multicomponent sustainable intervention aiming to promote active ageing (methods: counselling, information technology, help from volunteers);",https://cordis.europa.eu/project/id/693045
cordis:693436,cordis,2016,IL,European Commission,150000,EUR,150000.0,Effective Multidrug Cocktails for Cancer,age_related_disease,age_related_disease,0.93,Effective Multidrug Cocktails for Cancer,https://cordis.europa.eu/project/id/693436
cordis:693609,cordis,2016,CN,European Commission,2498996.25,EUR,2498996.25,Reconsidering European Contributions to Global Justice,ambiguous,ambiguous,0.92,"GLOBUS critically assesses the EU’s impact on justice in a global system characterised by uncertainty, risk and ambiguity.",https://cordis.europa.eu/project/id/693609
cordis:694455,cordis,2016,DE,European Commission,2500000,EUR,2500000.0,Blood Vessel Development and Homeostasis: Identification and Functional Analysis of Genetic Modifiers,age_related_disease,ambiguous,0.55,An imbalance in angiogenesis contributes to the pathogenesis of numerous disease states,https://cordis.europa.eu/project/id/694455
cordis:694679,cordis,2016,BE,European Commission,2494500,EUR,2494500.0,Novel diagnostic and therapeutic approach to inflammatory bowel disease based on functional characterization of patients: the CrUCCial index,ambiguous,ambiguous,0.62,Novel diagnostic and therapeutic approach to inflammatory bowel disease based on functional characterization of patients,https://cordis.europa.eu/project/id/694679
cordis:694717,cordis,2016,FR,European Commission,2500000,EUR,2500000.0,"Bile acid, immune-metabolism, lipid and glucose homeostasis",age_related_disease,age_related_disease,0.82,"The role of chronic inflammation in obesity, metabolic and cardiovascular diseases is increasingly recognized.",https://cordis.europa.eu/project/id/694717
cordis:695190,cordis,2017,EL,European Commission,2254109,EUR,2254109.0,MacroAutophagy and Necrotic Neurodegeneration in Ageing,intervention,fundamental_aging,0.86,"dissect the molecular underpinnings of neuron vulnerability to necrosis during ageing, focusing on cargo-specific macroautophagy",https://cordis.europa.eu/project/id/695190
cordis:695566,cordis,2017,ES,European Commission,2499500,EUR,2499500.0,Novel therapeutic strategies to treat pancreatic and lung cancer,fundamental_aging,age_related_disease,0.96,Novel therapeutic strategies to treat pancreatic and lung cancer,https://cordis.europa.eu/project/id/695566
cordis:695614,cordis,2016,DE,European Commission,2425000,EUR,2425000.0,Power to the People. Verified.,ambiguous,ambiguous,0.97,longevity of an embedded battery,https://cordis.europa.eu/project/id/695614
cordis:701949,cordis,2017,CH,European Commission,187419.6,EUR,187419.6,"Experimental Evolution of Aging: the genetic link between lifespan, nutrient sensing and fat metabolism",ambiguous,fundamental_aging,0.98,"Experimental Evolution of Aging: the genetic link between lifespan, nutrient sensing and fat metabolism",https://cordis.europa.eu/project/id/701949
cordis:702784,cordis,2017,BE,European Commission,172800,EUR,172800.0,Addressing Neural Declines to Promote Healthy Ageing,ambiguous,fundamental_aging,0.72,"cognitive function and movement control, both of which decline in healthy ageing",https://cordis.europa.eu/project/id/702784
cordis:703376,cordis,2016,UK,European Commission,195454.8,EUR,195454.8,Harnessing the power of bioinformatic analysis to improve genetic selection for fertility in dairy cows,ambiguous,ambiguous,0.95,"Infertility remains the major reason for culling, decreasing longevity and reducing production efficiency.",https://cordis.europa.eu/project/id/703376
cordis:706072,cordis,2017,DE,European Commission,171460.8,EUR,171460.8,Nanoscale Effects within Biological Membranes caused by Radiation,ambiguous,ambiguous,0.78,"Membrane molecules have also attracted, due to their robustness and longevity, strong interest from planetary and space scientists as potential biomarkers",https://cordis.europa.eu/project/id/706072
cordis:707300,cordis,2016,DK,European Commission,200194.8,EUR,200194.8,"Age-associated signatures in the composition and pro-inflammatory status of the gut microbiome in humans and mice, and the impact of a periodic fasting intervention to promote healthy aging",age_related_disease,intervention,0.7,the impact of a periodic fasting intervention to promote healthy aging,https://cordis.europa.eu/project/id/707300
cordis:709015,cordis,2016,EL,European Commission,164653.2,EUR,164653.2,Identification of insulin signalling factors that delay age-related memory impairment,ambiguous,fundamental_aging,0.83,Elucidation of the biological mechanisms that govern ageing can facilitate the discovery of evolutionarily conserved factors,https://cordis.europa.eu/project/id/709015
cordis:713279,cordis,2016,IE,European Commission,4602000,EUR,4602000.0,Collaborative Research Fellowships for a Responsive and Innovative Europe,ambiguous,ambiguous,0.86,Proposals will be invited from all disciplines that speak to the overarching theme of global sustainable development,https://cordis.europa.eu/project/id/713279
cordis:713660,cordis,2016,NL,European Commission,1674240,EUR,1674240.0,Protecting patients with enhanced susceptibility to infections,ambiguous,ambiguous,0.75,protecting patients with enhanced susceptibility to infections,https://cordis.europa.eu/project/id/713660
cordis:713691,cordis,2016,PT,European Commission,145500,EUR,145500.0,Drug Repurposing for Malaria Chemoprotection,ambiguous,ambiguous,0.92,Drug Repurposing for Malaria Chemoprotection,https://cordis.europa.eu/project/id/713691
cordis:713714,cordis,2016,IT,European Commission,941760,EUR,941760.0,Food quality and food innovative strategies to prevent reproductive and eating disorders,ambiguous,ambiguous,0.8,Food quality and food innovative strategies to prevent reproductive and eating disorders,https://cordis.europa.eu/project/id/713714
cordis:714916,cordis,2017,BE,European Commission,1499250,EUR,1499250.0,What makes leaves fall in autumn? A new process description for the timing of leaf senescence in temperate and boreal trees,fundamental_aging,ambiguous,0.95,"Leaf fall is the last stage of leaf senescence, a process which allows trees to recover leaf nutrients.",https://cordis.europa.eu/project/id/714916
cordis:715322,cordis,2017,ES,European Commission,1498625,EUR,1498625.0,Endolysosomal-mitochondria crosstalk in cell and organism homeostasis,fundamental_aging,ambiguous,0.7,mitochondrial dysfunction in certain tissues may account for systemic effects on the rest of the organism,https://cordis.europa.eu/project/id/715322
cordis:715593,cordis,2017,PT,European Commission,1478249,EUR,1478249.0,"Crossed Memories, Politics of Silence: The Colonial-Liberation Wars in Postcolonial Times",ambiguous,ambiguous,0.6,"Colonial-Liberation Wars generate plural memories, conflicting evocations and persisting amnesias.",https://cordis.europa.eu/project/id/715593
cordis:716323,cordis,2017,DE,European Commission,1479105,EUR,1479105.0,Lifespan Inequalities: Why the age-at-death distribution varies between countries and socioeconomic groups,ambiguous,ambiguous,0.7,Lifespan Inequalities: Why the age-at-death distribution varies between countries and socioeconomic groups,https://cordis.europa.eu/project/id/716323
cordis:717191,cordis,2016,UK,European Commission,344046.25,EUR,344046.25,Optimisation of an on-board adsorbent/catalyst unit for aviation fuel thermal stability improvement,ambiguous,ambiguous,0.95,Optimisation of an on-board adsorbent/catalyst unit for aviation fuel thermal stability improvement,https://cordis.europa.eu/project/id/717191
cordis:718569,cordis,2016,SI,European Commission,50000,EUR,50000.0,"Go Fresh - Fresh and Quick Prepared, Healthy and Affordable Meal Solution",ambiguous,ambiguous,0.78,Protein diet has been recognized as one possible answer to this request due to its several positive effects on health ... and anti-aging effects,https://cordis.europa.eu/project/id/718569
cordis:721358,cordis,2017,NL,European Commission,2539859.76,EUR,2539859.76,European Network on Anti-Cancer Immuno-Therapy Improvement by modification of CAR and TCR Interactions and Nanoscale Geometry,age_related_disease,age_related_disease,0.95,improve T cell mediated anti-cancer immuno-therapy by the identification and development of new cancer-specific immune receptors,https://cordis.europa.eu/project/id/721358
cordis:721484,cordis,2017,DK,European Commission,3931378.2,EUR,3931378.2,An integrated mulTidisciplinary appRoach towards a new generAtIon of aNtibiotics: Targeting function and cross-talk of bacterial Envelope proTein machineries,ambiguous,ambiguous,0.82,An integrated mulTidisciplinary appRoach towards a new generAtIon of aNtibiotics: Targeting function and cross-talk of bacterial Envelope proTein machineries,https://cordis.europa.eu/project/id/721484
cordis:722619,cordis,2017,CZ,European Commission,3202195.68,EUR,3202195.68,Bioenergetic Remodeling in the Pathophysiology and Treatment of Non-Alcoholic Fatty Liver Disease,age_related_disease,age_related_disease,0.65,Bioenergetic Remodeling in the Pathophysiology and Treatment of Non-Alcoholic Fatty Liver Disease,https://cordis.europa.eu/project/id/722619
cordis:723441,cordis,2016,DE,European Commission,4982505,EUR,4982505.0,Innovative multi-functional Vacuum-Insulation-Panels (VIPs) for use in the building sector,ambiguous,ambiguous,0.9,Innovative multi-functional Vacuum-Insulation-Panels (VIPs) for use in the building sector,https://cordis.europa.eu/project/id/723441
cordis:723868,cordis,2016,NL,European Commission,5201843.13,EUR,5201843.13,Development of innovative lightweight and highly insulating energy efficient components and associated enabling materials for cost-effective retrofitting and new construction of curtain wall facades,ambiguous,ambiguous,0.95,Development of innovative lightweight and highly insulating energy efficient components and associated enabling materials for cost-effective retrofitting,https://cordis.europa.eu/project/id/723868
cordis:724909,cordis,2017,UK,European Commission,2000000,EUR,2000000.0,Getting to the root of ageing: somatic decay as a cost of germline maintenance,fundamental_aging,fundamental_aging,0.95,The trade-off between survival and reproduction lies at the core of the evolutionary theory of ageing.,https://cordis.europa.eu/project/id/724909
cordis:725149,cordis,2017,FR,European Commission,1999740,EUR,1999740.0,Extra-gonadal roles of Anti-Müllerian Hormone in the aetiology of polycystic ovary syndrome: the domino effect to reproductive neuroendocrine dysfunctions,ambiguous,ambiguous,0.9,polycystic ovary syndrome (PCOS) is the most common form of female infertility with a prevalence of up to 10%,https://cordis.europa.eu/project/id/725149
cordis:725151,cordis,2016,SE,European Commission,2136357.5,EUR,2136357.5,Clinical validation and commercialization of innovative immunostimulating Interstitial Laser Thermotherapy,age_related_disease,age_related_disease,0.95,The INTHER project will bring the groundbreaking immunostimulating Interstitial Laser Thermotherapy (imILTCLS) to the market and clinical practice.,https://cordis.europa.eu/project/id/725151
cordis:726318,cordis,2017,UK,European Commission,1957573.75,EUR,1957573.75,A study of the roles of the immune and inflammatory systems in hypertension.,age_related_disease,age_related_disease,0.95,"Hypertension is a common disease impacting 1 billion people worldwide, which leads to catastrophic cardiovascular complications.",https://cordis.europa.eu/project/id/726318
cordis:727218,cordis,2017,IL,European Commission,150000,EUR,150000.0,Elimination of Senescent Cells Approach for treatment of COPD,age_related_disease,age_related_disease,0.8,Elimination of Senescent Cells Approach for treatment of COPD,https://cordis.europa.eu/project/id/727218
cordis:728915,cordis,2016,IL,European Commission,50000,EUR,50000.0,"JEM: The world safest subcutaneous, enclosed, biocompatible implantable device, attached directly to a AV fistula or graft or vein, for chronic disease patients in need of repetitive vascular access",ambiguous,ambiguous,0.85,"subcutaneous, enclosed, biocompatible implantable device, attached directly to a AV fistula or graft or vein, for chronic disease patients in need of repetitive vascular access",https://cordis.europa.eu/project/id/728915
cordis:729640,cordis,2016,ES,European Commission,50000,EUR,50000.0,Safe parking system for bicycles,age_related_disease,ambiguous,0.95,Safe parking system for bicycles,https://cordis.europa.eu/project/id/729640
cordis:732592,cordis,2017,NO,European Commission,10000000,EUR,10000000.0,Healthy minds from 0-100 years: Optimising the use of European brain imaging cohorts,ambiguous,fundamental_aging,0.65,"identify determinants of brain, cognitive and mental health at different stages of life",https://cordis.europa.eu/project/id/732592
cordis:734684,cordis,2017,NL,European Commission,2430000,EUR,2430000.0,Characterisation Of A Green Microenvironment And To Study Its Impact Upon Health and Well-Being in The Elderly As A Way Forward For Health Tourism.,ambiguous,care,0.82,impact Upon Health and Well-Being in The Elderly As A Way Forward For Health Tourism,https://cordis.europa.eu/project/id/734684
cordis:734719,cordis,2017,AT,European Commission,454500,EUR,454500.0,mitoFOIE GRAS: Non-invasive Profiling of Mitochondrial Function in Non-Alcoholic Fatty Liver Disease,ambiguous,age_related_disease,0.78,"Non-Alcoholic Fatty Liver Disease (NAFLD), including its more pathologic consequence, non-alcoholic steatohepatitis (NASH)",https://cordis.europa.eu/project/id/734719
cordis:734931,cordis,2017,FR,European Commission,864000,EUR,864000.0,Microelements in Life Expectancy and Aging,fundamental_aging,fundamental_aging,0.78,molecular mechanisms by which ageing affects Zn and Cu absorption and excretion will be determined,https://cordis.europa.eu/project/id/734931
cordis:735533,cordis,2017,UK,European Commission,1999925,EUR,1999925.0,MEMbrane based Purification of HYdrogen System,ambiguous,ambiguous,0.9,targets the development of a stand-alone hydrogen purification system based on a scalable membrane hydrogen purification module,https://cordis.europa.eu/project/id/735533
cordis:735969,cordis,2017,DE,European Commission,4994538.75,EUR,4994538.75,INNovative Cost Improvements for BALANCE of Plant Components of Automotive PEMFC Systems,ambiguous,ambiguous,0.92,INNovative Cost Improvements for BALANCE of Plant Components of Automotive PEMFC Systems,https://cordis.europa.eu/project/id/735969
cordis:737390,cordis,2017,NL,European Commission,3991096.25,EUR,3991096.25,3-O-sulfated heparan sulfate translocation in altered membrane biology: A new strategy for early population screening and halting Alzheimer’s neurodegeneration,age_related_disease,age_related_disease,0.95,molecular pathology of Alzheimer’s disease (AD),https://cordis.europa.eu/project/id/737390
cordis:737599,cordis,2017,EL,European Commission,150000,EUR,150000.0,A Drug Discovery and Target Identification Screening Platform for Age-Associated Neurodegenerative Disorders,age_related_disease,age_related_disease,0.95,A Drug Discovery and Target Identification Screening Platform for Age-Associated Neurodegenerative Disorders,https://cordis.europa.eu/project/id/737599
cordis:739593,cordis,2017,HU,European Commission,14997310,EUR,14997310.0,Establishing the Hungarian Center of Excellence for Molecular Medicine in partnership with EMBL,ambiguous,ambiguous,0.96,Establishing the Hungarian Center of Excellence for Molecular Medicine in partnership with EMBL,https://cordis.europa.eu/project/id/739593
cordis:740230,cordis,2017,IT,European Commission,2895836,EUR,2895836.0,Improving therapy of NPM1-mutated AML,ambiguous,age_related_disease,0.96,Improving therapy of NPM1-mutated AML,https://cordis.europa.eu/project/id/740230
cordis:740469,cordis,2017,IL,European Commission,2488306,EUR,2488306.0,Towards evidence-based combinations of approved and novel cancer drugs,fundamental_aging,age_related_disease,0.96,Towards evidence-based combinations of approved and novel cancer drugs,https://cordis.europa.eu/project/id/740469
cordis:741491,cordis,2017,CH,European Commission,2499969,EUR,2499969.0,Resilience in ant societies,ambiguous,ambiguous,0.95,Resilience in ant societies,https://cordis.europa.eu/project/id/741491
cordis:741966,cordis,2017,ES,European Commission,2499949,EUR,2499949.0,Tissue regeneration and aging: the decisive quiescent stem-cell state,fundamental_aging,fundamental_aging,0.95,The basic mechanisms of stem cell malfunction during aging are poorly understood,https://cordis.europa.eu/project/id/741966
cordis:742039,cordis,2017,DE,European Commission,2006250,EUR,2006250.0,"Detecting, understanding and exploiting intracellular redox signaling relays",ambiguous,ambiguous,0.88,"Detecting, understanding and exploiting intracellular redox signaling relays",https://cordis.europa.eu/project/id/742039
cordis:742067,cordis,2017,ES,European Commission,2456250,EUR,2456250.0,Deconstructing Ageing: from molecular mechanisms to intervention strategies,fundamental_aging,fundamental_aging,0.9,characterize critical cell-intrinsic alterations which drive ageing,https://cordis.europa.eu/project/id/742067
cordis:742426,cordis,2017,NL,European Commission,2251719,EUR,2251719.0,DNA Damage and Repair and its Impact on Healthy Ageing,age_related_disease,fundamental_aging,0.88,We pioneered an initially highly controversial connection between DNA damage and (accelerated) aging.,https://cordis.europa.eu/project/id/742426
cordis:742437,cordis,2017,UK,European Commission,2118431,EUR,2118431.0,Telomere metabolism in Genome Stability and Disease,fundamental_aging,fundamental_aging,0.86,"Telomeres also progressively shorten with each cell division, eventually triggering cellular senescence.",https://cordis.europa.eu/project/id/742437
cordis:742646,cordis,2017,SE,European Commission,2500000,EUR,2500000.0,"Immunity in Ecology and Evolution: 'Hidden' costs of disease, immune function and their consequences for Darwinian fitness",fundamental_aging,ambiguous,0.75,accelerated telomere degradation is a causative mechanism through which small immune costs can accumulate and be translated into senescence and reduced Darwinian fitness,https://cordis.europa.eu/project/id/742646
cordis:742808,cordis,2018,UK,European Commission,2499244,EUR,2499244.0,"Effects of group dynamics on selection, development and demography in cooperative vertebrates",ambiguous,ambiguous,0.68,"Effects of group dynamics on selection, development and demography in cooperative vertebrates",https://cordis.europa.eu/project/id/742808
cordis:746235,cordis,2017,DK,European Commission,200194.8,EUR,200194.8,COULD SENESCENCE BE ADAPTIVE? CAUSES AND CONSEQUENCES OF AGING ACROSS THE TREE OF LIFE,fundamental_aging,fundamental_aging,0.96,Why do organisms age? This is surely one of the most compelling questions in biology.,https://cordis.europa.eu/project/id/746235
cordis:746821,cordis,2017,IT,European Commission,180277.2,EUR,180277.2,"Photosynthetic energy balance, chloroplast integrity, carbon flow and epigenetic regulation of isoprenoid biosynthesis during leaf development and senescence",fundamental_aging,fundamental_aging,0.85,epigenetic regulation of isoprenoid biosynthesis during leaf development and senescence,https://cordis.europa.eu/project/id/746821
cordis:747114,cordis,2018,IL,European Commission,170509.2,EUR,170509.2,Deciphering cell-cell and cell-microbiome interactions of innate lymphoid cells at the single cell level,ambiguous,ambiguous,0.9,Battling acute and chronic enteric disease is a priority in Europe and worldwide,https://cordis.europa.eu/project/id/747114
cordis:748017,cordis,2017,FR,European Commission,173076,EUR,173076.0,Dissecting the chromatin dynamics at telomeres during mouse pre-implantation development.,fundamental_aging,fundamental_aging,0.72,"One of them is the natural shortening of chromosome ends, termed the telomeres. This “molecular clock” prevents cells from proliferating if their telomeres become critically short",https://cordis.europa.eu/project/id/748017
cordis:748671,cordis,2017,NL,European Commission,177598.8,EUR,177598.8,Longitudinal employer–employee perspectives on the role of human capital investments for retirement transitions,ambiguous,ambiguous,0.86,European and national ageing policies give high priority to increasing retirement age and employability of older people,https://cordis.europa.eu/project/id/748671
cordis:749232,cordis,2017,UK,European Commission,195454.8,EUR,195454.8,Ageing Multiphysics of Asphalt Materials,ambiguous,ambiguous,0.9,focused on the modelling of the ageing multiphysics and performance evaluation of asphalt materials,https://cordis.europa.eu/project/id/749232
cordis:751356,cordis,2017,UK,European Commission,183454.8,EUR,183454.8,Stressfully Transmitted Diseases: How your partner’s past stress affects your current and future health,fundamental_aging,fundamental_aging,0.78,examine how the negative effects of early-life stress on longevity are transmitted to social partners,https://cordis.europa.eu/project/id/751356
cordis:751878,cordis,2018,CH,European Commission,187419.6,EUR,187419.6,The trade-off between longevity and reproduction: optimal control of aging,ambiguous,fundamental_aging,0.95,"Evolutionary theory, known as the disposable soma theory (DST), proposes that organisms age due to the accumulation of damage.",https://cordis.europa.eu/project/id/751878
cordis:752084,cordis,2017,UK,European Commission,195454.8,EUR,195454.8,A bird’s (social) life: development and senescence in wild social networks.,fundamental_aging,ambiguous,0.72,"Over the course of an individual’s lifetime, the strength and type of social interactions change markedly with age.",https://cordis.europa.eu/project/id/752084
cordis:752179,cordis,2017,BE,European Commission,172800,EUR,172800.0,House Poetics. An 'assemblage' approach to the production and transmission of value in Bronze Age Crete.,ambiguous,ambiguous,0.95,House Poetics. An 'assemblage' approach to the production and transmission of value in Bronze Age Crete.,https://cordis.europa.eu/project/id/752179
cordis:752819,cordis,2017,NL,European Commission,151798.9,EUR,151798.9,Asynchronous Time-domain Neural Recording Interfaces,ambiguous,ambiguous,0.55,limits the operational longevity of the implant,https://cordis.europa.eu/project/id/752819
cordis:754510,cordis,2017,ES,European Commission,6478200,EUR,6478200.0,COFUND BIST POSTDOCTORAL FELLOWSHIP PROGRAMME,ambiguous,ambiguous,0.9,PROBIST is an ambitious programme offering 61 three-year fellowships to foster excellence in multidisciplinary postdoctoral research,https://cordis.europa.eu/project/id/754510
cordis:754745,cordis,2017,UK,European Commission,149932,EUR,149932.0,ImmortaSTEM: Transient Immortalisation for Patient Stem Cell Expansion and Therapeutic Application,ambiguous,ambiguous,0.72,Transient Immortalisation for Patient Stem Cell Expansion and Therapeutic Application,https://cordis.europa.eu/project/id/754745
cordis:755183,cordis,2017,FR,European Commission,4179344,EUR,4179344.0,European Tools and Methodologies for an efficient ageing management of nuclear power plant Cables,ambiguous,ambiguous,0.98,ageing management of nuclear power plant Cables,https://cordis.europa.eu/project/id/755183
cordis:756943,cordis,2017,AT,European Commission,1262625,EUR,1262625.0,smaXtec 4.0 – multifunctional Dairy Cattle Sensor System for a proactive productivity and health management in Dairy Farming,ambiguous,ambiguous,0.9,multifunctional Dairy Cattle Sensor System for a proactive productivity and health management in Dairy Farming,https://cordis.europa.eu/project/id/756943
cordis:757398,cordis,2018,BE,European Commission,1947519,EUR,1947519.0,Nanomaterials in Oncology: Exploiting the Intrinsic Cancer-Specific Toxicity of Nanoparticles.,age_related_disease,age_related_disease,0.95,"this research program aims to exploit the intrinsic toxicity of certain types of metal-based, degradation-prone NMs",https://cordis.europa.eu/project/id/757398
cordis:757763,cordis,2018,BE,European Commission,1499125,EUR,1499125.0,To nap or not to nap? Why napping habits interfere with cognitive fitness in ageing,ambiguous,fundamental_aging,0.78,I posit that chronic napping in older people primarily reflects circadian disruption.,https://cordis.europa.eu/project/id/757763
cordis:758657,cordis,2018,NO,European Commission,1499638,EUR,1499638.0,Imaging Perfusion Restrictions from Extracellular Solid Stress,age_related_disease,age_related_disease,0.96,vascular restrictions in solid cancers caused by mechanical solid stress,https://cordis.europa.eu/project/id/758657
cordis:758898,cordis,2018,DE,European Commission,1416934,EUR,1416934.0,Predictive Memory Systems Across the Human Lifespan,fundamental_aging,ambiguous,0.62,Predictive Memory Systems Across the Human Lifespan,https://cordis.europa.eu/project/id/758898
cordis:759248,cordis,2018,DE,European Commission,1499250,EUR,1499250.0,Endothelial RNA Modifications in Vascular Homeostasis and Disease,age_related_disease,age_related_disease,0.84,"MODVASC aims to explore the role of m6A RNA methylation in vascular growth, homeostasis and disease.",https://cordis.europa.eu/project/id/759248
cordis:759628,cordis,2018,UK,European Commission,746048,EUR,746048.0,What does it mean to be heterosexual?,ambiguous,ambiguous,0.95,What does it mean to be heterosexual?,https://cordis.europa.eu/project/id/759628
cordis:763038,cordis,2017,IT,European Commission,50000,EUR,50000.0,Nano-based Anti-Tarnishing Technology for Precious and Non Precious Metal Protection,ambiguous,ambiguous,0.95,Nano-based Anti-Tarnishing Technology for Precious and Non Precious Metal Protection,https://cordis.europa.eu/project/id/763038
cordis:765104,cordis,2018,ES,European Commission,3347488.66,EUR,3347488.66,MAnufacturing of TUmour-REactive Natural Killer cells,age_related_disease,age_related_disease,0.95,their use in treatment of cancer refractory to classical therapies,https://cordis.europa.eu/project/id/765104
cordis:765111,cordis,2018,IL,European Commission,150000,EUR,150000.0,Antibody mediated clearance of senescent cells for treatment of COPD,age_related_disease,intervention,0.85,"antibody-mediated clearance of senescent cells which accumulate in tissues with age and contribute to multiple age-related diseases, including COPD",https://cordis.europa.eu/project/id/765111
cordis:765274,cordis,2018,UK,European Commission,3929698.8,EUR,3929698.8,Innovation in modelling Placenta for Maternal and Fetal Health,age_related_disease,ambiguous,0.95,Innovation in modelling Placenta for Maternal and Fetal Health,https://cordis.europa.eu/project/id/765274
cordis:766058,cordis,2017,ES,European Commission,743618.88,EUR,743618.88,Enabling Technologies and Drug Discovery: Continuous Flow Processes to Discover Novel Antiviral Inhibitors,ambiguous,ambiguous,0.95,discovery of novel and innovative inhibitors of the Hepatitis B Virus (HBV),https://cordis.europa.eu/project/id/766058
cordis:766871,cordis,2017,AT,European Commission,4679771.25,EUR,4679771.25,"High-Impact Injection Moulding Platform for mass-production of 3D and/or large micro-structured surfaces with Antimicrobial, Self-cleaning, Anti-scratch, Anti-squeak and Aesthetic functionalities",ambiguous,ambiguous,0.9,"HIMALAIA proposes the first up-scalable, adaptable, industrially relevant, cost-effective manufacturing platform",https://cordis.europa.eu/project/id/766871
cordis:768701,cordis,2017,FR,European Commission,4434352.5,EUR,4434352.5,Laser surface engineering for new and enhanced functional performance with digitally enabled knowledge base,ambiguous,ambiguous,0.85,SHARK will unlock the potential for laser texturing for the generation of functional surfaces,https://cordis.europa.eu/project/id/768701
cordis:769065,cordis,2018,DE,European Commission,1955666,EUR,1955666.0,Cell-free reconstitution of autophagy to dissect molecular mechanisms,age_related_disease,fundamental_aging,0.85,"Autophagy, a lysosomal degradation pathway in which the cell digests its own components, is an essential biological pathway that promotes organismal health and longevity",https://cordis.europa.eu/project/id/769065
cordis:769252,cordis,2018,DE,European Commission,2497359.66,EUR,2497359.66,"Strengthening European integration through the analysis of conflict discourses: revisiting the past, anticipating the future",ambiguous,ambiguous,0.95,"Strengthening European integration through the analysis of conflict discourses: revisiting the past, anticipating the future",https://cordis.europa.eu/project/id/769252
cordis:771483,cordis,2018,NL,European Commission,1988972,EUR,1988972.0,Attempts to Control the End of Life in People with Dementia: Two-level Approach to Examine Controversies,age_related_disease,care,0.82,"advance care planning of the end of life, use of new technology to monitor symptoms when unable to self-report, and euthanasia",https://cordis.europa.eu/project/id/771483
cordis:778388,cordis,2018,PT,European Commission,432000,EUR,432000.0,Foods for diabetes and cognition,age_related_disease,age_related_disease,0.92,FODIAC aims to develop a dietary solution to tackle type 2 diabetes and cognitive dysfunction of the elderly.,https://cordis.europa.eu/project/id/778388
cordis:781129,cordis,2017,FR,European Commission,50000,EUR,50000.0,A New Therapeutic Option to Protect Central Nervous System against Acute Ischemic Stroke,age_related_disease,age_related_disease,0.93,A New Therapeutic Option to Protect Central Nervous System against Acute Ischemic Stroke,https://cordis.europa.eu/project/id/781129
cordis:783506,cordis,2017,UK,European Commission,3957000,EUR,3957000.0,Manufacturing and testing of an allogeneic gamma delta T cell therapy for the treatment of cancer,age_related_disease,age_related_disease,0.96,Manufacturing and testing of an allogeneic gamma delta T cell therapy for the treatment of cancer,https://cordis.europa.eu/project/id/783506
cordis:783594,cordis,2018,IT,European Commission,1294225.2,EUR,1294225.2,Decubitus Ulcers Diseases Diagnoses by means of Smart ICT Anti-Decubitus System based on known Ulcers Activity Biomarkers,ambiguous,age_related_disease,0.62,preventive and therapeutic care of DeU,https://cordis.europa.eu/project/id/783594
cordis:785917,cordis,2019,FR,European Commission,2500000,EUR,2500000.0,HARNESSING PML NUCLEAR BODIES FOR LEUKAEMIA THERAPY,fundamental_aging,age_related_disease,0.95,HARNESSING PML NUCLEAR BODIES FOR LEUKAEMIA THERAPY,https://cordis.europa.eu/project/id/785917
cordis:786142,cordis,2018,FR,European Commission,2418800,EUR,2418800.0,Elaboration of the type I interferonopathies,ambiguous,ambiguous,0.75,"Monogenic type I interferonopathies (T1IFNs), and related ‘complex’ phenotypes such as systemic lupus erythematosus and dermatomyositis",https://cordis.europa.eu/project/id/786142
cordis:787111,cordis,2018,FR,European Commission,3495843.75,EUR,3495843.75,Mediterranean practitioners’ network capacity building for effective response to emerging security challenges,ambiguous,ambiguous,0.95,Mediterranean practitioners’ network capacity building for effective response to emerging security challenges,https://cordis.europa.eu/project/id/787111
cordis:787514,cordis,2018,IL,European Commission,2495625,EUR,2495625.0,"The eco-evolutionary costs and benefits of CRISPR-Cas systems, and their effect  on genome diversity within populations",ambiguous,ambiguous,0.75,"The eco-evolutionary costs and benefits of CRISPR-Cas systems, and their effect on genome diversity within populations",https://cordis.europa.eu/project/id/787514
cordis:787925,cordis,2018,NL,European Commission,2478750,EUR,2478750.0,Senescence therapy for cancer,fundamental_aging,age_related_disease,0.95,I propose a new approach to the treatment of cancer,https://cordis.europa.eu/project/id/787925
cordis:788563,cordis,2018,UK,European Commission,1847596,EUR,1847596.0,Modern Marronage? The Pursuit and Practice of Freedom in the Contemporary World,ambiguous,ambiguous,0.95,Modern Marronage? The Pursuit and Practice of Freedom in the Contemporary World,https://cordis.europa.eu/project/id/788563
cordis:790668,cordis,2018,DE,European Commission,150000,EUR,150000.0,Innovative cancer management: First in human senescence imaging,fundamental_aging,fundamental_aging,0.74,"novel radiolabeled PET-tracer targeting ß-galactosidase, the “gold-standard” biomarker of senescence",https://cordis.europa.eu/project/id/790668
cordis:792215,cordis,2018,UK,European Commission,195454.8,EUR,195454.8,Causes and consequences of senescence in wild insects,fundamental_aging,fundamental_aging,0.95,This project will study the evolutionary ecology of senescence – how and why biological performance declines with age.,https://cordis.europa.eu/project/id/792215
cordis:794087,cordis,2018,FI,European Commission,179325.6,EUR,179325.6,Genomics of Ageing in Elephants: Genomic architecture of senescence in a long-lived mammal,fundamental_aging,fundamental_aging,0.95,Genomics of Ageing in Elephants: Genomic architecture of senescence in a long-lived mammal,https://cordis.europa.eu/project/id/794087
cordis:794614,cordis,2018,IT,European Commission,244269,EUR,244269.0,3D printed COLLagen type I-Hydroxyapatite prostheses for the middle EAR,ambiguous,age_related_disease,0.72,Conductive hearing loss is a pathology that affects about 15% of the worldwide population and more than 40% of the elderly.,https://cordis.europa.eu/project/id/794614
cordis:794744,cordis,2018,ES,European Commission,158121.6,EUR,158121.6,Iron as a driver of fibrosis and regeneration,fundamental_aging,fundamental_aging,0.72,effect of iron on cellular senescence and on mouse models of fibrosis; and iron homeostasis in human patients with fibrosis,https://cordis.europa.eu/project/id/794744
cordis:794780,cordis,2019,IT,European Commission,262269,EUR,262269.0,"Catholicism and the “Negro Question”: Religion, Racism, and Antiracism in a Transnational Perspective (United States and Europe, 1934-1968)",ambiguous,ambiguous,0.9,This proposal aims to investigate how the Roman Catholic Church responded to the issue of anti-black racism from the 1930s to the age of decolonization,https://cordis.europa.eu/project/id/794780
cordis:795580,cordis,2018,FR,European Commission,173076,EUR,173076.0,Self-organized biomolecular gradients for controlling cellular behaviour in cell culture,age_related_disease,ambiguous,0.85,Self-organized biomolecular gradients for controlling cellular behaviour in cell culture,https://cordis.europa.eu/project/id/795580
cordis:795845,cordis,2018,ES,European Commission,170121.6,EUR,170121.6,Researching Environments that Magnify Health Everyday (REMEDHY),ambiguous,ambiguous,0.8,"Access to and engagement with nature is associated with greater longevity, more physical activity, restoration from stress, and a greater sense of wellbeing.",https://cordis.europa.eu/project/id/795845
cordis:797205,cordis,2019,AT,European Commission,178156.8,EUR,178156.8,Assessing transcriptional and nuclear pore aging in age-equivalent and rejuvenated induced neurons from Alzheimer patients,fundamental_aging,fundamental_aging,0.82,Assessing transcriptional and nuclear pore aging in age-equivalent and rejuvenated induced neurons from Alzheimer patients,https://cordis.europa.eu/project/id/797205
cordis:799017,cordis,2018,NL,European Commission,165598.8,EUR,165598.8,Killing Senescent Cells as a Novel Method to Eliminate Nevi,fundamental_aging,fundamental_aging,0.75,Killing Senescent Cells as a Novel Method to Eliminate Nevi,https://cordis.europa.eu/project/id/799017
cordis:799433,cordis,2018,DE,European Commission,171460.8,EUR,171460.8,Maturation of plant autophagosomes: mapping the route to sustainability,ambiguous,ambiguous,0.72,"Autophagy is involved in regulating plant longevity, fecundity, stress tolerance and pathogen resistance.",https://cordis.europa.eu/project/id/799433
cordis:799880,cordis,2018,UK,European Commission,122159.25,EUR,122159.25,Innovative tool for personalized treatment of patients with neovascular age-macular degeneration: dosage optimization for long term efficacy treatment,age_related_disease,age_related_disease,0.98,Innovative tool for personalized treatment of patients with neovascular age-macular degeneration: dosage optimization for long term efficacy treatment,https://cordis.europa.eu/project/id/799880
cordis:801076,cordis,2018,CH,European Commission,4578000,EUR,4578000.0,SSPH+ Global PhD Programme in Public Health Sciences,ambiguous,ambiguous,0.95,SSPH+ Global PhD Programme in Public Health Sciences,https://cordis.europa.eu/project/id/801076
cordis:801790,cordis,2019,DK,European Commission,1499230,EUR,1499230.0,Improving health in people with multimorbidity: a paradigm shift in health care from disease-based curative models to personalized exercise therapy and self-management,ambiguous,age_related_disease,0.7,Improving health in people with multimorbidity: a paradigm shift in health care from disease-based curative models to personalized exercise therapy and self-management,https://cordis.europa.eu/project/id/801790
cordis:802553,cordis,2019,PT,European Commission,1816004,EUR,1816004.0,Contentotopic mapping: the topographical organization of object knowledge in the brain,ambiguous,ambiguous,0.92,the topographical organization of object knowledge in the brain,https://cordis.europa.eu/project/id/802553
cordis:802568,cordis,2019,NL,European Commission,1499977,EUR,1499977.0,Who gets to live forever? Toward an Institutional Theory on the Decline and Death of International Organisations,ambiguous,ambiguous,0.9,This project addresses therefore the question why do IOs decline or die?,https://cordis.europa.eu/project/id/802568
cordis:802998,cordis,2019,NO,European Commission,1446113,EUR,1446113.0,Brains and minds in transition: The dark side of neuroplasticity during sensitive life phases,ambiguous,ambiguous,0.95,Brains and minds in transition: The dark side of neuroplasticity during sensitive life phases,https://cordis.europa.eu/project/id/802998
cordis:803239,cordis,2019,LU,European Commission,1148290,EUR,1148290.0,Cognitive Aging: From Educational Opportunities to Individual Risk Profiles,age_related_disease,age_related_disease,0.86,Cognitive impairment and dementia have dramatic individual and social consequences,https://cordis.europa.eu/project/id/803239
cordis:803466,cordis,2019,FI,European Commission,1499967,EUR,1499967.0,"Preservation and Efficacy of Music and Singing in Ageing, Aphasia, and Alzheimer’s Disease",age_related_disease,age_related_disease,0.72,"in severe ageing-related neurological disorders, such as post-stroke aphasia and Alzheimer’s disease (AD) dementia",https://cordis.europa.eu/project/id/803466
cordis:803992,cordis,2019,DE,European Commission,1489725,EUR,1489725.0,Epigenetic fine-tuning of T cells for improved adoptive cell therapy,fundamental_aging,fundamental_aging,0.72,utilizing the profound impact of epigenetic mechanisms on the senescence process as well as on the functional imprinting of T lymphocytes,https://cordis.europa.eu/project/id/803992
cordis:804229,cordis,2019,PT,European Commission,1496022,EUR,1496022.0,Zooming the link between diet and brain health: how phenolic metabolites modulate brain inflammation,ambiguous,age_related_disease,0.92,delay the onset of neurodegenerative diseases,https://cordis.europa.eu/project/id/804229
cordis:804477,cordis,2018,NO,European Commission,1993950,EUR,1993950.0,Ultra-secure data storage - and long-term preservation of digital and analogue data,ambiguous,ambiguous,0.9,Ultra-secure data storage - and long-term preservation of digital and analogue data,https://cordis.europa.eu/project/id/804477
cordis:804933,cordis,2019,CH,European Commission,1489520,EUR,1489520.0,Exploring the link between innate Immunity and cellular Aging,fundamental_aging,fundamental_aging,0.95,"cGAS-STING pathway in promoting cellular senescence, a critical stress response program that is emerging as a key driver of aging",https://cordis.europa.eu/project/id/804933
cordis:805057,cordis,2019,SE,European Commission,1500000,EUR,1500000.0,Paternal Epigenetic Inheritance: A man’s life experiences may impact health of his unborn children and grandchildren,ambiguous,ambiguous,0.8,Paternal Epigenetic Inheritance: A man’s life experiences may impact health of his unborn children and grandchildren,https://cordis.europa.eu/project/id/805057
cordis:806776,cordis,2019,NO,European Commission,5499882.25,EUR,5499882.25,Vaccines and Infectious Diseases in the Ageing PopuLation,fundamental_aging,fundamental_aging,0.78,assessing the ID burden and mechanisms of immunosenescence to provide evidence-based knowledge on vaccination strategies to establish healthy ageing,https://cordis.europa.eu/project/id/806776
cordis:806948,cordis,2018,DE,European Commission,18249992.5,EUR,18249992.5,European Screening Centre; Unique Library for Attractive Biology,ambiguous,ambiguous,0.95,ESCulab will facilitate the translation of fundamental scientific insights into innovative drug starting points.,https://cordis.europa.eu/project/id/806948
cordis:808887,cordis,2018,CH,European Commission,50000,EUR,50000.0,Safe and Readily Authenticated Pharmaceutical dosage forms (tablets),ambiguous,ambiguous,0.95,Safe and Readily Authenticated Pharmaceutical dosage forms (tablets),https://cordis.europa.eu/project/id/808887
cordis:809263,cordis,2018,CH,European Commission,50000,EUR,50000.0,"A natural, non-surgical, and safe facial filler which treats the root cause of facial ageing.",ambiguous,intervention,0.72,unique anti-aging Volumizer that combats facial aging at the source by increasing local fat tissue in the face,https://cordis.europa.eu/project/id/809263
cordis:812765,cordis,2019,DE,European Commission,4272380.36,EUR,4272380.36,Training innovative future leaders in research and development of materials and implants for the spine,ambiguous,ambiguous,0.7,"development and preclinical testing of such devices, with a focus on meeting current and future societal challenges related to implant longevity and biocompatibility",https://cordis.europa.eu/project/id/812765
cordis:812830,cordis,2019,DE,European Commission,3940623.99,EUR,3940623.99,Joint Training and Research Program on Lifespan Regulation Mechanisms in Health and Disease,ambiguous,fundamental_aging,0.96,core intellectual focus on the functional role of “Lifespan Regulation Mechanisms in Health and Disease”,https://cordis.europa.eu/project/id/812830
cordis:813196,cordis,2019,DE,European Commission,3998048.04,EUR,3998048.04,Dementia: Intersectorial Strategy for Training and Innovation Network for Current Technology (DISTINCT),age_related_disease,care,0.6,improving technology and care for people with dementia and their carers,https://cordis.europa.eu/project/id/813196
cordis:813343,cordis,2019,NL,European Commission,4054106.16,EUR,4054106.16,INnate-ImmunomeTabolIsm as Antiviral TargEt,ambiguous,ambiguous,0.9,INnate-ImmunomeTabolIsm as Antiviral TargEt,https://cordis.europa.eu/project/id/813343
cordis:814072,cordis,2018,NL,European Commission,4091894.28,EUR,4091894.28,The European Training Network on Informal Care,care,care,0.98,the needs of older/ill individuals for long-term care rise rapidly while the availability of informal caregivers decrease.,https://cordis.europa.eu/project/id/814072
cordis:814410,cordis,2019,IE,European Commission,5660096.25,EUR,5660096.25,Active aGeIng and Osteoporosis: The next challenge for smarT nanobiOmaterials and 3D technologies,age_related_disease,age_related_disease,0.95,"Osteoporosis is a systemic, degenerative disorder, predominantly affecting postmenopausal women",https://cordis.europa.eu/project/id/814410
cordis:814413,cordis,2019,FR,European Commission,5397480,EUR,5397480.0,ADvanced nanocomposite MAterIals fOr in situ treatment and ultRAsound-mediated management of osteoarthritis,age_related_disease,age_related_disease,0.95,Osteoarthritis (OA) is a major burden that affects ~ 40 million of EU citizens,https://cordis.europa.eu/project/id/814413
cordis:814495,cordis,2019,IE,European Commission,5799088.75,EUR,5799088.75,EVPRO - Development of Extracellular Vesicles loaded hydrogel coatings with immunomodulatory activity for Promoted Regenerative Osseointegration of revision endoprosthesis,ambiguous,ambiguous,0.9,Development of Extracellular Vesicles loaded hydrogel coatings with immunomodulatory activity for Promoted Regenerative Osseointegration,https://cordis.europa.eu/project/id/814495
cordis:816678,cordis,2018,CH,European Commission,50000,EUR,50000.0,The first magnetic angular sensor which integrates high accuracy for high rotational speed,ambiguous,ambiguous,0.95,The first magnetic angular sensor which integrates high accuracy for high rotational speed,https://cordis.europa.eu/project/id/816678
cordis:817617,cordis,2019,DK,European Commission,4998096.19,EUR,4998096.19,Stepping-up IPM decision support for crop protection,ambiguous,ambiguous,0.85,Stepping-up IPM decision support for crop protection,https://cordis.europa.eu/project/id/817617
cordis:818098,cordis,2019,IT,European Commission,1708206,EUR,1708206.0,The Accademia del Cimento in Florence: tracing the roots of the European scientific enterprise,ambiguous,ambiguous,0.9,The Accademia del Cimento (Florence) is the first European society to put experimentation at the core of scientific activity,https://cordis.europa.eu/project/id/818098
cordis:818190,cordis,2019,DE,European Commission,4998188.75,EUR,4998188.75,Co-design of novel contract models for innovative agri-environmental-climate measures and for valorisation of environmental public goods,ambiguous,ambiguous,0.9,The overall objective of Contracts2.0 is to develop novel contract-based approaches to incentivise farmers for the increased provision of environmental public goods,https://cordis.europa.eu/project/id/818190
cordis:819649,cordis,2019,IT,European Commission,1997803,EUR,1997803.0,Face Aesthetics in Contemporary E-Technological Societies,ambiguous,ambiguous,0.95,FACETS studies the meaning of the face in contemporary visual cultures.,https://cordis.europa.eu/project/id/819649
cordis:819814,cordis,2019,ES,European Commission,2000000,EUR,2000000.0,Human Subcortical-Cortical Circuit Dynamics for Remembering the Exceptional,ambiguous,ambiguous,0.85,Understanding how we form and retrieve long-term memories for important or salient events is critical for combating the rapidly growing incidence of pathologies associated with memory dysfunction,https://cordis.europa.eu/project/id/819814
cordis:820331,cordis,2019,FR,European Commission,4997778,EUR,4997778.0,PRemature Obsolescence Multi-Stakeholder Product Testing Program,ambiguous,ambiguous,0.95,Waste production and resource use is increasing for electric and electronic consumer products.,https://cordis.europa.eu/project/id/820331
cordis:822337,cordis,2019,FI,European Commission,2998558.75,EUR,2998558.75,"Populism And Civic Engagement – a fine-grained, dynamic, context-sensitive and forward-looking response to negative populist tendencies",ambiguous,ambiguous,0.95,"Populism And Civic Engagement – a fine-grained, dynamic, context-sensitive and forward-looking response to negative populist tendencies",https://cordis.europa.eu/project/id/822337
cordis:825512,cordis,2019,CH,European Commission,7048625,EUR,7048625.0,Functional surface treatments using ultra-short pulse laser system FemtoSurf,ambiguous,ambiguous,0.9,Functional surface treatments using ultra-short pulse laser system FemtoSurf,https://cordis.europa.eu/project/id/825512
cordis:825664,cordis,2019,CZ,European Commission,11010911.34,EUR,11010911.34,ERA-NET to support the Joint Programming in Neurodegenerative Diseases strategic plan (JPND),age_related_disease,age_related_disease,0.95,"Worldwide, nearly 47 million people are currently estimated to be living with dementia",https://cordis.europa.eu/project/id/825664
cordis:825828,cordis,2019,CA,European Commission,14931337.5,EUR,14931337.5,EXpanding Platforms for Efficacious mRNA Therapeutics,age_related_disease,age_related_disease,0.78,we will perform a first-in-man clinical study for an intratumorally administered immunostimulatory mRNA-nanomedicine in cancer patients,https://cordis.europa.eu/project/id/825828
cordis:826909,cordis,2018,ES,European Commission,50000,EUR,50000.0,Fast and effective diagnostic test for the early detection of residual tumours to prevent cancer recurrence,fundamental_aging,age_related_disease,0.82,diagnostic test for the early detection of residual tumours to prevent cancer recurrence,https://cordis.europa.eu/project/id/826909
cordis:827153,cordis,2018,CH,European Commission,50000,EUR,50000.0,Novel Drug Therapy with Potential to Cure Neuro-Degenerative Diseases,age_related_disease,age_related_disease,0.92,Novel Drug Therapy with Potential to Cure Neuro-Degenerative Diseases,https://cordis.europa.eu/project/id/827153
cordis:828984,cordis,2019,DE,European Commission,2904413.75,EUR,2904413.75,Light and Organic Nanotechnology for Cardiovascular Disease,age_related_disease,age_related_disease,0.96,"Cardiovascular (CV) disease is the leading cause of mortality and morbidity worldwide, with an increasing incidence in the aging population",https://cordis.europa.eu/project/id/828984
cordis:832543,cordis,2020,ES,European Commission,269939.52,EUR,269939.52,Sex-specific and multi-generational effects  of an optimized diet,ambiguous,ambiguous,0.65,diets that maximise components of reproduction and longevity,https://cordis.europa.eu/project/id/832543
cordis:833247,cordis,2019,NL,European Commission,2500000,EUR,2500000.0,Trained immunity: improving the next generation of vaccines for the older generation,ambiguous,fundamental_aging,0.7,we need to understand how these factors are impacted by age and gender of the host,https://cordis.europa.eu/project/id/833247
cordis:833691,cordis,2020,HU,European Commission,2499947,EUR,2499947.0,"Women’s labour activism in Eastern Europe and transnationally, from the age of empires to the late 20th century",ambiguous,ambiguous,0.9,ZARAH explores the history of women’s labour activism and organizing to improve labour conditions and life circumstances of lower and working class women,https://cordis.europa.eu/project/id/833691
cordis:834259,cordis,2020,DE,European Commission,2500000,EUR,2500000.0,Nucleolar regulation of longevity,intervention,fundamental_aging,0.95,"small nucleoli are a cellular hallmark of longevity in diverse species, and a correlate of metabolic health in humans",https://cordis.europa.eu/project/id/834259
cordis:834653,cordis,2019,UK,European Commission,2445128.75,EUR,2445128.75,"Counting the cost of living: mitochondrial efficiency, environmental conditions, and performance in the wild",fundamental_aging,ambiguous,0.75,shifting the focus onto the efficiency with which mitochondria produce ATP,https://cordis.europa.eu/project/id/834653
cordis:835103,cordis,2019,IT,European Commission,2497500,EUR,2497500.0,The role of damage-induced non coding RNA in the control of DNA damage response activation at telomeres in aging,fundamental_aging,fundamental_aging,0.95,Genome instability is a hallmark of cellular and organismal aging.,https://cordis.europa.eu/project/id/835103
cordis:836792,cordis,2019,UK,European Commission,224933.76,EUR,224933.76,Electrical Discharge Machining for enhanced osseointegration and antibacterial capabilities of β-phase Titanium Implant,ambiguous,ambiguous,0.82,the aim is to develop a competent surface modification technique which will promote improved osseointegration whilst retaining antimicrobial activity,https://cordis.europa.eu/project/id/836792
cordis:837139,cordis,2018,TR,European Commission,50000,EUR,50000.0,Nano Diamond Powder Additive for Cosmetics,ambiguous,ambiguous,0.75,"provide greater anti-aging effects, deeper penetration, healthier experience and added value",https://cordis.europa.eu/project/id/837139
cordis:838317,cordis,2019,ES,European Commission,172932.48,EUR,172932.48,Role of CONSTANS in flower longevity,fundamental_aging,ambiguous,0.78,"discover its role in autophagy and flower senescence, and modify flower longevity by alteration of CO expression",https://cordis.europa.eu/project/id/838317
cordis:838793,cordis,2021,IT,European Commission,183473.28,EUR,183473.28,Mechanisms that maintain centromere DNA repeats stability in human cells.,fundamental_aging,fundamental_aging,0.65,consequences of centromere dysfunction in driving cancer and aging,https://cordis.europa.eu/project/id/838793
cordis:839136,cordis,2019,UK,European Commission,224933.76,EUR,224933.76,High efficiency and stability perovskite solar cells based on the functionalized charge transport layers,ambiguous,ambiguous,0.9,High efficiency and stability perovskite solar cells based on the functionalized charge transport layers,https://cordis.europa.eu/project/id/839136
cordis:842174,cordis,2019,UK,European Commission,149872,EUR,149872.0,An integrated high-throughput human cell and Drosophila screening platform for the expedited discovery of anti-ageing compounds,intervention,intervention,0.95,screening platform for the expedited discovery of anti-ageing compounds,https://cordis.europa.eu/project/id/842174
cordis:842619,cordis,2019,US,European Commission,266345.28,EUR,266345.28,Deciphering intrarenal communication to unvail mechanisms of chronic kidney diseases,age_related_disease,age_related_disease,0.9,Deciphering intrarenal communication to unvail mechanisms of chronic kidney diseases,https://cordis.europa.eu/project/id/842619
cordis:843405,cordis,2020,DE,European Commission,174806.4,EUR,174806.4,Development of a simple and rapid assay for early diphtheria diagnosis.,ambiguous,ambiguous,0.7,Development of a simple and rapid assay for early diphtheria diagnosis.,https://cordis.europa.eu/project/id/843405
cordis:844167,cordis,2019,US,European Commission,278840.64,EUR,278840.64,Fake news and pseudo-science as post-modern mythology: The case of the anti-vaccination movement,ambiguous,ambiguous,0.95,"FAKEOLOGY draws links between pseudoscience, populism and health literacy and focuses on the anti-vaccination movement",https://cordis.europa.eu/project/id/844167
cordis:844403,cordis,2020,NL,European Commission,187572.48,EUR,187572.48,"Oxygen, telomeres and sex: experimental elucidation of oxidative stress effects in life history evolution",fundamental_aging,fundamental_aging,0.91,elucidate oxidative stress effects on (cellular) ageing and key fitness components,https://cordis.europa.eu/project/id/844403
cordis:844446,cordis,2020,DK,European Commission,219312,EUR,219312.0,"DNA, Environment, Mineral Association: Reaction Kinetics",ambiguous,ambiguous,0.9,Understanding which minerals and environmental conditions provide the best preservation of adsorbed DNA,https://cordis.europa.eu/project/id/844446
cordis:844712,cordis,2019,SE,European Commission,203852.16,EUR,203852.16,Plasma cell heterogeneity and dynamics in patient tumors,age_related_disease,age_related_disease,0.92,Plasma cell heterogeneity and dynamics in patient tumors,https://cordis.europa.eu/project/id/844712
cordis:846387,cordis,2019,FR,European Commission,196707.84,EUR,196707.84,Integrated analysis of regulatory networks modulating seed coat permeability in natural accessions,ambiguous,ambiguous,0.75,"The regulatory mechanisms that modulate seed coat permeability are, however, not well understood.",https://cordis.europa.eu/project/id/846387
cordis:846477,cordis,2020,FR,European Commission,196707.84,EUR,196707.84,Self-Healing Hydrogels for Material-Assisted Cell therapy in Osteoarthritis,age_related_disease,age_related_disease,0.92,Osteoarthritis (OA) is an incurable and painful disease.,https://cordis.europa.eu/project/id/846477
cordis:846839,cordis,2020,NL,European Commission,175572.48,EUR,175572.48,A self-esteem process framework of the transition to work,ambiguous,ambiguous,0.9,examine the impact of the work transition on self-esteem,https://cordis.europa.eu/project/id/846839
cordis:847776,cordis,2020,DK,European Commission,5998613.75,EUR,5998613.75,Predicting comorbid cardiovascular disease in individuals with mental disorder by decoding disease mechanisms,age_related_disease,age_related_disease,0.9,Predicting comorbid cardiovascular disease in individuals with mental disorder by decoding disease mechanisms,https://cordis.europa.eu/project/id/847776
cordis:847939,cordis,2020,IT,European Commission,9983029,EUR,9983029.0,Immune profiling to guide host-directed interventions to cure HBV infections,ambiguous,ambiguous,0.7,Immune profiling to guide host-directed interventions to cure HBV infections,https://cordis.europa.eu/project/id/847939
cordis:847943,cordis,2020,DK,European Commission,9994383.75,EUR,9994383.75,"Microbiome-based stratification of individuals at risk of HIV-1 acquisition, chronic clinical complications,antimicrobial drug resistance,and unresponsiveness to therapeutic HIV-1 vaccination",age_related_disease,ambiguous,0.78,chronic inflammation and accelerated aging,https://cordis.europa.eu/project/id/847943
cordis:847955,cordis,2019,BE,European Commission,2364371.63,EUR,2364371.63,The most advanced micromotors in the world,ambiguous,ambiguous,0.95,"The most important component that determines motor performance, functionality and longevity, is the copper winding",https://cordis.europa.eu/project/id/847955
cordis:848109,cordis,2020,UK,European Commission,6000000,EUR,6000000.0,MiCrovasculaR rarefaction in vascUlar Cognitive Impairement and heArt faiLure,age_related_disease,age_related_disease,0.92,"Vascular dementia and heart failure represent major health burden to morbidity, mortality and quality of life.",https://cordis.europa.eu/project/id/848109
cordis:848166,cordis,2020,DE,European Commission,6084975.76,EUR,6084975.76,Improved Vaccination Strategies for Older Adults,fundamental_aging,fundamental_aging,0.82,using modulators of T cell immunosenescence and inflammageing,https://cordis.europa.eu/project/id/848166
cordis:850934,cordis,2020,FR,European Commission,1498365,EUR,1498365.0,The importance of cellular sex in physiology and the underlying mechanisms,ambiguous,ambiguous,0.85,aims to understand how cellular sex impacts physiology across the body using Drosophila as an in vivo model,https://cordis.europa.eu/project/id/850934
cordis:852086,cordis,2020,AT,European Commission,1499565,EUR,1499565.0,Age-dependent mechanisms of sporadic Alzheimer’s Disease in patient-derived neurons,age_related_disease,age_related_disease,0.88,Sporadic Alzheimer’s Disease (AD) accounts for the overwhelming majority of all AD cases and exclusively affects people at old age.,https://cordis.europa.eu/project/id/852086
cordis:852178,cordis,2020,DE,European Commission,1499100,EUR,1499100.0,From iPSC-Macrophage Biology Towards Regenerative Therapies Targeting Respiratory Infections,ambiguous,ambiguous,0.9,From iPSC-Macrophage Biology Towards Regenerative Therapies Targeting Respiratory Infections,https://cordis.europa.eu/project/id/852178
cordis:853057,cordis,2020,IT,European Commission,1462500,EUR,1462500.0,Promyelocytic leukemia protein (PML) outside the tumor: a new player in the control of inflammation,age_related_disease,age_related_disease,0.78,neuroinflammatory diseases ... neurodegenerative diseases and epilepsy,https://cordis.europa.eu/project/id/853057
cordis:853932,cordis,2019,NL,European Commission,5687983.75,EUR,5687983.75,Progress novel assets (one FIH start) for non-tubercular mycobacteria that may act synergistically with bedaquiline,ambiguous,ambiguous,0.75,Progress novel assets (one FIH start) for non-tubercular mycobacteria that may act synergistically with bedaquiline,https://cordis.europa.eu/project/id/853932
cordis:856487,cordis,2020,IL,European Commission,8687500,EUR,8687500.0,Systems biology of the individual stochastic timer of aging,fundamental_aging,fundamental_aging,0.96,identify the stochastic timer of aging and develop methods to read the timer and turn it back,https://cordis.europa.eu/project/id/856487
cordis:856602,cordis,2019,EE,European Commission,15000000,EUR,15000000.0,Establishment of Smart City Center of Excellence,ambiguous,ambiguous,0.85,The FINEST Twins project will build a multidisciplinary smart-city Center of Excellence (CoE),https://cordis.europa.eu/project/id/856602
cordis:856871,cordis,2019,BG,European Commission,2499978.75,EUR,2499978.75,TRANSTEM: ERA Chair in Translational Stem Cell Biology,ambiguous,ambiguous,0.85,TRANSTEM: ERA Chair in Translational Stem Cell Biology,https://cordis.europa.eu/project/id/856871
cordis:856960,cordis,2019,IT,European Commission,5040000,EUR,5040000.0,Digital solutions supporting continuum of care for frailty prevention in old adults,age_related_disease,care,0.95,Digital solutions supporting continuum of care for frailty prevention in old adults,https://cordis.europa.eu/project/id/856960
cordis:857203,cordis,2019,FI,European Commission,800000,EUR,800000.0,Imaging life from Molecules to cells - building knowledge on Cryo-electron microscopy methodologies,age_related_disease,ambiguous,0.85,IMpaCT will improve the expertise at the UNL in Cryo-EM methodologies applied to the structural studies of proteins related to human health,https://cordis.europa.eu/project/id/857203
cordis:857394,cordis,2019,AT,European Commission,799406.25,EUR,799406.25,Networking for excellence in functional pharmacology to study the role of fatty acid metabolism in neurological disorders,ambiguous,ambiguous,0.65,The aim of FAT4BRAIN is to establish a network of excellence focused on the pivotal and common role of fatty acid metabolism in the development of neurological disorders,https://cordis.europa.eu/project/id/857394
cordis:857518,cordis,2019,EE,European Commission,796550,EUR,796550.0,Molecular Infection Biology Estonia - Research capacity building,ambiguous,ambiguous,0.9,"As the frequency of latent infections increases with age, it is a major concern for aging societies.",https://cordis.europa.eu/project/id/857518
cordis:857524,cordis,2020,PT,European Commission,15000000,EUR,15000000.0,Multidisciplinary Institute of Ageing - Portugal,ambiguous,fundamental_aging,0.75,"Based on an international forefront position in Biology of Ageing, it will create knowledge to promote healthy living",https://cordis.europa.eu/project/id/857524
cordis:857560,cordis,2020,CZ,European Commission,14296466.25,EUR,14296466.25,CETOCOEN Excellence,ambiguous,ambiguous,0.7,role of environmental factors in human health and aging,https://cordis.europa.eu/project/id/857560
cordis:858753,cordis,2019,CH,European Commission,2495176.25,EUR,2495176.25,Anti-L1CAM antibody: A novel efficacious immunotherapy for pancreatic and ovarian cancer patients,age_related_disease,age_related_disease,0.98,developing an anti-L1CAM antibody as a novel efficacious immunotherapy for the treatment of pancreatic and ovarian cancer,https://cordis.europa.eu/project/id/858753
cordis:859458,cordis,2020,DE,European Commission,3089569.68,EUR,3089569.68,Targeted Anti-Cancer Therapies,age_related_disease,age_related_disease,0.95,Targeted Anti-Cancer Therapies,https://cordis.europa.eu/project/id/859458
cordis:859890,cordis,2020,IE,European Commission,3946980.96,EUR,3946980.96,Gut-brain-axis: Targets for improvement of cognition in the elderly,ambiguous,fundamental_aging,0.68,SmartAge will elucidate the role of the microbiome-gut-brain axis in aging and its impact on cognition.,https://cordis.europa.eu/project/id/859890
cordis:861138,cordis,2020,BG,European Commission,3845532.12,EUR,3845532.12,Antimicrobial Integrated Methodologies for orthopaedic applications,ambiguous,ambiguous,0.85,Antimicrobial Integrated Methodologies for orthopaedic applications,https://cordis.europa.eu/project/id/861138
cordis:862017,cordis,2020,NL,European Commission,7910280,EUR,7910280.0,Application of Functionally Graded Materials to Extra-Large Structures,ambiguous,ambiguous,0.9,Application of Functionally Graded Materials to Extra-Large Structures,https://cordis.europa.eu/project/id/862017
cordis:862714,cordis,2019,UK,European Commission,2994878.75,EUR,2994878.75,In-vivo Gene Editing by NanotransducErs,ambiguous,ambiguous,0.85,CRISPR/Cas9 and enzyme-based editors hold promise for genome surgery,https://cordis.europa.eu/project/id/862714
cordis:864174,cordis,2020,UK,European Commission,1990328.75,EUR,1990328.75,"Musical and Poetic Creativity for A Unique Moment in the Western Christian Liturgy, c.1000-1500",ambiguous,ambiguous,0.9,BENEDICAMUS pursues a transformative focus on creative practices surrounding a particular moment in the Western Christian liturgy,https://cordis.europa.eu/project/id/864174
cordis:864301,cordis,2019,FR,European Commission,50000,EUR,50000.0,A revolutionary regenerative therapy for management of chronic inflammatory diseases based on neonatal Mesenchymal Stem Cells,age_related_disease,age_related_disease,0.87,"Osteoarthritis (OA) is one of the leading inflammatory diseases, affecting both humans (incidence 15%) and pets (20%), incurring disability and large economic burden.",https://cordis.europa.eu/project/id/864301
cordis:864461,cordis,2020,UK,European Commission,1999716,EUR,1999716.0,The Evolutionary Origins of Friendship: A Cross-Species Comparison and Experimental Approach,ambiguous,ambiguous,0.92,the evolutionary origins of friendship and the degree to which friendship’s components reflect human specializations are unclear,https://cordis.europa.eu/project/id/864461
cordis:864921,cordis,2020,UK,European Commission,1999905,EUR,1999905.0,Decoding protein persulfidation signaling,fundamental_aging,fundamental_aging,0.65,the lifespan extensions by the dietary restriction are caused by H2S accumulation,https://cordis.europa.eu/project/id/864921
cordis:866929,cordis,2019,NO,European Commission,50000,EUR,50000.0,"Smart charger device to increase smartphones’ battery lifetime, prevent fire accidents, and provide cross-brand flexibility",ambiguous,ambiguous,0.95,"Smart charger device to increase smartphones' battery lifetime, prevent fire accidents, and provide cross-brand flexibility",https://cordis.europa.eu/project/id/866929
cordis:867992,cordis,2019,FI,European Commission,50000,EUR,50000.0,Yetitablet - the most intuitive and versatile giant tablet,ambiguous,ambiguous,0.85,Large screens are highly effective for the elderly and impaired.,https://cordis.europa.eu/project/id/867992
cordis:870619,cordis,2020,BE,European Commission,3244294,EUR,3244294.0,"Working, Yet Poor",ambiguous,ambiguous,0.9,the increasing social trend of working people at risk or below the poverty line,https://cordis.europa.eu/project/id/870619
cordis:870628,cordis,2019,FR,European Commission,4963432.5,EUR,4963432.5,Cohesion in further developing and innovating SHARE across all 28 member countries,care,ambiguous,0.85,"SHARE, the Survey of Health, Ageing and Retirement in Europe, is a research infrastructure to better understand and cope with the challenges and chances of population ageing.",https://cordis.europa.eu/project/id/870628
cordis:870883,cordis,2020,IE,European Commission,2994596.25,EUR,2994596.25,"Policy, Expertise, and Trust in Action",ambiguous,ambiguous,0.9,"PEriTiA brings together philosophers, social and natural scientists, policy experts, ethicists, psychologists, media specialists and civil society organisations to conduct a comprehensive multi-disciplinary investigation",https://cordis.europa.eu/project/id/870883
cordis:871029,cordis,2020,IT,European Commission,13902748.75,EUR,13902748.75,European Virus Archive GLOBAL,ambiguous,ambiguous,0.92,"European Virus Archive GLOBAL EVA-GLOBAL gathers 38 academic institutions at the forefront of human, animal and plant research in Virology",https://cordis.europa.eu/project/id/871029
cordis:874456,cordis,2021,EL,European Commission,150000,EUR,150000.0,An exosome-based therapeutic approach against chronic inflammation,age_related_disease,ambiguous,0.7,An exosome-based therapeutic approach against chronic inflammation,https://cordis.europa.eu/project/id/874456
cordis:874700,cordis,2020,DE,European Commission,6844625,EUR,6844625.0,New Generation Cell Therapy: Bioartificial Pancreas to Cure Type 1 Diabetes,age_related_disease,age_related_disease,0.9,New Generation Cell Therapy: Bioartificial Pancreas to Cure Type 1 Diabetes,https://cordis.europa.eu/project/id/874700
cordis:874850,cordis,2020,FR,European Commission,13910747.25,EUR,13910747.25,MOnitoring Outbreak events for Disease surveillance in a data science context,ambiguous,ambiguous,0.95,"The MOOD project aims at harness the data mining and analytical techniques to the big data originating from multiple sources to improve detection, monitoring, and assessment of emerging diseases",https://cordis.europa.eu/project/id/874850
cordis:875209,cordis,2020,DE,European Commission,6379670.88,EUR,6379670.88,INTEGRATED PERSONALIZED CARE FOR PATIENTS WITH ADVANCED CHRONIC DISEASES TO IMPROVE HEALTH AND QUALITY OF LIFE,care,care,0.95,"ADLIFE aims to provide a solution for the integration of therapies and approaches targeting early detection and assessment of deterioration, advanced and well-coordinated care planning and integrated supportive care",https://cordis.europa.eu/project/id/875209
cordis:875510,cordis,2020,NL,European Commission,27935000,EUR,27935000.0,EUbOPEN: Enabling and Unlocking biology in the OPEN,age_related_disease,age_related_disease,0.7,"Diseases of particular focus will be inflammatory bowel disease, cancer and neurodegeneration.",https://cordis.europa.eu/project/id/875510
cordis:876634,cordis,2019,IL,European Commission,50000,EUR,50000.0,A novel approach of organ preservation using anti-necrosis agent before transplantation.,ambiguous,ambiguous,0.95,A novel approach of organ preservation using anti-necrosis agent before transplantation.,https://cordis.europa.eu/project/id/876634
cordis:877011,cordis,2019,SE,European Commission,50000,EUR,50000.0,Next-Generation Urinary Catheters for Preventing Catheter Associated Urinary Tract Infections: Emphasis on Antibiotic Resistance,care,ambiguous,0.85,A strong need exists for new anti-infective catheters that can prevent CAUTIs by enabling a new function that prevents bacterial attachment onto the catheter surface.,https://cordis.europa.eu/project/id/877011
cordis:877042,cordis,2019,CH,European Commission,50000,EUR,50000.0,"A feasibility study for SYT-510, a first-in-class drug to treat neuropsychiatric disorders through restoring overall balance in brain chemistry",ambiguous,ambiguous,0.75,"A feasibility study for SYT-510, a first-in-class drug to treat neuropsychiatric disorders through restoring overall balance in brain chemistry",https://cordis.europa.eu/project/id/877042
cordis:877740,cordis,2019,IE,European Commission,50000,EUR,50000.0,Dramatically improving chronic knee pain from osteoarthritis using an active steering telescopic microcatheter device in conjunction with a new ultra-low friction hydrophilic coating,age_related_disease,age_related_disease,0.98,Dramatically improving chronic knee pain from osteoarthritis using an active steering telescopic microcatheter device,https://cordis.europa.eu/project/id/877740
cordis:877928,cordis,2019,ES,European Commission,50000,EUR,50000.0,PAPRAT  (Predictive Algorithm for Pre-Rheumatoid Arthritis Treatment). The new and most efficient multiple biomarkers-based system for an early selection of RA treatment intensity,age_related_disease,age_related_disease,0.78,Rheumatoid arthritis (RA) affects 1% of world population ... An early and personalized treatment can greatly improve its outcome,https://cordis.europa.eu/project/id/877928
cordis:878376,cordis,2019,IL,European Commission,50000,EUR,50000.0,A natural and high quality ingredient for dietary supplement derived from yeast fermentation to reduce oxidative stress and promote health and wellbeing,age_related_disease,ambiguous,0.75,A natural and high quality ingredient for dietary supplement derived from yeast fermentation to reduce oxidative stress and promote health and wellbeing,https://cordis.europa.eu/project/id/878376
cordis:883552,cordis,2020,IL,European Commission,3200000,EUR,3200000.0,Targeting cancer vulnerabilities in acute leukemia,age_related_disease,age_related_disease,0.95,Targeting cancer vulnerabilities in acute leukemia,https://cordis.europa.eu/project/id/883552
cordis:886190,cordis,2020,BE,European Commission,166320,EUR,166320.0,Design study of an innovative high-intensity industrial cyclotron for production of Tc-99m and other frontier medical radioisotopes,ambiguous,ambiguous,0.9,Design study of an innovative high-intensity industrial cyclotron for production of Tc-99m and other frontier medical radioisotopes,https://cordis.europa.eu/project/id/886190
cordis:887195,cordis,2020,NL,European Commission,50000,EUR,50000.0,Mine Kafon Drone: An Unmanned Airborne Demining System,ambiguous,ambiguous,0.9,Mine Kafon Drone: An Unmanned Airborne Demining System,https://cordis.europa.eu/project/id/887195
cordis:892572,cordis,2020,NL,European Commission,175572.48,EUR,175572.48,Molecular Imaging of Microglia,age_related_disease,age_related_disease,0.82,"The societal burden of brain disorders, such as multiple sclerosis (MS), Alzheimer’s and Parkinson’s disease is enormous",https://cordis.europa.eu/project/id/892572
cordis:892889,cordis,2021,DK,European Commission,207312,EUR,207312.0,The protein archive: preservation potential of ancient human diets and diseases.,ambiguous,ambiguous,0.9,The protein archive: preservation potential of ancient human diets and diseases.,https://cordis.europa.eu/project/id/892889
cordis:893077,cordis,2021,SI,European Commission,155288.64,EUR,155288.64,Controlling the susceptibility of biological cells to pulsed electric field treatment by using ion channel modulators,ambiguous,ambiguous,0.9,Controlling the susceptibility of biological cells to pulsed electric field treatment by using ion channel modulators,https://cordis.europa.eu/project/id/893077
cordis:893435,cordis,2020,LU,European Commission,178320,EUR,178320.0,The function and biomarker potential of mitochondrial microRNAs in hypertension,age_related_disease,age_related_disease,0.86,The function and biomarker potential of mitochondrial microRNAs in hypertension,https://cordis.europa.eu/project/id/893435
cordis:894001,cordis,2020,IE,European Commission,196590.72,EUR,196590.72,Elucidating the molecular mechanisms of age-related muscle loss to inform Artificial Intelligence-based discovery of novel peptide therapeutics for sarcopenia.,fundamental_aging,fundamental_aging,0.85,impact of cellular-ageing and senescence on the advancement of sarcopenia-induced muscle wastage,https://cordis.europa.eu/project/id/894001
cordis:894837,cordis,2020,IE,European Commission,196590.72,EUR,196590.72,Development of a connexon-proteoliposome delivery system to ameliorate inflammatory and mechanical stress responses in the regeneration of osteoarthritic cartilage,fundamental_aging,age_related_disease,0.91,"Regenerative medicine strategies using engineered scaffolds have shown promise to regenerate cartilage in degenerative conditions (e.g. osteoarthritis, OA).",https://cordis.europa.eu/project/id/894837
cordis:894917,cordis,2021,IT,European Commission,183473.28,EUR,183473.28,Exploiting superlongevous model mammals to explore new links between protein and organelle homeostasis and lifespan extension,fundamental_aging,fundamental_aging,0.96,new links between protein and organelle homeostasis and lifespan extension,https://cordis.europa.eu/project/id/894917
cordis:894963,cordis,2021,FR,European Commission,184707.84,EUR,184707.84,Mechanisms linking stress and ageing in two avian species exhibiting contrasted natural resistance to stress (NAtural REsistance to Stress-Induced Cellular Ageing),fundamental_aging,fundamental_aging,0.95,investigate the precise mechanisms linking stress exposure to accelerated cellular ageing (using telomere length as a biomarker of ageing),https://cordis.europa.eu/project/id/894963
cordis:895529,cordis,2021,NL,European Commission,175572.48,EUR,175572.48,Identifying neuronal or muscle cell-specific suppressors that rescue motility defects in the ALS model of the nematode worm Caenorhabditis elegans,ambiguous,age_related_disease,0.95,Amyotrophic lateral sclerosis (ALS) is a fatal disease that progressively causes loss of neuronal and muscle function,https://cordis.europa.eu/project/id/895529
cordis:895984,cordis,2020,ES,European Commission,160932.48,EUR,160932.48,Epitranscriptomics at the crossroads of metabolism and cellular ageing,fundamental_aging,fundamental_aging,0.91,investigate cell decline linked to obesity and ageing through the lenses of RNA modifications,https://cordis.europa.eu/project/id/895984
cordis:896403,cordis,2021,ES,European Commission,172932.48,EUR,172932.48,Senescence as a key factor in leukemogenesis and bone marrow homeostasis in aging,fundamental_aging,fundamental_aging,0.78,Senescence as a key factor in leukemogenesis and bone marrow homeostasis in aging,https://cordis.europa.eu/project/id/896403
cordis:896821,cordis,2022,UK,European Commission,224933.76,EUR,224933.76,Analyzing emerging patterns of mortality through lifespan inequalities on a global scale,ambiguous,ambiguous,0.8,Analyzing emerging patterns of mortality through lifespan inequalities on a global scale,https://cordis.europa.eu/project/id/896821
cordis:897131,cordis,2020,UK,European Commission,224933.76,EUR,224933.76,MRTF/SRF signalling in regulation of cell senescence and melanoma progression,fundamental_aging,fundamental_aging,0.8,MRTF/SRF signalling in regulation of cell senescence and melanoma progression,https://cordis.europa.eu/project/id/897131
cordis:898685,cordis,2020,HR,European Commission,147463.68,EUR,147463.68,Deciphering the mechanism of cellular aging: interaction of oxidatively damaged proteins with the cellular membranes,fundamental_aging,fundamental_aging,0.98,Deciphering the mechanism of cellular aging: interaction of oxidatively damaged proteins with the cellular membranes,https://cordis.europa.eu/project/id/898685
cordis:899287,cordis,2020,NL,European Commission,3998681.25,EUR,3998681.25,Neural Active Visual Prosthetics for Restoring Function,ambiguous,ambiguous,0.85,Neural Active Visual Prosthetics for Restoring Function,https://cordis.europa.eu/project/id/899287
cordis:899352,cordis,2020,ES,European Commission,4207626.25,EUR,4207626.25,Sustainable Smart De-Icing by Surface Engineering of Acoustic Waves,ambiguous,ambiguous,0.96,"anti-icing capacity, and aging resistance",https://cordis.europa.eu/project/id/899352
cordis:899671,cordis,2021,ES,European Commission,6366148.5,EUR,6366148.5,PCOS IN ADOLESCENT GIRLS AND YOUNG WOMEN: TOWARD A TREATMENT GUIDED BY PATHOPHYSIOLOGY,intervention,ambiguous,0.85,"Polycystic Ovary Syndrome (PCOS) is the most prevalent, chronic endocrine-metabolic disorder of adolescents and young women",https://cordis.europa.eu/project/id/899671
cordis:945153,cordis,2021,DK,European Commission,6293854.82,EUR,6293854.82,Get strong to fight childhood cancer: an exercise intervention for children and adolescents undergoing anti-cancer treatment,age_related_disease,age_related_disease,0.85,exercise intervention for children and adolescents undergoing anti-cancer treatment,https://cordis.europa.eu/project/id/945153
cordis:945528,cordis,2021,DE,European Commission,1495000,EUR,1495000.0,Integrative mechanistic and multi-omics Modelling of Antigen Presentation to predict epitope dynamics,fundamental_aging,ambiguous,0.85,Integrative mechanistic and multi-omics Modelling of Antigen Presentation to predict epitope dynamics,https://cordis.europa.eu/project/id/945528
cordis:946330,cordis,2020,IL,European Commission,2245379.5,EUR,2245379.5,The Sound of a Healthy Herd.  Revolutionising the Care of Dairy Cattle with Pioneering Acoustic Technology,ambiguous,ambiguous,0.35,"Armenta Ltd, was established to address the most-costly disease affecting dairy farming today: Bovine Mastitis.",https://cordis.europa.eu/project/id/946330
cordis:948677,cordis,2021,ES,European Commission,1498915,EUR,1498915.0,Identification of age-related Human Blood factors as a therapeutic target for Alzheimer's disease,age_related_disease,fundamental_aging,0.78,discover blood factors with a rejuvenating or ageing effect on the human brain that can thus become therapeutic targets for AD,https://cordis.europa.eu/project/id/948677
cordis:949538,cordis,2021,SE,European Commission,1500000,EUR,1500000.0,The hardships for life to become big  – rethinking hypoxia as an evolutionary driver for the rise of complex multicellularity,ambiguous,ambiguous,0.82,Role of hypoxia for invertebrate longevity and life cycle,https://cordis.europa.eu/project/id/949538
cordis:949667,cordis,2022,DE,European Commission,1818637,EUR,1818637.0,Senolytic CAR T cells as novel therapeutic concept for solid tumors and senescence-associated diseases.,fundamental_aging,intervention,0.88,develop CAR T cells targeting senescent cells as a novel therapeutic concept for cancer and senescence-associated diseases,https://cordis.europa.eu/project/id/949667
cordis:951923,cordis,2021,PT,European Commission,2479972.5,EUR,2479972.5,Unlocking excellence in research and innovation in neurobiology and neurological disorders at IBMC/I3S,ambiguous,age_related_disease,0.7,"neurodegenerative disease, from the identification of disease-causing mechanisms, to drug-discovery and preclinical and clinical studies",https://cordis.europa.eu/project/id/951923
cordis:952150,cordis,2020,DK,European Commission,3983468.13,EUR,3983468.13,BoneFix: A Paradigm Shift in Fracture Fixations via On-Site Fabrication of Bone Restoration Patches,age_related_disease,age_related_disease,0.9,the total number of osteoporosis-related fractures in EU patients will rise to 4.5 million in 2025,https://cordis.europa.eu/project/id/952150
cordis:952215,cordis,2020,SK,European Commission,12000000,EUR,12000000.0,"Foundations of Trustworthy AI - Integrating Reasoning, Learning and Optimization",ambiguous,ambiguous,0.9,"Foundations of Trustworthy AI - Integrating Reasoning, Learning and Optimization",https://cordis.europa.eu/project/id/952215
cordis:952266,cordis,2021,UK,European Commission,899971.25,EUR,899971.25,RESEarch for healThy AGEING,age_related_disease,fundamental_aging,0.75,train and give institutional exposure of UC researchers in the area of ageing mechanisms and new tools in age-related diseases,https://cordis.europa.eu/project/id/952266
cordis:952491,cordis,2020,BE,European Commission,899995,EUR,899995.0,Enhanced Networking on Antimicrobial Resistance Surveillance with Next Generation Sequencing,ambiguous,ambiguous,0.85,Enhanced Networking on Antimicrobial Resistance Surveillance with Next Generation Sequencing,https://cordis.europa.eu/project/id/952491
cordis:952520,cordis,2020,NL,European Commission,900000,EUR,900000.0,Biosafety assays for the diagnosis and prediction of drug-related complement pathology,ambiguous,ambiguous,0.95,Biosafety assays for the diagnosis and prediction of drug-related complement pathology,https://cordis.europa.eu/project/id/952520
cordis:952781,cordis,2019,HR,European Commission,190750,EUR,190750.0,Innovation for better ageing,ambiguous,ambiguous,0.72,"The overall mission of the Conference is to stimulate research, implementation and scaling up innovations to manage health and wellbeing of the ageing population.",https://cordis.europa.eu/project/id/952781
cordis:955431,cordis,2021,UK,European Commission,2609581.68,EUR,2609581.68,Training Network Sustainable Technologies,ambiguous,ambiguous,0.9,Training Network Sustainable Technologies,https://cordis.europa.eu/project/id/955431
cordis:955575,cordis,2021,DE,European Commission,4075694.34,EUR,4075694.34,Training Network for Optimizing Adoptive T cell Therapy of Cancer,age_related_disease,age_related_disease,0.96,Training Network for Optimizing Adoptive T cell Therapy of Cancer,https://cordis.europa.eu/project/id/955575
cordis:955625,cordis,2020,DK,European Commission,3761881.56,EUR,3761881.56,"Creation of advanced cancer treatment planning to boost the effect of Radiotherapy by combining with hyperthermia, heating the tumor.",age_related_disease,age_related_disease,0.95,"Creation of advanced cancer treatment planning to boost the effect of Radiotherapy by combining with hyperthermia, heating the tumor.",https://cordis.europa.eu/project/id/955625
cordis:956004,cordis,2021,SE,European Commission,4332867.12,EUR,4332867.12,Advanced Research Training for the Biotribology of Natural and Artificial Joints in the 21st Century,age_related_disease,age_related_disease,0.78,healthcare problems in arthritis,https://cordis.europa.eu/project/id/956004
cordis:956097,cordis,2021,NL,European Commission,3294916.92,EUR,3294916.92,Surface Integrity for Micro/Nano Processing of Polymers: A European Research Training Network for High-Performance Medical Devices,ambiguous,ambiguous,0.78,Increased demand for high-quality healthcare for our aging population means that medical device design must satisfy multiple requirements,https://cordis.europa.eu/project/id/956097
cordis:956703,cordis,2021,CH,European Commission,3536639.64,EUR,3536639.64,Smart surface design for efficient ice protection and control,ambiguous,ambiguous,0.95,Smart surface design for efficient ice protection and control,https://cordis.europa.eu/project/id/956703
cordis:957781,cordis,2021,ES,European Commission,5862476.38,EUR,5862476.38,ACtive Communities & Energy Prosumers for the energy Transition,ambiguous,ambiguous,0.9,ensure longevity and well-functioning of the community itself,https://cordis.europa.eu/project/id/957781
cordis:958776,cordis,2020,FR,European Commission,1974887.25,EUR,1974887.25,Smart System for the Prevention of Biofouling on Aquaculture NETs by Ultrasonic Wave Technology,ambiguous,ambiguous,0.95,Smart System for the Prevention of Biofouling on Aquaculture NETs by Ultrasonic Wave Technology,https://cordis.europa.eu/project/id/958776
cordis:963988,cordis,2021,ES,European Commission,150000,EUR,150000.0,Novel senolytic drugs for the treatment of lung and kidney fibrosis,fundamental_aging,intervention,0.85,Novel senolytic drugs for the treatment of lung and kidney fibrosis,https://cordis.europa.eu/project/id/963988
cordis:964220,cordis,2021,FI,European Commission,13998862.5,EUR,13998862.5,Intelligent digital tools for screening of brain connectivity and dementia risk estimation in people affected by mild cognitive impairment.,age_related_disease,age_related_disease,0.95,dementia risk estimation in people affected by mild cognitive impairment,https://cordis.europa.eu/project/id/964220
cordis:964677,cordis,2021,SE,European Commission,3184036.25,EUR,3184036.25,Mixed Ionic and electronic Transport In Conjugated polymers for bioelectronicS,ambiguous,ambiguous,0.9,MITICS will interface living systems with modern microelectronics creating major breakthroughs notably in healthcare.,https://cordis.europa.eu/project/id/964677
cordis:964678,cordis,2021,ES,European Commission,2758145,EUR,2758145.0,Accounting Technologies for Anti-Rival Coordination and Allocation,ambiguous,ambiguous,0.98,Accounting Technologies for Anti-Rival Coordination and Allocation,https://cordis.europa.eu/project/id/964678
cordis:964728,cordis,2021,UK,European Commission,3118832.74,EUR,3118832.74,JIU-JITSU WITH MISINFORMATION IN THE AGE OF COVID: USING REFUTATION-BASED LEARNING TO ENHANCE VACCINE UPTAKE AND KNOWLEDGE AMONG HEALTHCARE PROFESSIONALS AND THE PUBLIC,ambiguous,ambiguous,0.2,Vaccine hesitancy—the delay or refusal of vaccination without medical indication—has been cited as a serious threat to global health,https://cordis.europa.eu/project/id/964728
cordis:964955,cordis,2021,AT,European Commission,3998665,EUR,3998665.0,Immune Niches for Cancer ImmunoTherapy Enhancement,age_related_disease,age_related_disease,0.93,Cancer is rapidly becoming the most frequent cause of morbidity and mortality in the EU,https://cordis.europa.eu/project/id/964955
cordis:965135,cordis,2021,FR,European Commission,2998545,EUR,2998545.0,Synthetic Biology of mRNA,ambiguous,ambiguous,0.9,Synthetic Biology of mRNA,https://cordis.europa.eu/project/id/965135
cordis:965341,cordis,2021,CA,European Commission,5832536.25,EUR,5832536.25,Individualized CARE for Older Persons with Complex Chronic Conditions at home and in nursing homes,care,care,0.96,Individualized CARE for Older Persons with Complex Chronic Conditions at home and in nursing homes,https://cordis.europa.eu/project/id/965341
