record_id,source,year,country,funder,amount,currency,amount_eur,title,rule_category,llm_category,llm_confidence,llm_quote,url
reporter:5R00HL146905-05,reporter,2023,US,National Heart Lung and Blood Institute,248927,USD,214740.34,Investigating the novel role of acetylation in cardiac mitochondrial bioenergetics and function in the aging heart,fundamental_aging,fundamental_aging,0.95,Cardiac mitochondrial dysfunction is central to the pathogenesis of aging and many age related diseases.,https://reporter.nih.gov/project-details/5R00HL146905-05
reporter:2R01NS070577-06A1,reporter,2016,US,National Institute of Neurological Disorders and Stroke,660673,USD,569938.75,Human iPSC-based personalized cell therapy of PD,age_related_disease,age_related_disease,0.97,Human iPSC-based personalized cell therapy of PD,https://reporter.nih.gov/project-details/2R01NS070577-06A1
reporter:1R01ES032247-01,reporter,2020,US,National Institute of Environmental Health Sciences,490160,USD,422843.34,The Long-term Influence of Persistent Organic Pollutants Exposure During and After Pregnancy on Metabolic Decline in Women After Pregnancies Complicated by Gestational Diabetes,age_related_disease,age_related_disease,0.94,Women with gestational diabetes mellitus (GDM) history carry a significantly higher risk of developing type 2 diabetes (T2D) over their lifetime.,https://reporter.nih.gov/project-details/1R01ES032247-01
reporter:1R01GM141698-01A1,reporter,2022,US,National Institute of General Medical Sciences,494647,USD,426714.11,Assay for Detection of Homologous DNA Interactions,age_related_disease,ambiguous,0.7,"Defects in homologous DNA pairing contribute to chromosome missegregation and gross chromosome rearrangements, conditions associated with cancer, premature aging and birth defects.",https://reporter.nih.gov/project-details/1R01GM141698-01A1
reporter:4RF1AG081226-03,reporter,2025,US,National Institute on Aging,2039697,USD,1759572.98,TAKEOFF: Targeting Aging with Ketone Ester in Older adults for Function in Frailty,fundamental_aging,intervention,0.9,Targeting Aging with Ketone Ester in Older adults for Function in Frailty,https://reporter.nih.gov/project-details/4RF1AG081226-03
reporter:5R01HL165205-03,reporter,2024,US,National Heart Lung and Blood Institute,584904,USD,504575.57,Mitochondrial quality control in the heart,fundamental_aging,age_related_disease,0.65,impaired mitophagy in various cardiac diseases,https://reporter.nih.gov/project-details/5R01HL165205-03
reporter:1R03CA283232-01,reporter,2023,US,National Cancer Institute,78000,USD,67287.78,Elucidating the relevance of BARD1-PLK1 interaction in PDAC and response to therapy,fundamental_aging,age_related_disease,0.96,Pancreatic ductal adenocarcinoma (PDAC) is an aggressive cancer with limited treatment options.,https://reporter.nih.gov/project-details/1R03CA283232-01
reporter:1R21AG086701-01A1,reporter,2024,US,National Institute on Aging,442750,USD,381944.44,Heterochronic hepatocyte transplantation to rejuvenate the aged liver,fundamental_aging,intervention,0.9,Heterochronic hepatocyte transplantation to rejuvenate the aged liver,https://reporter.nih.gov/project-details/1R21AG086701-01A1
reporter:1R13AG087675-01,reporter,2024,US,National Institute on Aging,29835,USD,25737.58,Genetic Recombination and Genome Rearrangements,fundamental_aging,ambiguous,0.72,"Genetic recombination covers many areas directly relevant for understanding the biology of aging, cellular senescence, telomere maintenance",https://reporter.nih.gov/project-details/1R13AG087675-01
reporter:5R01HL160895-03,reporter,2024,US,National Heart Lung and Blood Institute,545713,USD,470766.91,Deciphering the role of p16INK4A+ fibroblasts in lung fibrosis,fundamental_aging,fundamental_aging,0.78,"Senescence, a cellular state characterized by an irreversible cell cycle arrest and other morphologic transformations",https://reporter.nih.gov/project-details/5R01HL160895-03
reporter:1F31EY030336-01,reporter,2019,US,National Eye Institute,33293,USD,28720.67,Exploring the link between mutant RNA expression and trinucleotide repeat disease,fundamental_aging,age_related_disease,0.86,FECD causes progressive blindness due to premature senescence and apoptosis in corneal endothelium.,https://reporter.nih.gov/project-details/1F31EY030336-01
reporter:5R35GM139532-02,reporter,2022,US,National Institute of General Medical Sciences,532915,USD,459726.54,Toward a mechanistic understanding of genetic interactions,ambiguous,ambiguous,0.65,rDNA copy number variation affects lifespan and fitness through epistasis,https://reporter.nih.gov/project-details/5R35GM139532-02
reporter:5R01CA268973-05,reporter,2025,US,National Cancer Institute,763464,USD,658612.84,HIV Genomic Aging Project in Oncology (HIV-GAP),fundamental_aging,fundamental_aging,0.78,"Biological aging can be quantified using genomic biomarkers, such as DNA methylation translated into epigenetic clocks and presence of age-related clonal hematopoiesis (ARCH).",https://reporter.nih.gov/project-details/5R01CA268973-05
reporter:1R01AG078797-01,reporter,2022,US,National Institute on Aging,747228,USD,644606.63,High-Throughput 3D Multiscale Mass Spectrometry Imaging for Understanding Neurochemical Heterogeneity in Alzheimer's Disease,age_related_disease,age_related_disease,0.96,Understanding Alzheimer’s disease (AD) and identifying effective interventions are among the most exciting scientific frontiers,https://reporter.nih.gov/project-details/1R01AG078797-01
reporter:1I01BX005717-01A1,reporter,2023,US,Veterans Affairs,,USD,,High Resolution Profiling of Senescent Cells in ALS Brain and Spinal Cord,fundamental_aging,fundamental_aging,0.75,neurons in ALS enter cellular senescence as part of a complicated stress response to avoid active degeneration and cell death,https://reporter.nih.gov/project-details/1I01BX005717-01A1
reporter:5R01DK132264-02,reporter,2023,US,National Institute of Diabetes and Digestive and Kidney Diseases,423660,USD,365476.19,Deciphering age-dependent beige adipocyte failure,fundamental_aging,fundamental_aging,0.9,"Our previous studies have linked cellular senescence, a state of cellular arrest, of bAPCs to the age-associated decline in beige adipose tissue.",https://reporter.nih.gov/project-details/5R01DK132264-02
reporter:3U01AG045844-08S1,reporter,2022,US,National Institute on Aging,291735,USD,251669.25,Caenorhabditis Intervention Testing Program - Buck Institute Compound Testing,fundamental_aging,intervention,0.95,test pharmacological interventions for their ability to extend healthy aging and promote longevity in nematodes,https://reporter.nih.gov/project-details/3U01AG045844-08S1
reporter:5R01HD100195-09,reporter,2023,US,Eunice Kennedy Shriver National Institute of Child Health and Human Development,494713,USD,426771.05,Molecular Signalling Pathways and Cellular Stress in Diabetic Embryopathy,fundamental_aging,ambiguous,0.8,Pregestational diabetes-induced neural tube defects (NTDs) remain a significant health problem.,https://reporter.nih.gov/project-details/5R01HD100195-09
reporter:1R01AG071173-01A1,reporter,2022,US,National Institute on Aging,811526,USD,700074.19,Biopsychosocial Mechanisms of Successful Aging,age_related_disease,fundamental_aging,0.85,the biobehavioral mechanisms that contribute to successful aging,https://reporter.nih.gov/project-details/1R01AG071173-01A1
reporter:5T32AG052374-02,reporter,2017,US,National Institute on Aging,328980,USD,283799.17,USC-Buck Geroscience Training Program in the Biology of Aging,fundamental_aging,fundamental_aging,0.9,USC-Buck Geroscience Training Program in the Biology of Aging,https://reporter.nih.gov/project-details/5T32AG052374-02
reporter:5R01AG047497-03,reporter,2017,US,National Institute on Aging,732674,USD,632051.41,Nutrient signaling and stem cell maintenance in aging epithelia,intervention,fundamental_aging,0.95,The age-related decline in regenerative capacity of many tissues constitutes a poorly understood problem that limits human healthspan.,https://reporter.nih.gov/project-details/5R01AG047497-03
reporter:5R01GM127688-05,reporter,2022,US,National Institute of General Medical Sciences,317531,USD,273922.53,Mechanisms of Chaperone-Mediated Control in the Assembly of the Proteasome Holoenzyme,age_related_disease,fundamental_aging,0.7,mechanisms that control the rate and quality of proteasome assembly,https://reporter.nih.gov/project-details/5R01GM127688-05
reporter:5R01HL051387-23,reporter,2019,US,National Heart Lung and Blood Institute,546166,USD,471157.69,PAI-1 and Vascular Senescence,fundamental_aging,fundamental_aging,0.92,There is compelling evidence that senescent cells accumulate in tissues and contribute to the aging.,https://reporter.nih.gov/project-details/5R01HL051387-23
reporter:5P30AG013846-23,reporter,2019,US,National Institute on Aging,1898738,USD,1637972.74,Boston University Alzheimer's Disease Center,age_related_disease,age_related_disease,0.91,research on brain aging and Alzheimer's disease (AD),https://reporter.nih.gov/project-details/5P30AG013846-23
reporter:1ZIAAG000313-15,reporter,2015,US,National Institute on Aging,800238,USD,690336.44,Apoptosis In Neurodegenerative Disorders,age_related_disease,age_related_disease,0.95,Apoptosis In Neurodegenerative Disorders,https://reporter.nih.gov/project-details/1ZIAAG000313-15
reporter:5K99AG046370-02,reporter,2015,US,National Institute on Aging,99139,USD,85523.64,Mechanisms through which protein restriction extends immunological healthspan,intervention,intervention,0.96,"Dietary restriction (DR), reduced nutritional uptake without causing malnutrition, has proven to be the most powerful intervention extending life span from yeast to humans.",https://reporter.nih.gov/project-details/5K99AG046370-02
reporter:1R13AG077867-01,reporter,2022,US,National Institute on Aging,50000,USD,43133.2,Biological Sciences Program at The Gerontological Society of America's 2022 Annual Scientific Meeting,ambiguous,fundamental_aging,0.8,basic researchers exchange information about health-related biology of aging,https://reporter.nih.gov/project-details/1R13AG077867-01
reporter:5R01AG053832-02,reporter,2017,US,National Institute on Aging,394229,USD,340087.13,Aging and Resiliency in Mice: Optimizing Assessment Protocols and Testing Interventions,fundamental_aging,fundamental_aging,0.86,Therapeutic interventions that target fundamental mechanisms of aging are being sought,https://reporter.nih.gov/project-details/5R01AG053832-02
reporter:5R01EB029523-03,reporter,2022,US,National Institute of Biomedical Imaging and Bioengineering,370578,USD,319684.27,High-resolution volumetric imaging of metabolic activity in tissues and its application to tumor metabolism,age_related_disease,age_related_disease,0.78,application to tumor metabolism,https://reporter.nih.gov/project-details/5R01EB029523-03
reporter:3R01AG065993-03S1,reporter,2022,US,National Institute on Aging,40203,USD,34681.68,"Mechanisms by which time-restricted feeding (TRF) delays the onset of age-related declines in health, cognition, and circadian rhythms",intervention,intervention,0.96,dietary interventions can support circadian clock function and promote healthy aging,https://reporter.nih.gov/project-details/3R01AG065993-03S1
reporter:1R01AR076159-01A1,reporter,2020,US,National Institute of Arthritis and Musculoskeletal and Skin Diseases,280691,USD,242141.99,Determining the Biological Mechanisms of Pathological Cortical Porosity,age_related_disease,age_related_disease,0.82,increased cortical porosity is associated with elevated fracture prevalence in patients with type 2 diabetes (T2D),https://reporter.nih.gov/project-details/1R01AR076159-01A1
reporter:5R01AG078361-04,reporter,2025,US,National Institute on Aging,1120261,USD,966408.73,Genetically Informed Studies of Social Connectedness and Health,fundamental_aging,ambiguous,0.85,"examine a series of unanswered questions around social relationships, health, and cognitive functioning",https://reporter.nih.gov/project-details/5R01AG078361-04
reporter:5P30AI036214-26,reporter,2020,US,National Institute of Allergy and Infectious Diseases,32593,USD,28116.8,SWG: HIV and Aging,ambiguous,ambiguous,0.75,to investigate aging-related issues in people living with HIV,https://reporter.nih.gov/project-details/5P30AI036214-26
reporter:5R01HD030588-27,reporter,2021,US,Eunice Kennedy Shriver National Institute of Child Health and Human Development,597666,USD,515584.89,"Developmental, Contextual, and Psychosocial Predictors of Weathering and Health among Rural African Americans in their Fourth Decade of Life",ambiguous,fundamental_aging,0.82,"biological weathering during emerging adulthood as evidenced by allostatic load, inflammatory activity, and epigenetic aging",https://reporter.nih.gov/project-details/5R01HD030588-27
reporter:5R01GM071011-16,reporter,2021,US,National Institute of General Medical Sciences,312625,USD,269690.3,Mechanisms of error prone repair of DNA breaks,fundamental_aging,ambiguous,0.9,Mechanisms of error prone repair of DNA breaks,https://reporter.nih.gov/project-details/5R01GM071011-16
reporter:4R01NS076853-05,reporter,2016,US,National Institute of Neurological Disorders and Stroke,309531,USD,267021.22,Elucidating the cellular mechanisms of prion propagation and clearance for devisi,ambiguous,age_related_disease,0.78,Elucidating the cellular mechanisms of prion propagation and clearance for devising new targets for intervention in prion disease,https://reporter.nih.gov/project-details/4R01NS076853-05
reporter:5R01AG082541-03,reporter,2025,US,National Institute on Aging,628547,USD,542224.81,The role of CMV in HIV-associated accentuated aging,age_related_disease,fundamental_aging,0.86,Persistent cytomegalovirus (CMV) infection has been implicated in immune aging and age-related inflammation too,https://reporter.nih.gov/project-details/5R01AG082541-03
reporter:5K00AG073499-04,reporter,2024,US,National Institute on Aging,75046,USD,64739.48,A novel method to identify regulators of biological aging  based on high-throughput sequencing of epigenetic clocks.,fundamental_aging,fundamental_aging,0.96,Epigenetic clocks based on DNA cytosine methylation (DNAme) are currently the most robust biomarkers of aging in mammals.,https://reporter.nih.gov/project-details/5K00AG073499-04
reporter:5P30CA093373-16,reporter,2018,US,National Cancer Institute,2882980,USD,2487042.79,Cancer Center Support Grant P30,age_related_disease,age_related_disease,0.95,"With a rapidly aging population, 40 million Americans over the age of 65 are alive today and 390,000 will die from cancer this year.",https://reporter.nih.gov/project-details/5P30CA093373-16
reporter:5R03HD098469-02,reporter,2020,US,Eunice Kennedy Shriver National Institute of Child Health and Human Development,79000,USD,68150.45,Static state of epithelial mesenchymal transition in fetal membrane cells: a novel inflammatory pathway to parturition,fundamental_aging,fundamental_aging,0.75,A progressive p38 mitogen-activated protein kinase (MAPK)-mediated senescence (mechanism of aging) occurs in fetal membranes.,https://reporter.nih.gov/project-details/5R03HD098469-02
reporter:1ZIADK075200-01,reporter,2025,US,National Institute of Diabetes and Digestive and Kidney Diseases,1115217,USD,962057.45,Youth-onset Type 2 Diabetes and Heart Disease,age_related_disease,age_related_disease,0.95,This study will evaluate the pathophysiological features of cardiovascular disease in youth-onset type 2 diabetes (Y-T2DM),https://reporter.nih.gov/project-details/1ZIADK075200-01
reporter:1R21AG050054-01A1,reporter,2015,US,National Institute on Aging,226500,USD,195393.37,Environmentally driven metabolic dysregulation as a model of accelerated aging,age_related_disease,fundamental_aging,0.92,Disrupted metabolic function is a hallmark of aging,https://reporter.nih.gov/project-details/1R21AG050054-01A1
reporter:1R21AG049182-01,reporter,2015,US,National Institute on Aging,198750,USD,171454.45,Senescent Cell Transplantation Model,fundamental_aging,fundamental_aging,0.9,A key mechanism that likely contributes to both age-related dysfunction and these chronic diseases is cellular senescence.,https://reporter.nih.gov/project-details/1R21AG049182-01
reporter:5P30AG017265-17,reporter,2016,US,National Institute on Aging,310826,USD,268138.37,Administrative and Research Support Core (ARC),ambiguous,ambiguous,0.75,The Administrative and Research Support Core (ARC) is responsible for initiating and coordinating all activities,https://reporter.nih.gov/project-details/5P30AG017265-17
reporter:5R01GM141631-03,reporter,2025,US,National Institute of General Medical Sciences,310000,USD,267425.81,Repair of DNA ends with adducts,age_related_disease,ambiguous,0.72,Repair of DNA ends with adducts,https://reporter.nih.gov/project-details/5R01GM141631-03
reporter:5K99AG062787-02,reporter,2020,US,National Institute on Aging,129169,USD,111429.43,"Genome-wide analysis of late-onset Alzheimer's disease using intergenerational, multi-trait, and cross-ancestry data",age_related_disease,age_related_disease,0.98,This research plan proposes alternate data sources and new methods to increase the statistical power in genetic studies of LOAD.,https://reporter.nih.gov/project-details/5K99AG062787-02
reporter:3R01CA096985-15S1,reporter,2017,US,National Cancer Institute,112741,USD,97257.59,BubRI in Cancer and Aging,age_related_disease,fundamental_aging,0.86,"BubR1, a core mitotic checkpoint component that regulates proper chromosome segregation, has emerged as a key determinant of both cancer and aging.",https://reporter.nih.gov/project-details/3R01CA096985-15S1
reporter:5R01ES033883-02,reporter,2023,US,National Institute of Environmental Health Sciences,616239,USD,531607.14,Impact of Metals on Biological Aging and Cardiometabolic Traits in Adolescents,fundamental_aging,fundamental_aging,0.78,"environmental factors eliciting biological aging, such as alterations to DNA methylation and telomere length",https://reporter.nih.gov/project-details/5R01ES033883-02
reporter:5R01DK114050-02,reporter,2018,US,National Institute of Diabetes and Digestive and Kidney Diseases,371806,USD,320743.62,Epigenetic Control of Nephron Progenitor Cell Lifespan,age_related_disease,fundamental_aging,0.78,intrinsic age-associated chromatin state transitions in Young and Old NPC,https://reporter.nih.gov/project-details/5R01DK114050-02
reporter:5R01MD013299-02,reporter,2019,US,National Institute on Minority Health and Health Disparities,716795,USD,618353.17,Racial inequalities in health throughout adulthood: The cumulative impact of neighborhood chemical and non-chemical stressors on epigenomic pathways,age_related_disease,fundamental_aging,0.7,"shared biological mechanisms within the body that drive many of these diseases – and one such mechanism may be changes to our genomic structure, called epigenomics.",https://reporter.nih.gov/project-details/5R01MD013299-02
reporter:1I01BX005360-01,reporter,2021,US,Veterans Affairs,,USD,,A Self-Delivery siRNA for Promoting Regenerative Healing in the Eye,ambiguous,age_related_disease,0.95,aging veterans have a significant increase in age-related glaucoma,https://reporter.nih.gov/project-details/1I01BX005360-01
reporter:5R21AG067334-02,reporter,2021,US,National Institute on Aging,188125,USD,162288.65,"Neural Aging and A Toxicity Assessments, a Fly Pharmacology-Molecular AD Model",fundamental_aging,age_related_disease,0.78,geroscience based approach to study AD and potential therapies,https://reporter.nih.gov/project-details/5R21AG067334-02
reporter:5R01AG068293-04,reporter,2023,US,National Institute on Aging,387375,USD,334174.43,High Resolution Profiling of Senescent Neurons and Their Microenvironments in Postmortem Human Brain Tissue Spanning Eight Decades of Life,fundamental_aging,fundamental_aging,0.86,"a fundamental cellular aging stress response, cellular senescence, as a pathogenic process driving neurodegeneration in tauopathies",https://reporter.nih.gov/project-details/5R01AG068293-04
reporter:5R01GM120094-02,reporter,2017,US,National Institute of General Medical Sciences,304881,USD,263009.83,Telomeric Protein Function and Regulation,age_related_disease,fundamental_aging,0.75,understanding how telomerase function is tightly regulated in cells bears major implications for the biology of aging,https://reporter.nih.gov/project-details/5R01GM120094-02
reporter:5R01AG069781-05,reporter,2024,US,National Institute on Aging,385500,USD,332556.94,Ketogenic oscillations and neurometabolic healthspan,intervention,intervention,0.86,"test various diet and exercise modalities that can improve metabolic health, preserve cognition, and expand health span",https://reporter.nih.gov/project-details/5R01AG069781-05
reporter:1K01AG078442-01A1,reporter,2023,US,National Institute on Aging,125930,USD,108635.27,Roles of autophagy in microglial senescence and Parkinson's disease,fundamental_aging,fundamental_aging,0.85,elucidate whether and how microglia become senescent in PD and to characterize the molecular signature of senescent microglia,https://reporter.nih.gov/project-details/1K01AG078442-01A1
reporter:5I01BX002678-05,reporter,2019,US,Veterans Affairs,,USD,,Tead1 - A Regulator of Quiescence and Proliferation in Pancreatic Beta Cells,fundamental_aging,age_related_disease,0.91,Diabetes is one of the leading causes of morbidity and mortality in the veteran population.,https://reporter.nih.gov/project-details/5I01BX002678-05
reporter:5R01AG077742-04,reporter,2025,US,National Institute on Aging,759474,USD,655170.81,"Antecedents of Adult Physical Health and Cognitive Risks for Alzheimer's Disease and Related Dementias (ADRD) in Adolescent Family Experiences: A Prospective, Longitudinal Adoption Study",age_related_disease,age_related_disease,0.93,Cognitive Risks for Alzheimer's Disease and Related Dementias (ADRD),https://reporter.nih.gov/project-details/5R01AG077742-04
reporter:5R01AG071513-03,reporter,2024,US,National Institute on Aging,1,USD,0.86,Investigating tau and ApoE4-mediated alterations in oligodendrocyte progenitor cells,fundamental_aging,age_related_disease,0.95,"As the most common cause of dementia, Alzheimer's disease (AD) is pathologically defined by amyloid beta (Aβ) deposition in senile plaques and tau aggregation",https://reporter.nih.gov/project-details/5R01AG071513-03
reporter:1ZICDC000081-11,reporter,2022,US,National Institute on Deafness and Other Communication Disorders,3599392,USD,3105065.56,Advanced Imaging Core,age_related_disease,ambiguous,0.95,This core is dedicated primarily to collaborating with and training scientists in NIDCD in studies utilizing transmission electron microscopy (TEM).,https://reporter.nih.gov/project-details/1ZICDC000081-11
reporter:5K99AG078440-02,reporter,2023,US,National Institute on Aging,130518,USD,112593.17,Social Mechanisms Underlying Sex/Gender Inequalities in Alzheimers Disease: An Intersectionality Approach,age_related_disease,age_related_disease,0.95,Alzheimer’s disease (AD) is a major public health burden that disproportionately affects women.,https://reporter.nih.gov/project-details/5K99AG078440-02
reporter:1R01HL175681-01,reporter,2024,US,National Heart Lung and Blood Institute,324440,USD,279882.68,Epigenetic biomarkers of cardiovascular risk in African American Women,age_related_disease,age_related_disease,0.95,The main goal of this project is to assess the contribution of epigenetics to cardiovascular risk in African American women.,https://reporter.nih.gov/project-details/1R01HL175681-01
reporter:5K24AG088484-02,reporter,2025,US,National Institute on Aging,198554,USD,171285.37,AI-Driven Frailty Assessment and Molecular Correlation: A Multimodal Mentorship Initiative,age_related_disease,fundamental_aging,0.72,connects molecular changes associated with aging to physical and cognitive declines observed in older adults,https://reporter.nih.gov/project-details/5K24AG088484-02
reporter:1R01AG056535-01,reporter,2017,US,National Institute on Aging,511533,USD,441281.06,Dopaminergic and Neuroplastic Influences on Longitudinal Change in Cognitive and Brain Aging,age_related_disease,fundamental_aging,0.9,to help uncover biological mechanisms in individual differences in brain and cognitive aging,https://reporter.nih.gov/project-details/1R01AG056535-01
reporter:1R01AG068860-01,reporter,2020,US,National Institute on Aging,579640,USD,500034.51,Reciprocal Modulation of the Microbiome and Cellular Senescence in Metabolic Dysfunction,fundamental_aging,fundamental_aging,0.94,The major goal of this proposed study is to elucidate the causal connection of cellular senescence and the microbiome in older mice under metabolic stress.,https://reporter.nih.gov/project-details/1R01AG068860-01
reporter:5R01AG052606-06,reporter,2020,US,National Institute on Aging,357725,USD,308596.45,Effects of dietary restriction on age-related neurophysiological adaptations: frombehavior to single dopaminergic neurons,intervention,fundamental_aging,0.82,comprehensive investigation into the effects of aging on ion channel physiology in these neurons is now possible,https://reporter.nih.gov/project-details/5R01AG052606-06
reporter:1R01AG063854-01A1,reporter,2020,US,National Institute on Aging,360800,USD,311249.14,Defining the Role of Adipogenesis in Age-Associated Adiposity,fundamental_aging,fundamental_aging,0.9,"The goal of this R01 proposal is to determine when, where, and why does adipogenesis take place during aging.",https://reporter.nih.gov/project-details/1R01AG063854-01A1
reporter:5R21OD031970-02,reporter,2023,US,NIH Office of the Director,185625,USD,160131.99,mtDNA depleter mouse for decoding mitochondrial regulation of diverse organs,age_related_disease,fundamental_aging,0.65,a general decline in mitochondrial function is extensively reported during aging and is known to be a driving force underlying age-related human diseases,https://reporter.nih.gov/project-details/5R21OD031970-02
reporter:5R01DC008149-10,reporter,2017,US,National Institute on Deafness and Other Communication Disorders,537426,USD,463618.01,Lingual and Laryngeal Muscle Plasticity,ambiguous,fundamental_aging,0.75,Aging allows examination of naturally occurring muscular plasticity and how to intervene towards prevention or reversal of suboptimal sensorimotor changes throughout the adult lifespan.,https://reporter.nih.gov/project-details/5R01DC008149-10
reporter:5P20GM130460-05,reporter,2024,US,National Institute of General Medical Sciences,183125,USD,157975.33,Elucidating Molecular Mechanisms of Gating Regulation and Subunit Modulation of N-glycosylation on Ion Channels by Using Molecular Dynamics Simulations,ambiguous,fundamental_aging,0.86,advanced glycation end products (AGEs) and their receptor (RAGE) contributes to the onset of these behavioral impairments throughout an animals lifespan to negatively impact healthspan,https://reporter.nih.gov/project-details/5P20GM130460-05
reporter:5R35CA220526-05,reporter,2022,US,National Cancer Institute,855902,USD,738355.76,Functions and Activities of p53 and Mdm2 in Normal and Cancer Cells,fundamental_aging,age_related_disease,0.96,"The p53 protein, a major suppressor of cancer in animals and humans, is a DNA sequence specific regulator of transcription of hundreds of genes",https://reporter.nih.gov/project-details/5R35CA220526-05
reporter:1P01AG071746-01A1,reporter,2022,US,National Institute on Aging,309093,USD,266643.37,Hormones & Behavior Core,age_related_disease,fundamental_aging,0.76,investigate possible mechanistic determinants of reduced estradiol efficacy on female cognitive aging under pathological conditions,https://reporter.nih.gov/project-details/1P01AG071746-01A1
reporter:5K01AG059841-03,reporter,2021,US,National Institute on Aging,123741,USD,106746.89,Role of HDAC2 as a modulator of aging and Alzheimer's disease phenotypes in stem-cell derived neurons,age_related_disease,fundamental_aging,0.78,test the overarching hypothesis that HDAC2 is a driver of cellular age in human neurons and contributes to AD-relevant phenotypes,https://reporter.nih.gov/project-details/5K01AG059841-03
reporter:5R03DK132121-02,reporter,2023,US,National Institute of Diabetes and Digestive and Kidney Diseases,119250,USD,102872.67,"Impact of abnormal steroid metabolome on cellular senescence, frailty and cognition",fundamental_aging,fundamental_aging,0.85,"understand the link between the abnormal steroid signature and cognitive function, overall frailty, and biomarkers of cellular senescence",https://reporter.nih.gov/project-details/5R03DK132121-02
reporter:5U01AG088407-02,reporter,2025,US,National Institute on Aging,1452584,USD,1253091.79,"The impact of metals and polygenic risk on multiomics, brain aging, and ADRD outcomes",age_related_disease,age_related_disease,0.95,"molecular, pathologic, and behavioral changes linked to Alzheimer’s Disease and Related Dementias (ADRD)",https://reporter.nih.gov/project-details/5U01AG088407-02
reporter:5K01AG076967-02,reporter,2023,US,National Institute on Aging,130122,USD,112251.55,The START trial: a proof-of-concept sedentary reduction program for prefrail older adults,age_related_disease,age_related_disease,0.92,Frailty is a syndromic state of vulnerability that puts adults aged ≥65 years at heightened risk of adverse health outcomes.,https://reporter.nih.gov/project-details/5K01AG076967-02
reporter:5U19AG057758-05,reporter,2022,US,National Institute on Aging,1177436,USD,1015731.54,`Core B:  Animal Core,fundamental_aging,fundamental_aging,0.86,programming-aging interactions are major determinants of life course health span,https://reporter.nih.gov/project-details/5U19AG057758-05
reporter:1R01AG079799-01A1,reporter,2023,US,National Institute on Aging,841971,USD,726337.99,Molecular mechanisms of aging and accelerated aging in the human brain,fundamental_aging,fundamental_aging,0.96,The overall objective of this proposal is to identify genes and regulators of gene expression that cause brain aging and accelerated brain aging in COVID-19 patients.,https://reporter.nih.gov/project-details/1R01AG079799-01A1
reporter:5R35ES028303-08,reporter,2024,US,National Institute of Environmental Health Sciences,506207,USD,436686.51,Mechanism of Eukaryotic Environmental Mutagenesis,age_related_disease,ambiguous,0.78,"Mutations from environmental exposure contribute to cancer, other human diseases, and aging.",https://reporter.nih.gov/project-details/5R35ES028303-08
reporter:5R01NS056218-10,reporter,2017,US,National Institute of Neurological Disorders and Stroke,361166,USD,311564.87,Effects of Radiation on Brain Microvasculature and Cognition,fundamental_aging,fundamental_aging,0.78,radiation-induced cellular senescence is a potential mechanism that contributes to vascular and cognitive dysfunction,https://reporter.nih.gov/project-details/5R01NS056218-10
reporter:1ZIAAG000239-12,reporter,2019,US,National Institute on Aging,505299,USD,435903.21,Effect of Metalloprotease Inhibition on Age-Associated Arterial Remodeling,fundamental_aging,age_related_disease,0.82,We tested whether an inhibition of MMP activation can decelerate adverse age-associated arterial remodeling leading to an increase in arterial pressure.,https://reporter.nih.gov/project-details/1ZIAAG000239-12
reporter:5IK6BX005234-05,reporter,2024,US,Veterans Affairs,,USD,,BLR&D Research Career Scientist Award Application,age_related_disease,age_related_disease,0.75,"study the effect of oxidative stress and mitochondrial dysfunction in age-related conditions such as sarcopenia and frailty, and in the neurodegenerative disease, Amyotrophic Lateral Sclerosis (ALS)",https://reporter.nih.gov/project-details/5IK6BX005234-05
reporter:1ZIAHL006102-05,reporter,2015,US,National Heart Lung and Blood Institute,1045739,USD,902121.29,"RNA: Structure, Biophysics and Physiology",fundamental_aging,ambiguous,0.78,telomerase (a key player in cellular senescence and immortalization),https://reporter.nih.gov/project-details/1ZIAHL006102-05
reporter:1F31HD098825-01,reporter,2019,US,Eunice Kennedy Shriver National Institute of Child Health and Human Development,45016,USD,38833.68,The impact of parent training on at-risk children's biomarkers of aging,fundamental_aging,fundamental_aging,0.89,"measured using two biomarkers of accelerated aging (i.e., telomere length and the epigenetic clock)",https://reporter.nih.gov/project-details/1F31HD098825-01
reporter:7R35ES031688-04,reporter,2024,US,National Institute of Environmental Health Sciences,826656,USD,713126.29,Extracellular vesicles in Environmental Epidemiology Studies of Aging,age_related_disease,age_related_disease,0.75,effects of air pollution on accelerated brain aging,https://reporter.nih.gov/project-details/7R35ES031688-04
reporter:1K01AG061236-01A1,reporter,2019,US,National Institute on Aging,124932,USD,107774.33,Beneficial effects of Sestrin protein for muscle health during aging and exercise,ambiguous,fundamental_aging,0.9,Excessive ROS accumulation and chronic mTORC1 activation are known as promoters of tissue aging and degeneration.,https://reporter.nih.gov/project-details/1K01AG061236-01A1
reporter:1ZIAES021164-20,reporter,2016,US,National Institute of Environmental Health Sciences,822138,USD,709228.78,Environmentally Induced Alterations In Neuron And Glia Development and Aging,ambiguous,fundamental_aging,0.72,"process by which the microglia can be altered as a function of development, aging, and in disease states such as schizophrenia",https://reporter.nih.gov/project-details/1ZIAES021164-20
reporter:1F32CA265041-01A1,reporter,2022,US,National Cancer Institute,67582,USD,58300.55,Using CRISPR screening to uncover aneuploidy-specific genetic dependencies,fundamental_aging,age_related_disease,0.95,Aneuploidy is a cellular state in which cells contain extra or missing chromosomes. Over 90% of solid tumors are aneuploid.,https://reporter.nih.gov/project-details/1F32CA265041-01A1
reporter:5R01GM135462-02,reporter,2020,US,National Institute of General Medical Sciences,318963,USD,275157.87,"MULTIseq: multiplexing massively parallel single cell transcriptional analysis across time, space, and conditions",age_related_disease,ambiguous,0.85,"Many human diseases – including autoimmunity, cancer, and aging – are linked to a breakdown in the ability of different cell types to coordinate their behaviors",https://reporter.nih.gov/project-details/5R01GM135462-02
reporter:5P20GM119943-04,reporter,2020,US,National Institute of General Medical Sciences,200387,USD,172866.63,Retrotransposable Element Expression in Neural Stem Cell Senescence and Aging,age_related_disease,fundamental_aging,0.96,"Age-associated changes in chromatin structure lead to de-repression of RTEs, resulting in DNA damage and genome instability, ultimately triggering cellular senescence and a decline in NSC function.",https://reporter.nih.gov/project-details/5P20GM119943-04
reporter:5R01NS131480-02,reporter,2024,US,National Institute of Neurological Disorders and Stroke,795004,USD,685821.26,Role of TREX1 in age-related hereditary leukoencephalopathy,fundamental_aging,age_related_disease,0.88,"define the mechanisms of retinal vasculopathy with cerebral leukoencephalopathy (RVCL), an adult-onset vascular dementia",https://reporter.nih.gov/project-details/5R01NS131480-02
reporter:5R41AG081007-02,reporter,2023,US,National Institute on Aging,204727,USD,176610.59,PET Probes for Senescence Detection in Brain,fundamental_aging,fundamental_aging,0.87,Cellular senescence has been shown to be a critical contributor disrupting the homeostasis and functions of aging brains.,https://reporter.nih.gov/project-details/5R41AG081007-02
reporter:5R01AG031774-10,reporter,2018,US,National Institute on Aging,334127,USD,288239.3,Role of Hypothalamic IKK-beta/NF-kappaB in Nutritional Control of Aging,ambiguous,fundamental_aging,0.95,astroglial IKKb/NF-kB is activated during early aging to induce neuronal inflammation and thus mediates the hypothalamic mechanism of aging,https://reporter.nih.gov/project-details/5R01AG031774-10
reporter:5I01BX002267-04,reporter,2018,US,Veterans Affairs,,USD,,Neurobiological mechanisms of reduced AD-neuropathology by treatment of diabetes,age_related_disease,age_related_disease,0.95,Neurobiological mechanisms of reduced AD-neuropathology by treatment of diabetes,https://reporter.nih.gov/project-details/5I01BX002267-04
reporter:5R01CA231321-04,reporter,2021,US,National Cancer Institute,610164,USD,526366.46,Role of Circadian Factors in Inflammation and Colorectal Adenoma Risk,age_related_disease,age_related_disease,0.93,Role of Circadian Factors in Inflammation and Colorectal Adenoma Risk,https://reporter.nih.gov/project-details/5R01CA231321-04
reporter:2P30AG062677-06,reporter,2024,US,National Institute on Aging,4509334,USD,3890039.68,Mayo Alzheimer's Disease Research Center,age_related_disease,age_related_disease,0.97,to study the roles of multiple pathologic processes functioning to impact cognition in aging,https://reporter.nih.gov/project-details/2P30AG062677-06
reporter:1ZIAAG000394-11,reporter,2018,US,National Institute on Aging,1634913,USD,1410380.43,Post-transcriptional regulation of energy usage: glucose and lipid metabolism,age_related_disease,fundamental_aging,0.68,the processes that generate energy become impaired with aging,https://reporter.nih.gov/project-details/1ZIAAG000394-11
reporter:1U01DK134995-01,reporter,2022,US,National Institute of Diabetes and Digestive and Kidney Diseases,758532,USD,654358.18,The role of senescent beta cells in T1D and T2D,fundamental_aging,fundamental_aging,0.82,The role of senescent beta cells in T1D and T2D,https://reporter.nih.gov/project-details/1U01DK134995-01
reporter:5K02AG075237-04,reporter,2025,US,National Institute on Aging,144755,USD,124874.91,The role of early educational contexts in differential genetic susceptibility to cognitive impairment and dementia,age_related_disease,age_related_disease,0.9,the most important protective factor against Alzheimer’s Disease and related dementias (ADRD),https://reporter.nih.gov/project-details/5K02AG075237-04
reporter:5K01AG075143-03,reporter,2024,US,National Institute on Aging,125928,USD,108633.54,"Application of plasma lipidomics to identify novel biomarkers of muscle and hepatic adiposity in population-based cohorts of older Black Caribbeans, Black Americans, and White Americans",ambiguous,fundamental_aging,0.7,A better understanding of the underlying biology of muscle and liver adiposity in Black vs. White older adults,https://reporter.nih.gov/project-details/5K01AG075143-03
reporter:5UH3AG064706-05,reporter,2023,US,National Institute on Aging,878314,USD,757689.79,Integrative Omics to enhance therapeutics development for healthy aging,intervention,intervention,0.95,interventions which stave off multiple age-related diseases and increase longevity by slowing or disrupting aspects of the aging process,https://reporter.nih.gov/project-details/5UH3AG064706-05
reporter:5F31AG087709-02,reporter,2025,US,National Institute on Aging,42884,USD,36994.48,Chronic MitoQ Supplementation for Improving Cerebrovascular Function in Older Adults,age_related_disease,fundamental_aging,0.78,field of cerebrovascular aging,https://reporter.nih.gov/project-details/5F31AG087709-02
reporter:5R01CA217788-02,reporter,2019,US,National Cancer Institute,371737,USD,320684.09,KSHV immortalization of human lymphatic endothelial cells,fundamental_aging,age_related_disease,0.88,Kaposi's Sarcoma (KS) is the most common tumor of AIDS patients... KSHV infection of primary neonatal lymphatic endothelial cells leads to bypass of senescence,https://reporter.nih.gov/project-details/5R01CA217788-02
reporter:4UH3AG064704-03,reporter,2022,US,National Institute on Aging,4998007,USD,4311600.24,Identifying protective omics profiles in centenarians and translating these into preventive and therapeutic strategies,age_related_disease,fundamental_aging,0.92,models of slow aging and resistance to aging related diseases can inform us about biological mechanisms,https://reporter.nih.gov/project-details/4UH3AG064704-03
reporter:1R01AG054835-01A1,reporter,2017,US,National Institute on Aging,317750,USD,274111.46,Control of aging and age-related diseases by extracellular matrix microenvironment,fundamental_aging,fundamental_aging,0.92,"increased levels of proinflammatory cytokines, which promote aging associated inflammation (inflammaging)",https://reporter.nih.gov/project-details/1R01AG054835-01A1
reporter:1ZIAAG000335-09,reporter,2025,US,National Institute on Aging,916845,USD,790929.09,Study of Longitudinal Aging in Mice,age_related_disease,fundamental_aging,0.96,Aging is a biological process characterized by time-dependent functional declines,https://reporter.nih.gov/project-details/1ZIAAG000335-09
reporter:1R03AG086695-01A1,reporter,2024,US,National Institute on Aging,161000,USD,138888.89,Investigating sex differences in atrial remodeling and arrhythmia risk in aging,age_related_disease,fundamental_aging,0.78,how natural age-associated remodeling makes the atria more susceptible to arrhythmias is not fully understood,https://reporter.nih.gov/project-details/1R03AG086695-01A1
reporter:5P01AG062817-03,reporter,2021,US,National Institute on Aging,2322966,USD,2003938.92,"Investigations of targets, mechanisms, and optimal delivery of therapeutic ketosis for functional longevity and treatment of Alzheimer's disease",age_related_disease,intervention,0.96,the hypothesis that 'ketosis delays aging'. The PPG application is designed to identify mechanistic targets and biomarkers by which therapeutic ketosis delays aging in mice,https://reporter.nih.gov/project-details/5P01AG062817-03
reporter:5R35CA253059-03,reporter,2023,US,National Cancer Institute,952560,USD,821739.13,p53-mediated metabolic regulation in tumor suppression,fundamental_aging,age_related_disease,0.96,Inactivation of the p53 tumor suppressor is a pivotal event in the formation of most human cancers.,https://reporter.nih.gov/project-details/5R35CA253059-03
reporter:5T32AG000262-25,reporter,2022,US,National Institute on Aging,161666,USD,139463.42,Research Training in the Epidemiology of Aging.,ambiguous,ambiguous,0.78,Research Training in the Epidemiology of Aging.,https://reporter.nih.gov/project-details/5T32AG000262-25
reporter:5U01AG060903-05,reporter,2022,US,National Institute on Aging,581591,USD,501717.56,Validation of Nuclear Morphology as a Biomarker of Aging and Aging-Related Phenotypes,ambiguous,fundamental_aging,0.96,we propose here to further develop this biological discovery and technology as a valid and reliable biomarker of aging-related biological mechanisms,https://reporter.nih.gov/project-details/5U01AG060903-05
reporter:6U01AG012535-22,reporter,2015,US,National Institute on Aging,450189,USD,388361.8,Study of Women's Health Across the Nation (SWAN): New Jersey,age_related_disease,fundamental_aging,0.7,natural history of reproductive aging through the late PM,https://reporter.nih.gov/project-details/6U01AG012535-22
reporter:5SC1GM121273-02,reporter,2018,US,National Institute of General Medical Sciences,390000,USD,336438.92,A peptide model to study the Fibril Assembly of collagen triple helix,age_related_disease,ambiguous,0.85,"implicated in a wide arrange of disease states including cancer, developmental anomalies, atherosclerosis and aging",https://reporter.nih.gov/project-details/5SC1GM121273-02
reporter:1K07CA225856-01,reporter,2018,US,National Cancer Institute,158546,USD,136771.91,Epigenetic Age as a Marker of Reproductive Age and Modifier of Invasive Breast Cancer Risk Among Postmenopausal Women,fundamental_aging,age_related_disease,0.85,The proposed research project will bridge this experience to study the impact of epigenetic modifications acquired across the life course on postmenopausal breast cancer incidence.,https://reporter.nih.gov/project-details/1K07CA225856-01
reporter:5F30AG069293-02,reporter,2021,US,National Institute on Aging,51036,USD,44026.92,Investigation of Brain Elasticity in Aging and Alzheimer's Disease Enabled by Optical Coherence Elastography,age_related_disease,age_related_disease,0.72,Investigation of Brain Elasticity in Aging and Alzheimer's Disease Enabled by Optical Coherence Elastography,https://reporter.nih.gov/project-details/5F30AG069293-02
reporter:5R21AG051380-02,reporter,2018,US,National Institute on Aging,202500,USD,174689.44,Rest-activity rhythms associated with aging traits in the elderly.,age_related_disease,fundamental_aging,0.78,role of objectively measured circadian activity rhythms in aging,https://reporter.nih.gov/project-details/5R21AG051380-02
reporter:3R01AG057548-02S1,reporter,2021,US,National Institute on Aging,224663,USD,193808.66,The biological underpinnings of Motoric Cognitive Risk syndrome: a multi-center study,age_related_disease,age_related_disease,0.86,Motoric Cognitive Risk syndrome (MCR) is a pre-dementia syndrome characterized by the presence of subjective cognitive complaints and slow gait.,https://reporter.nih.gov/project-details/3R01AG057548-02S1
reporter:3P01AG016765-15S1,reporter,2016,US,National Institute on Aging,974697,USD,840835.92,Estrogen and the Aging Brain,fundamental_aging,fundamental_aging,0.78,investigate interactions between the aging brain and female reproductive senescence,https://reporter.nih.gov/project-details/3P01AG016765-15S1
reporter:1R21AG086805-01A1,reporter,2025,US,National Institute on Aging,425958,USD,367458.59,Serum markers of glucagon sensitivity in calorie restricted humans,intervention,intervention,0.95,"Calorie restriction (CR), without malnutrition, is the most robust non-genetic intervention to promote longevity through metabolic improvements that delay aging",https://reporter.nih.gov/project-details/1R21AG086805-01A1
reporter:1R01AG050997-01A1,reporter,2016,US,National Institute on Aging,382664,USD,330110.42,Molecular Mechanisms of Mammalian SIRT6 Function,fundamental_aging,fundamental_aging,0.97,studying SIRT6 function promises to elucidate fundamental mechanisms that underlie healthy aging and longevity,https://reporter.nih.gov/project-details/1R01AG050997-01A1
reporter:5F99CA253706-02,reporter,2021,US,National Cancer Institute,46036,USD,39713.6,Development of senolytic CAR T cells as new therapeutic agents,age_related_disease,intervention,0.96,"develop, for the first time, Chimeric Antigen Receptor (CAR) T cells as living senolytic agents",https://reporter.nih.gov/project-details/5F99CA253706-02
reporter:5R21OD019745-02,reporter,2016,US,NIH Office of the Director,190439,USD,164284.85,Characterization of a Temporally Controlled Dominant-Negative RB1 Mouse Model,fundamental_aging,age_related_disease,0.82,the pediatric eye tumor retinoblastoma 1 (Rb1) gene has been found to play a prominent role in both normal development and cancer,https://reporter.nih.gov/project-details/5R21OD019745-02
reporter:5K76AG064328-02,reporter,2020,US,National Institute on Aging,243000,USD,209627.33,Activin type II receptor activity in age-related frailty and heart failure,age_related_disease,age_related_disease,0.82,focus on ActRII signaling in age-related frailty and HF,https://reporter.nih.gov/project-details/5K76AG064328-02
reporter:2RF1AG067622-06A1,reporter,2024,US,National Institute on Aging,2274616,USD,1962229.12,Personality Prediction of Dementia Risk and Progression,age_related_disease,age_related_disease,0.95,Personality characteristics are important predictors of dementia risk and progression.,https://reporter.nih.gov/project-details/2RF1AG067622-06A1
reporter:5R01NS108115-05,reporter,2022,US,National Institute of Neurological Disorders and Stroke,800931,USD,690934.27,Validation of Modulators of PGRN as Novel Therapeutics for Frontotemporal Dementi,age_related_disease,age_related_disease,0.82,Validation of Modulators of PGRN as Novel Therapeutics for Frontotemporal Dementi,https://reporter.nih.gov/project-details/5R01NS108115-05
reporter:1R13AG053038-01,reporter,2016,US,National Institute on Aging,24000,USD,20703.93,2016 Thiol-based Redox Regulation & Signaling Gordon Research and Seminar,age_related_disease,ambiguous,0.65,"Given that aging, cancer and environmental diseases are suspected to result from progressive breakdown of redox homeostasis",https://reporter.nih.gov/project-details/1R13AG053038-01
reporter:1ZIAAG000971-13,reporter,2020,US,National Institute on Aging,22034,USD,19007.94,Biomarkers of Homeostatic Dysregulation in Aging and Chronic Disease,age_related_disease,fundamental_aging,0.9,progressive dysregulation and reduced reserve capacity in the network of biological mechanisms,https://reporter.nih.gov/project-details/1ZIAAG000971-13
reporter:5P20GM148324-02,reporter,2024,US,National Institute of General Medical Sciences,278797,USD,240508.11,Multi-Omics Predictors of Oral HPV Outcomes among PLWH,fundamental_aging,age_related_disease,0.78,oral human papilloma virus (HPV) and oropharyngeal cancers in people living with HIV (PLWH),https://reporter.nih.gov/project-details/5P20GM148324-02
reporter:5R01GM100315-07,reporter,2018,US,National Institute of General Medical Sciences,351420,USD,303157.35,"Genes, cells, and pathways that regulate urochordate allogeneic stem cell competition and their mammalian homologues",ambiguous,ambiguous,0.65,"We tested for mammalian germline stem cell competitions, for HSC competitions in aging, and in the progression of competitive HSC in human leukemias",https://reporter.nih.gov/project-details/5R01GM100315-07
reporter:5R01AG030593-13,reporter,2021,US,National Institute on Aging,392429,USD,338534.33,Mechanisms of Sensory Modulation of Aging,ambiguous,fundamental_aging,0.97,aging is strongly modulated by sensory systems and that this modulation is evolutionarily conserved,https://reporter.nih.gov/project-details/5R01AG030593-13
reporter:5R01AG052608-04,reporter,2019,US,National Institute on Aging,638567,USD,550868.7,Genomics and Epigenomics of the Elderly Response to Pneumococcal Vaccines,fundamental_aging,fundamental_aging,0.86,The goal of this project is to dissect the age-related changes in immune cells that affect responses to microbial vaccination in the elderly.,https://reporter.nih.gov/project-details/5R01AG052608-04
reporter:1ZIAAG000483-01,reporter,2021,US,National Institute on Aging,166619,USD,143736.2,Characterizing Senescent Cell Heterogeneity by Surface Proteins: Single-Cell CITE-Seq,fundamental_aging,fundamental_aging,0.96,Characterizing Senescent Cell Heterogeneity by Surface Proteins: Single-Cell CITE-Seq,https://reporter.nih.gov/project-details/1ZIAAG000483-01
reporter:5K08HL135402-04,reporter,2020,US,National Heart Lung and Blood Institute,168480,USD,145341.61,MIF and DNA repair in the emphysematous lung,fundamental_aging,age_related_disease,0.9,"Emphysema is characterized by increased DNA damage and the consequences of failed DNA repair: apoptosis, cellular senescence, and inflammation.",https://reporter.nih.gov/project-details/5K08HL135402-04
reporter:1R01AG051729-01A1,reporter,2016,US,National Institute on Aging,397700,USD,343081.44,Cellular senescence as a mediator of mitochondrial dysfunction-induced aging,fundamental_aging,fundamental_aging,0.97,"This proposal focuses on the mechanisms linking mitochondrial dysfunction, including mtDNA mutations, to aging phenotypes through the pleiotropic stress response known as cellular senescence.",https://reporter.nih.gov/project-details/1R01AG051729-01A1
reporter:3R01AG032282-12S1,reporter,2023,US,National Institute on Aging,66557,USD,57416.32,Aging in 1000 healthy midlife adults: Phase 52 of the Dunedin Study,fundamental_aging,fundamental_aging,0.95,quantify how fast or slowly each cohort member is aging in each of 8 different domains,https://reporter.nih.gov/project-details/3R01AG032282-12S1
reporter:1R01AG058533-01A1,reporter,2020,US,National Institute on Aging,9147291,USD,7891037.78,Health and Aging Brain among Latino Elders (HABLE-AT(N)) Study,age_related_disease,age_related_disease,0.96,The 2018 NIA - Alzheimer's Association Research Framework [AT(N)] for Alzheimer's Disease (AD) provides a biological context for studying AD,https://reporter.nih.gov/project-details/1R01AG058533-01A1
reporter:1R01AG076537-01A1,reporter,2023,US,National Institute on Aging,578941,USD,499431.5,Extracellular vesicle-based senotherapeutics for aging diabetic kidneydisease,fundamental_aging,intervention,0.85,"decreasing senescence through senotherapeutics, such as, small molecule drugs or cell-derived components, may halt DKD and age-related kidney deterioration.",https://reporter.nih.gov/project-details/1R01AG076537-01A1
reporter:4K00AG083305-03,reporter,2025,US,National Institute on Aging,86870,USD,74939.61,Bridging preclinical and clinical trials in Alzheimer's disease through predictive modeling of cerebrospinal fluid proteomics,age_related_disease,age_related_disease,0.92,The goal of this proposal is to determine the cellular mechanism(s) by which pathologic tau drives neuronal network dysfunction.,https://reporter.nih.gov/project-details/4K00AG083305-03
reporter:5R00AG049126-05,reporter,2019,US,National Institute on Aging,249000,USD,214803.31,Modulators of DNA damage associated nucleo-mitochondrial communication in aging,fundamental_aging,fundamental_aging,0.97,"genotoxic stress in the nucleus triggers signaling events that result in accumulation of dysfunctional mitochondria, which in turn drives cellular senescence and aging",https://reporter.nih.gov/project-details/5R00AG049126-05
reporter:5P01AG051459-04,reporter,2019,US,National Institute on Aging,332260,USD,286628.71,Impact of FGF21-mediated immune-metabolic interactions on immune-senescence,fundamental_aging,fundamental_aging,0.87,Impact of FGF21-mediated immune-metabolic interactions on immune-senescence,https://reporter.nih.gov/project-details/5P01AG051459-04
reporter:4R01HL113647-04,reporter,2016,US,National Heart Lung and Blood Institute,373750,USD,322420.63,Cardioprotection by optimizing mTOR activity,fundamental_aging,age_related_disease,0.88,Activation of the mTORC1 complex is a critical step in the progression of cardiac disease after myocardial infarction and pressure overload induced hypertrophy.,https://reporter.nih.gov/project-details/4R01HL113647-04
reporter:1R01DK130949-01,reporter,2021,US,National Institute of Diabetes and Digestive and Kidney Diseases,608113,USD,524597.14,Blocking hepatocyte senescence as a novel therapeutic strategy for chronic liver diseases,fundamental_aging,fundamental_aging,0.86,cellular senescence is involved in the progression of chronic liver diseases (CLD),https://reporter.nih.gov/project-details/1R01DK130949-01
reporter:5R01HL141291-02,reporter,2020,US,National Heart Lung and Blood Institute,810978,USD,699601.45,Using genomics and functional biology to understand fibrinogen and its effect on thrombotic and atherosclerotic outcomes,ambiguous,age_related_disease,0.95,fibrinogen and its effect on thrombotic and atherosclerotic outcomes,https://reporter.nih.gov/project-details/5R01HL141291-02
reporter:5R01AG055393-05,reporter,2021,US,National Institute on Aging,595613,USD,513813.84,Psychosocial Context and the Biological Clock: Changes in Weathering during Middle-Age,fundamental_aging,fundamental_aging,0.95,biomarkers of healthy aging – inflammatory aging and methylomic aging,https://reporter.nih.gov/project-details/5R01AG055393-05
reporter:1R25AG078150-01,reporter,2022,US,National Institute on Aging,142600,USD,123015.87,Biomedical and Entrepreneurship Training for Aging (BETA),age_related_disease,ambiguous,0.85,The overarching objective of the proposal is to grow the scientific work force promoting healthy aging through the creation of Biomedical Entrepreneurship Training for Aging (BETA) program.,https://reporter.nih.gov/project-details/1R25AG078150-01
reporter:1K01AG078125-01,reporter,2022,US,National Institute on Aging,173403,USD,149588.51,Exogenous ketones target geroscience pathways and ameliorate geriatric syndromes,fundamental_aging,intervention,0.85,Exogenous ketones target geroscience pathways and ameliorate geriatric syndromes,https://reporter.nih.gov/project-details/1K01AG078125-01
reporter:5R01NS100782-05,reporter,2022,US,National Institute of Neurological Disorders and Stroke,342913,USD,295818.67,Radiation-induced astrocyte dysfunction and cognitive decline,fundamental_aging,fundamental_aging,0.72,irradiation causes astrocyte senescence and subsequent dysfunction,https://reporter.nih.gov/project-details/5R01NS100782-05
reporter:5K00AG068511-04,reporter,2024,US,National Institute on Aging,82891,USD,71507.07,Evaluating the role of protein self-assembly in the innate immune system,fundamental_aging,fundamental_aging,0.93,The molecular mechanisms that underlie inflammaging have not yet been elucidated.,https://reporter.nih.gov/project-details/5K00AG068511-04
reporter:1ZIAAG000985-02,reporter,2023,US,National Institute on Aging,57001,USD,49172.71,Investigation of Intercalated (I) Motif DNA Structure at Telomeric Cytosine-Rich Strand in Human Cells Genetically Altered for DNA Helicases,fundamental_aging,fundamental_aging,0.78,"telomere metabolism with implications for cancer therapy, cellular senescence and aging",https://reporter.nih.gov/project-details/1ZIAAG000985-02
reporter:5R01CA047296-35,reporter,2023,US,National Cancer Institute,466560,USD,402484.47,A Pathway of Tumor Suppression,fundamental_aging,age_related_disease,0.95,A Pathway of Tumor Suppression,https://reporter.nih.gov/project-details/5R01CA047296-35
reporter:5T32NS105864-04,reporter,2022,US,National Institute of Neurological Disorders and Stroke,158917,USD,137091.96,Training Program in Neuroimmunology,ambiguous,ambiguous,0.78,"comprehensive training across key areas of relevance within the field of neuroimmunology including neurotrauma, autoimmunity, stress, neural development, aging",https://reporter.nih.gov/project-details/5T32NS105864-04
reporter:5P30AG013854-22,reporter,2017,US,National Institute on Aging,552046,USD,476230.16,Core B: Clinical Core,age_related_disease,age_related_disease,0.9,The Clinical Core will establish and maintain a cohort of extensively characterized individuals who have volunteered to participate in research projects addressing brain aging and dementia.,https://reporter.nih.gov/project-details/5P30AG013854-22
reporter:5R01HL123766-02,reporter,2016,US,National Heart Lung and Blood Institute,484669,USD,418106.45,Aging of Mesenchymal Stem Cells Missing Link in IPF,ambiguous,fundamental_aging,0.88,Aging of Mesenchymal Stem Cells Missing Link in IPF,https://reporter.nih.gov/project-details/5R01HL123766-02
reporter:5R01AG042512-09,reporter,2022,US,National Institute on Aging,823504,USD,710407.18,Neural substrates of diffusion imaging in cognitively aging rhesus monkeys,age_related_disease,fundamental_aging,0.8,neurobiological changes that occur during brain maturation and aging is not only fundamental to our understanding of cognition,https://reporter.nih.gov/project-details/5R01AG042512-09
reporter:5K01AG066999-03,reporter,2023,US,National Institute on Aging,128520,USD,110869.57,"Shaky Income, Rising Angst? Income Volatility, Psychological Health, and Biological Aging",fundamental_aging,fundamental_aging,0.78,"I propose to analyze the relationship between income volatility, psychological health, and physiological aging.",https://reporter.nih.gov/project-details/5K01AG066999-03
reporter:1R01CA252715-01A1,reporter,2021,US,National Cancer Institute,632904,USD,545983.44,Small-Molecule Covalent E6 Antagonists for Treatment of HPV Infection,fundamental_aging,age_related_disease,0.8,"HPV-associated pre-malignant and malignant pathologies of cervical, anogenital, and oropharyngeal epithelia",https://reporter.nih.gov/project-details/1R01CA252715-01A1
reporter:2U54AG062319-11,reporter,2023,US,National Institute on Aging,1500000,USD,1293995.86,Bioenergetic and Cardiometabolic Consequences of the Loss of Gonadal Function,ambiguous,fundamental_aging,0.85,gonadal aging on the regulation of energy homeostasis and metabolism,https://reporter.nih.gov/project-details/2U54AG062319-11
reporter:5R00AG055649-04,reporter,2019,US,National Institute on Aging,246971,USD,213052.97,Investigations to Assess the Role of Glucagon Signaling in Healthspan and Aging,intervention,fundamental_aging,0.88,studies focused on the role of glucagon signaling in healthy aging,https://reporter.nih.gov/project-details/5R00AG055649-04
reporter:7K08DK134759-03,reporter,2025,US,National Institute of Diabetes and Digestive and Kidney Diseases,163614,USD,141143.89,Aging lymphocytes: senescence programs in lymphocytes relevant to human inflammatory bowel disease,fundamental_aging,fundamental_aging,0.82,Aging lymphocytes: senescence programs in lymphocytes relevant to human inflammatory bowel disease,https://reporter.nih.gov/project-details/7K08DK134759-03
reporter:5U01AG060897-02,reporter,2019,US,National Institute on Aging,622593,USD,537088.51,Aging Biomarkers: Integrating Omic Profiles with Mechanistic Measures,fundamental_aging,fundamental_aging,0.96,The objective of this study is to develop and validate biomarkers that reflect mechanisms of biological aging.,https://reporter.nih.gov/project-details/5U01AG060897-02
reporter:1R21CA216660-01A1,reporter,2018,US,National Cancer Institute,205591,USD,177355.94,Clonal Expansion of HTLV-1-Infected Cells and Adult T Cell Leukemia,fundamental_aging,age_related_disease,0.91,adult T cell leukemia/lymphoma (ATL) decades after infection,https://reporter.nih.gov/project-details/1R21CA216660-01A1
reporter:1R01CA255349-01,reporter,2021,US,National Cancer Institute,445544,USD,384354.73,Stromal senescence in lethal prostate cancer: a novel target for prognosis and therapy,fundamental_aging,fundamental_aging,0.85,"Senescent stromal fibroblasts may result from telomere attrition, but also other aging and non-aging mechanisms",https://reporter.nih.gov/project-details/1R01CA255349-01
reporter:5R01CA143237-08,reporter,2018,US,National Cancer Institute,774494,USD,668128.02,Inherited colorectal cancer risk variants: from association to biology,fundamental_aging,age_related_disease,0.96,The goal of the proposed study is to discern the functional and biological relevance of colorectal cancer (CRC) risk variants identified through genome wide association studies (GWAS).,https://reporter.nih.gov/project-details/5R01CA143237-08
reporter:5R01CA182675-05,reporter,2018,US,National Cancer Institute,332000,USD,286404.42,p53 and tumor cell metabolism,fundamental_aging,age_related_disease,0.93,This proposal aims to define the role of the tumor suppressor p53 in the regulation of metabolism,https://reporter.nih.gov/project-details/5R01CA182675-05
reporter:7R01HL173487-02,reporter,2025,US,National Heart Lung and Blood Institute,700155,USD,603998.45,Artificial Intelligence Imaging Biomarkers of Longitudinal Cardiovascular Stress,age_related_disease,age_related_disease,0.82,the single most substantial contributor to incident cardiovascular disease (CVD) is older age,https://reporter.nih.gov/project-details/7R01HL173487-02
reporter:2R01AG015819-17,reporter,2019,US,National Institute on Aging,2104828,USD,1815759.14,"Risk Factors, Pathology, and Clinical Expressions of AD",age_related_disease,age_related_disease,0.96,identify novel and potentially high value therapeutic targets for the treatment and prevention of AD and related dementias,https://reporter.nih.gov/project-details/2R01AG015819-17
reporter:5R01CA259384-05,reporter,2025,US,National Cancer Institute,509276,USD,439334.02,Understanding the role of TP53 mutation in genetic susceptibility to ovarian cancer,age_related_disease,age_related_disease,0.96,Understanding the role of TP53 mutation in genetic susceptibility to ovarian cancer,https://reporter.nih.gov/project-details/5R01CA259384-05
reporter:1F31AG090019-01A1,reporter,2025,US,National Institute on Aging,37697,USD,32519.84,Characterizing concordance in the secretome of recessive dystrophic epidermolysis bullosa and cellular senescence,fundamental_aging,fundamental_aging,0.87,Characterizing concordance in the secretome of recessive dystrophic epidermolysis bullosa and cellular senescence,https://reporter.nih.gov/project-details/1F31AG090019-01A1
reporter:1R01AG061937-01,reporter,2018,US,National Institute on Aging,708790,USD,611447.55,"Cellular senescence, inflammation and neurotransmission in Alzheimer's disease",fundamental_aging,age_related_disease,0.86,"Cellular senescence, inflammation and neurotransmission in Alzheimer's disease",https://reporter.nih.gov/project-details/1R01AG061937-01
reporter:5I01BX005627-04,reporter,2025,US,Veterans Affairs,,USD,,Using a chemical biology approach to develop novel inhibitors of mitochondrial oxidative phosphorylation for the treatment of ovarian cancer,age_related_disease,age_related_disease,0.95,development of novel oxidative phosphorylation (OXPHOS) inhibitors for the treatment of ovarian cancer,https://reporter.nih.gov/project-details/5I01BX005627-04
reporter:1R01AG086328-01,reporter,2024,US,National Institute on Aging,635090,USD,547869.22,Leveraging senotherapeutic properties of metformin to improve collagen remodeling during muscle regrowth in older adults,fundamental_aging,intervention,0.94,Leveraging senotherapeutic properties of metformin to improve collagen remodeling during muscle regrowth in older adults,https://reporter.nih.gov/project-details/1R01AG086328-01
reporter:5P30AG072977-05,reporter,2025,US,National Institute on Aging,768509,USD,662964.98,Clinical Core,age_related_disease,age_related_disease,0.95,continue to serve NIA and NAPA priorities for research on Alzheimer’s Disease and Alzheimer’s Related Dementias (AD/ADRD),https://reporter.nih.gov/project-details/5P30AG072977-05
reporter:5R01AG069915-03,reporter,2023,US,National Institute on Aging,616152,USD,531532.09,"Methods to Test the Role of Age-related Lifestyle and Vaginal Microenvironment Changes and the Prevention, Treatment, and Progression of Genitourinary Syndrome of Menopause",ambiguous,age_related_disease,0.85,"Over 50% of postmenopausal women are affected by the genitourinary syndrome of menopause (GSM), a progressive, chronic condition related to estrogen decline",https://reporter.nih.gov/project-details/5R01AG069915-03
reporter:2R35GM138186-06,reporter,2025,US,National Institute of General Medical Sciences,2161607,USD,1864740.34,Quantifying Physiologic and Pathologic Viscoelastic Phases of Biomolecular Condensates by Correlative Force and Fluorescence Microscopy,age_related_disease,ambiguous,0.72,we do not understand how material properties and aging dynamics of multi-component condensates are regulated in living cells,https://reporter.nih.gov/project-details/2R35GM138186-06
reporter:1R01NS117541-01A1,reporter,2021,US,National Institute of Neurological Disorders and Stroke,422773,USD,364711.01,Metabolic correlates of disease activity and disability progression in pediatric MS,ambiguous,ambiguous,0.75,Metabolic correlates of disease activity and disability progression in pediatric MS,https://reporter.nih.gov/project-details/1R01NS117541-01A1
reporter:5R01AG069740-03,reporter,2022,US,National Institute on Aging,355723,USD,306869.39,The Paternal Age Effect - Enhanced Germ Cell Mutagenesis Modulated by the TRP53/APE1/MDM2 Tumor Suppressor Axis,ambiguous,fundamental_aging,0.88,"DNA repair declines in spermatogenic cells as mice age, promoting an increase in mutations.",https://reporter.nih.gov/project-details/5R01AG069740-03
reporter:5R01EY024905-05,reporter,2019,US,National Eye Institute,381501,USD,329107.14,Epigenetic Regulation of Gene Expression in the Aging Eye,age_related_disease,fundamental_aging,0.9,identify the epigenetic mechanisms that contribute to aging in photoreceptors,https://reporter.nih.gov/project-details/5R01EY024905-05
reporter:5U19AG073585-02,reporter,2022,US,National Institute on Aging,3389930,USD,2924370.26,THE INTEGRATED DATA ACQUISITION CORE (IDAC),age_related_disease,age_related_disease,0.78,uncover early markers and behaviors that are associated with an increased risk for AD/ADRD,https://reporter.nih.gov/project-details/5U19AG073585-02
reporter:5R01AG052495-03,reporter,2018,US,National Institute on Aging,594348,USD,512722.57,Mindfulness based stress reduction for family caregivers of dementia patients,care,care,0.9,Mindfulness based stress reduction for family caregivers of dementia patients,https://reporter.nih.gov/project-details/5R01AG052495-03
reporter:5R25AG060892-03,reporter,2021,US,National Institute on Aging,323470,USD,279045.89,Katies for Aging Research and Equity (KARE) at St. Catherine University,ambiguous,ambiguous,0.9,an innovative and integrated research education program that will advance diversity in aging research,https://reporter.nih.gov/project-details/5R25AG060892-03
reporter:2P20GM121334-06,reporter,2022,US,National Institute of General Medical Sciences,268835,USD,231914.25,Project-002,intervention,age_related_disease,0.65,long-term consequences of PCOS pregnancy on the CV health in adult offspring,https://reporter.nih.gov/project-details/2P20GM121334-06
reporter:5R01EY020581-13,reporter,2022,US,National Eye Institute,397700,USD,343081.44,Role of Oxidative Stress in Pathogenesis of Fuchs Endothelial Corneal Dystrophy,fundamental_aging,age_related_disease,0.88,"Fuchs Endothelial Cornel Dystrophy (FECD), a common age-related dystrophy, which is more prevalent in women, is of unknown etiology.",https://reporter.nih.gov/project-details/5R01EY020581-13
reporter:5R01AG054370-04,reporter,2019,US,National Institute on Aging,694773,USD,599355.59,"Health Disparities in Osteoarthritis: Biological Aging, Stress, and Pain - Modulation by Resilience Factors",fundamental_aging,age_related_disease,0.88,Osteoarthritis (OA) is a prevalent and debilitating age-related health condition,https://reporter.nih.gov/project-details/5R01AG054370-04
reporter:5R01DE021103-10,reporter,2025,US,National Institute of Dental and Craniofacial Research,504446,USD,435167.36,Modulated release of anti-senescence drugs to stimulate aged bone repair,fundamental_aging,intervention,0.9,Modulated release of anti-senescence drugs to stimulate aged bone repair,https://reporter.nih.gov/project-details/5R01DE021103-10
reporter:5R01CA197976-08,reporter,2022,US,National Cancer Institute,323858,USD,279380.61,The Hippo Signaling Pathway in High Grade Serous Ovarian Carcinoma,fundamental_aging,age_related_disease,0.95,Ovarian high-grade serous carcinoma (HGSC) is the most lethal gynecological cancer.,https://reporter.nih.gov/project-details/5R01CA197976-08
reporter:1R35GM133499-01,reporter,2019,US,National Institute of General Medical Sciences,390829,USD,337154.07,Single Cell Analysis of MAPK Signaling Dynamics during Tissue Homeostasis,fundamental_aging,ambiguous,0.6,control opposing cellular decisions such as survival/apoptosis or proliferation/senescence,https://reporter.nih.gov/project-details/1R35GM133499-01
reporter:5R01AG060890-05,reporter,2022,US,National Institute on Aging,771666,USD,665688.41,Persistent HIV expression induced type I IFN responses and inflammaging,age_related_disease,fundamental_aging,0.82,Persistent HIV expression induced type I IFN responses and inflammaging,https://reporter.nih.gov/project-details/5R01AG060890-05
reporter:5U01HL163300-02,reporter,2023,US,National Heart Lung and Blood Institute,411050,USD,354598.0,Clinical and Biological Factors Predicting Lung Transplant Textbook Outcomes (U01),fundamental_aging,ambiguous,0.95,Clinical and Biological Factors Predicting Lung Transplant Textbook Outcomes (U01),https://reporter.nih.gov/project-details/5U01HL163300-02
reporter:2T32AG000037-41,reporter,2019,US,National Institute on Aging,579068,USD,499541.06,Multidisciplinary Research Training in Gerontology,age_related_disease,ambiguous,0.75,This USC multidisciplinary research training program in Gerontology provides predoctoral and postdoctoral training within key disciplines in aging.,https://reporter.nih.gov/project-details/2T32AG000037-41
reporter:1R03AG082798-01,reporter,2023,US,National Institute on Aging,154500,USD,133281.57,"The Association Between Aging, Inflammation, and Clinical Outcomes in Acute Respiratory Distress Syndrome",fundamental_aging,fundamental_aging,0.82,"Aging is characterized by inflammation and cellular senescence, two processes which may mechanistically explain worse outcomes seen in older adults with ARDS.",https://reporter.nih.gov/project-details/1R03AG082798-01
reporter:1R01AG071818-01,reporter,2021,US,National Institute on Aging,332869,USD,287154.07,Social control of lifespan regulation via glial plasticity in ants,ambiguous,fundamental_aging,0.93,determine how glia contribute to healthy brain aging and longevity,https://reporter.nih.gov/project-details/1R01AG071818-01
reporter:1DP2ES030554-01,reporter,2018,US,National Institute of Environmental Health Sciences,2685000,USD,2316252.59,Revealing somatic genome alterations and their clinical sequelae: Ultrasensitive computational detection of mosaic structural variants,age_related_disease,ambiguous,0.8,clonal mosaicism of blood cells is surprisingly common – a near-inevitable result of aging,https://reporter.nih.gov/project-details/1DP2ES030554-01
reporter:5R01DA059961-02,reporter,2025,US,National Institute on Drug Abuse,653970,USD,564156.31,Neurobehavioral Impacts of Medical Cannabis Use: An Observational Study,ambiguous,ambiguous,0.95,Neurobehavioral Impacts of Medical Cannabis Use: An Observational Study,https://reporter.nih.gov/project-details/5R01DA059961-02
reporter:1R01DE034025-01A1,reporter,2025,US,National Institute of Dental and Craniofacial Research,533675,USD,460382.16,Mineral Scaffold-Modulated Senescence in Irradiated Bone,fundamental_aging,fundamental_aging,0.78,Senescence is a cellular-level response that restricts aged or damaged cell proliferation and represents a major cause of aging due to genomic instability and telomere damage.,https://reporter.nih.gov/project-details/1R01DE034025-01A1
reporter:2T32AG023481-11,reporter,2015,US,National Institute on Aging,219454,USD,189315.04,Multidisciplinary Fellowship in Dementia Research,age_related_disease,age_related_disease,0.93,Multidisciplinary Fellowship in Dementia Research,https://reporter.nih.gov/project-details/2T32AG023481-11
reporter:5R01AG066498-04,reporter,2023,US,National Institute on Aging,647636,USD,558692.2,The Microbiome and Biological Aging in the Add Health Study,fundamental_aging,fundamental_aging,0.96,"how the microbiome relates to the fundamental aspects of aging biology, specifically inflammatory phenotypes and genomic markers of biological age",https://reporter.nih.gov/project-details/5R01AG066498-04
reporter:5R01AG071995-02,reporter,2025,US,National Institute on Aging,730509,USD,630183.75,The role of diet and aging in photoreceptor homeostasis and visual function decline,fundamental_aging,intervention,0.88,dietary restriction (DR) is a robust intervention that can slow aging and extend healthspan,https://reporter.nih.gov/project-details/5R01AG071995-02
reporter:2T32AG000221-31,reporter,2022,US,National Institute on Aging,661062,USD,570274.33,Training in the Demography and Economics of Aging,ambiguous,ambiguous,0.85,Training in the Demography and Economics of Aging,https://reporter.nih.gov/project-details/2T32AG000221-31
reporter:5R35GM128947-07,reporter,2025,US,National Institute of General Medical Sciences,385985,USD,332975.33,Single-cell analysis and synthetic control of mammalian chromatin dynamics and gene regulation,age_related_disease,ambiguous,0.75,Gene and chromatin regulation are at the core of many human biological processes such as development and aging,https://reporter.nih.gov/project-details/5R35GM128947-07
reporter:5P30AG028716-19,reporter,2024,US,National Institute on Aging,674676,USD,582018.63,Research Core 1: Molecular Measures Core (RC1),ambiguous,fundamental_aging,0.94,"molecular measures of inflammation, targeted and untargeted metabolomics, epigenetic measures of miRNAs related to longevity, molecular measures of biological age",https://reporter.nih.gov/project-details/5P30AG028716-19
reporter:5R01GM107129-02,reporter,2015,US,National Institute of General Medical Sciences,283100,USD,244220.15,Mechanisms regulating proteasomal substrate degradation,age_related_disease,ambiguous,0.65,Mechanisms regulating proteasomal substrate degradation,https://reporter.nih.gov/project-details/5R01GM107129-02
reporter:5R01AG056440-02,reporter,2018,US,National Institute on Aging,590488,USD,509392.68,Network-Driven Dynamics of Replicative Aging,age_related_disease,fundamental_aging,0.97,requires a deep understanding of the mechanisms of aging,https://reporter.nih.gov/project-details/5R01AG056440-02
reporter:7R01MD015401-03,reporter,2021,US,National Institute on Minority Health and Health Disparities,348070,USD,300267.43,Epigenomic mechanisms of risk and resilience: The role of parenting,ambiguous,ambiguous,0.75,epigenetic changes in genes involved in neuroendocrine and inflammatory responses to stress response,https://reporter.nih.gov/project-details/7R01MD015401-03
reporter:5R01GM122934-03,reporter,2019,US,National Institute of General Medical Sciences,288600,USD,248964.8,Cellular and Molecular Mechanisms of Fungal Sepsis in the Critically Ill Patient,fundamental_aging,age_related_disease,0.78,increased susceptibility to fungal infection in the aged and/or septic patient,https://reporter.nih.gov/project-details/5R01GM122934-03
reporter:5R01GM144497-04,reporter,2025,US,National Institute of General Medical Sciences,390464,USD,336839.2,Roles of mitochondrial dynamics and mtDNA in senescence,fundamental_aging,fundamental_aging,0.98,provide a fundamental mechanistic understanding of the role of nucleus vs. mitochondria in the activation of the senescence program,https://reporter.nih.gov/project-details/5R01GM144497-04
reporter:5R01AG070035-03,reporter,2023,US,National Institute on Aging,515190,USD,444435.82,Role of estrogen receptor-a in aging and sex-specific responses to 17a-estradiol,intervention,intervention,0.95,Several pharmacological compounds have shown promise as interventional strategies for extending longevity. One recently studied compound shown to improve healthspan and longevity is 17α-estradiol,https://reporter.nih.gov/project-details/5R01AG070035-03
reporter:5U54AG062319-10,reporter,2022,US,National Institute on Aging,233194,USD,201168.05,Leadership Administrative Core,ambiguous,fundamental_aging,0.82,"advance knowledge of the impact of gonadal aging on the regulation of bioenergetics, abdominal adiposity, metabolism, and disease risk",https://reporter.nih.gov/project-details/5U54AG062319-10
reporter:5P30AG044271-03,reporter,2017,US,National Institute on Aging,92775,USD,80033.64,RC-2: Clinical Research Core (CRC),intervention,intervention,0.97,interventions capable of modulating the aging process to improve and extend the healthspan and lifespan,https://reporter.nih.gov/project-details/5P30AG044271-03
reporter:2R01DK114468-02,reporter,2018,US,National Institute of Diabetes and Digestive and Kidney Diseases,353344,USD,304817.12,Defining the Niche-dependent Role of RNA Editing in Aged and MDS Hematopoietic Stem and Progenitor Cell Dysfunction,ambiguous,fundamental_aging,0.65,"During aging, impaired hematopoietic stem and progenitor cell (HSPC) maintenance induced by clonal DNA mutations as well as niche-driven RNA processing deregulation can set the stage for myelodysplastic syndrome (MDS) in",https://reporter.nih.gov/project-details/2R01DK114468-02
reporter:5R13AG071167-02,reporter,2022,US,National Institute on Aging,49985,USD,43120.26,Promoting Diverse Perspectives: Addressing Health Disparities Related to Alzheimer's and other Dementias,age_related_disease,age_related_disease,0.95,"Alzheimer's and other dementias are primary causes of disability and dependency in the US, but do not affect all groups equally.",https://reporter.nih.gov/project-details/5R13AG071167-02
reporter:5R01CA256193-02,reporter,2022,US,National Cancer Institute,638640,USD,550931.68,Characterization and targeting of the epigenetic state underlying uveal melanoma liver metastasis,fundamental_aging,age_related_disease,0.93,Characterization and targeting of the epigenetic state underlying uveal melanoma liver metastasis,https://reporter.nih.gov/project-details/5R01CA256193-02
reporter:3T32NS095775-02S1,reporter,2018,US,National Institute of Neurological Disorders and Stroke,756,USD,652.17,UAB Training Program In Neuroscience,ambiguous,age_related_disease,0.85,focused program for predoctoral students in basic and translational approaches to neurodegenerative disease,https://reporter.nih.gov/project-details/3T32NS095775-02S1
reporter:5R01DA057252-02,reporter,2023,US,National Institute on Drug Abuse,661918,USD,571012.77,Age-and sex-dependent pharmacodynamics and pharmacokinetics of oral and smoked delta-9-THC,ambiguous,ambiguous,0.82,Age-and sex-dependent pharmacodynamics and pharmacokinetics of oral and smoked delta-9-THC,https://reporter.nih.gov/project-details/5R01DA057252-02
reporter:5T35AG049685-03,reporter,2018,US,National Institute on Aging,77015,USD,66438.06,NIA Short Term Research Training: Students in Health Professional Schools,ambiguous,ambiguous,0.8,"The specific research experiences will include social, behavioral, biological, and mathematical sciences related to aging and aging disorders.",https://reporter.nih.gov/project-details/5T35AG049685-03
reporter:1R01HL155948-01,reporter,2021,US,National Heart Lung and Blood Institute,684815,USD,590765.18,Role of MIF and CD74 in the pathogenesis of emphysema,fundamental_aging,age_related_disease,0.9,Role of MIF and CD74 in the pathogenesis of emphysema,https://reporter.nih.gov/project-details/1R01HL155948-01
reporter:1R56AG073316-01,reporter,2021,US,National Institute on Aging,371926,USD,320847.14,Mapping the Marmoset: Characterizing the impacts of chimerism on marmoset development and aging,ambiguous,fundamental_aging,0.82,The marmoset monkey has emerged recently as a highly tractable nonhuman primate model of aging.,https://reporter.nih.gov/project-details/1R56AG073316-01
reporter:5R01AG061917-04,reporter,2022,US,National Institute on Aging,573217,USD,494493.62,Identification of Metabolomic Profiles for Sarcopenia Traits in Older Whites and Blacks,age_related_disease,age_related_disease,0.95,"Sarcopenia, characterized by the age-related loss of muscle mass and function, is a major health problem",https://reporter.nih.gov/project-details/5R01AG061917-04
reporter:1R01AG079864-01,reporter,2023,US,National Institute on Aging,886675,USD,764902.52,Brain Vulnerability in Delirium and Alzheimer’s Disease and Related Dementias: Intersection of Polygenic Risk and Inflammation,age_related_disease,age_related_disease,0.95,"genetic risk for Alzheimer’s Disease and Alzheimer’s Disease-Related Dementias (AD/ADRD) identifies individuals with a “vulnerable brain,”",https://reporter.nih.gov/project-details/1R01AG079864-01
reporter:5U54AG076041-03,reporter,2023,US,National Institute on Aging,408755,USD,352618.18,Administrative Core,fundamental_aging,fundamental_aging,0.95,Minnesota Tissue Mapping Center (MN TMC) for Senescent Cells (SnC) Administrative Core,https://reporter.nih.gov/project-details/5U54AG076041-03
reporter:5R01EY029601-02,reporter,2022,US,National Eye Institute,444018,USD,383038.3,Spatiotemporal representation in ventral visual pathway,age_related_disease,ambiguous,0.95,Spatiotemporal representation in ventral visual pathway,https://reporter.nih.gov/project-details/5R01EY029601-02
reporter:5IK6BX004214-06,reporter,2023,US,Veterans Affairs,,USD,,BLRD Research Career Scientist Award Application,age_related_disease,fundamental_aging,0.78,"Her research focus is in the area of aging and neurodegenerative disease, specifically with a focus on the innate immune system and how aging interacts with the innate immune system",https://reporter.nih.gov/project-details/5IK6BX004214-06
reporter:3R01AG045842-05S1,reporter,2017,US,National Institute on Aging,72000,USD,62111.8,Aging of tissue-specific clocks in the immune system of Drosophila,fundamental_aging,fundamental_aging,0.93,The cause(s) of macrophage senescence remains unknown.,https://reporter.nih.gov/project-details/3R01AG045842-05S1
reporter:5R24AG073137-03,reporter,2023,US,National Institute on Aging,1274292,USD,1099285.71,Developing the Privately Owned Companion Dog as a Model for Alzheimers Disease,age_related_disease,age_related_disease,0.92,Developing the Privately Owned Companion Dog as a Model for Alzheimers Disease,https://reporter.nih.gov/project-details/5R24AG073137-03
reporter:1R15AG076370-01,reporter,2022,US,National Institute on Aging,427966,USD,369190.82,Mechanism of telomere attrition and premature T cell aging during HIV infection.,fundamental_aging,fundamental_aging,0.88,telomere erosion is a hallmark of cell aging or senescence,https://reporter.nih.gov/project-details/1R15AG076370-01
reporter:1R01AG068048-01,reporter,2020,US,National Institute on Aging,438468,USD,378250.52,The role of sub-lethal mitochondrial apoptotic stress in cellular senescence,fundamental_aging,fundamental_aging,0.96,"This application investigates the relationship between mitochondrial apoptotic stress, senescence and aging.",https://reporter.nih.gov/project-details/1R01AG068048-01
reporter:5R01ES032330-03,reporter,2022,US,National Institute of Environmental Health Sciences,577937,USD,498565.39,"Metabolic Health Risk Among Mid-Life Women: The Roles of Toxicants, Inflammation, and Epigenetics",ambiguous,age_related_disease,0.85,incidence of metabolic syndrome (MetS) increases in midlife,https://reporter.nih.gov/project-details/5R01ES032330-03
reporter:5P30AG021332-23,reporter,2025,US,National Institute on Aging,137920,USD,118978.61,Integrative Biology Core,fundamental_aging,fundamental_aging,0.86,identifying and integrating biologic factors that contribute to aging-related disability processes,https://reporter.nih.gov/project-details/5P30AG021332-23
reporter:1R21EY030363-01,reporter,2019,US,National Eye Institute,195000,USD,168219.46,"Assessing the Interplay of Vision with Cognitive Functioning, Balance, and Falls in Middle-aged Women",ambiguous,age_related_disease,0.82,"vision impairment (VI) plays a role in balance, falls and cognitive impairment",https://reporter.nih.gov/project-details/1R21EY030363-01
reporter:5R01AG058854-05,reporter,2025,US,National Institute on Aging,634944,USD,547743.27,ENIGMA World Aging Center,age_related_disease,fundamental_aging,0.87,discover key biological mechanisms that influence brain aging,https://reporter.nih.gov/project-details/5R01AG058854-05
reporter:2P30AG044271-06,reporter,2020,US,National Institute on Aging,1242840,USD,1072153.21,San Antonio Claude D. Pepper Older Americans Independence Center,fundamental_aging,fundamental_aging,0.85,A core tenet of the geroscience concept is that multiple human diseases arise from aging itself.,https://reporter.nih.gov/project-details/2P30AG044271-06
reporter:1R01DK137797-01,reporter,2024,US,National Institute of Diabetes and Digestive and Kidney Diseases,418610,USD,361119.74,Coordinated matricellular regulation of intestinal injury repair and regeneration,fundamental_aging,ambiguous,0.9,Coordinated matricellular regulation of intestinal injury repair and regeneration,https://reporter.nih.gov/project-details/1R01DK137797-01
reporter:7DP1AG053015-04,reporter,2018,US,National Institute on Aging,322535,USD,278239.3,A Bioorthogonal Approach to Study Mammalian Aging,age_related_disease,fundamental_aging,0.98,fundamental questions about aging: what controls organismal aging? Does it start in one tissue and spread to another?,https://reporter.nih.gov/project-details/7DP1AG053015-04
reporter:5R01GM118837-04,reporter,2020,US,National Institute of General Medical Sciences,347456,USD,299737.75,The role of the checkpoint clamp in DNA repair,fundamental_aging,ambiguous,0.55,The role of the checkpoint clamp in DNA repair,https://reporter.nih.gov/project-details/5R01GM118837-04
reporter:1ZIAEY000556-02,reporter,2018,US,National Eye Institute,1224376,USD,1056224.98,Studies of Ocular inflammation: Translational Research,fundamental_aging,fundamental_aging,0.86,"we have unraveled a phenotype in CD8 T cells, which exhibits features of senescence",https://reporter.nih.gov/project-details/1ZIAEY000556-02
reporter:1R03DE032101-01A1,reporter,2023,US,National Institute of Dental and Craniofacial Research,158500,USD,136732.23,The role of cellular senescence in bone loss and recovery in periodontal disease,fundamental_aging,fundamental_aging,0.86,A potential factor in the development of PD bone loss is the accumulation of senescent cells.,https://reporter.nih.gov/project-details/1R03DE032101-01A1
reporter:5T32AG058527-05,reporter,2022,US,National Institute on Aging,216427,USD,186703.76,Translational Aging Research Training Program,ambiguous,ambiguous,0.78,Translational Aging Research Training Program,https://reporter.nih.gov/project-details/5T32AG058527-05
reporter:5R01GM129576-04,reporter,2021,US,National Institute of General Medical Sciences,448119,USD,386576.09,Neurogenetic analysis of value-based decision making,ambiguous,ambiguous,0.92,Neurogenetic analysis of value-based decision making,https://reporter.nih.gov/project-details/5R01GM129576-04
reporter:5R01AG070034-04,reporter,2024,US,National Institute on Aging,422096,USD,364126.98,Reduced thioredoxin in both the cytosol and mitochondria: a key modulator of age-related cancer development in Trx1KO x Trx2KO mice?,intervention,age_related_disease,0.83,a key modulator of age-related cancer development in Trx1KO x Trx2KO mice?,https://reporter.nih.gov/project-details/5R01AG070034-04
reporter:1R34EY031719-01,reporter,2020,US,National Eye Institute,236456,USD,203982.06,Oral metformin for non-neovascular age-related macular degeneration,fundamental_aging,age_related_disease,0.95,Oral metformin for non-neovascular age-related macular degeneration,https://reporter.nih.gov/project-details/1R34EY031719-01
reporter:5R01AG020670-17,reporter,2018,US,National Institute on Aging,565122,USD,487510.35,Knockin Mouse Models of Alzheimer's Disease,age_related_disease,age_related_disease,0.95,Alzheimer’s disease (AD) is an age-related neurodegenerative disorder,https://reporter.nih.gov/project-details/5R01AG020670-17
reporter:1ZIAAG000693-15,reporter,2025,US,National Institute on Aging,846403,USD,730161.32,Statistical genetics of aging-related genomic and phenotypic change,age_related_disease,fundamental_aging,0.85,Statistical genetics of aging-related genomic and phenotypic change,https://reporter.nih.gov/project-details/1ZIAAG000693-15
reporter:5R21AG078793-02,reporter,2024,US,National Institute on Aging,219156,USD,189057.97,Identifying molecular traits associated with extreme human longevity using an AI based integrative approach,ambiguous,fundamental_aging,0.96,identify biomarkers of healthy human aging using advanced Artificial Intelligence (AI) methods,https://reporter.nih.gov/project-details/5R21AG078793-02
reporter:2T32MH015750-36A1,reporter,2016,US,National Institute of Mental Health,183795,USD,158553.31,Biobehavioral Issues in Physical and Mental Health,age_related_disease,ambiguous,0.88,The primary objective of this program is to train predoctoral and postdoctoral research scientists in integrated biobehavioral and sociocultural approaches to the study of mental health and disorder,https://reporter.nih.gov/project-details/2T32MH015750-36A1
reporter:5R01AG074887-03,reporter,2023,US,National Institute on Aging,610790,USD,526906.49,DNA methylation in context: Racial inequities in social adversity and vulnerability to the health impact of air pollution,age_related_disease,age_related_disease,0.65,"chronic conditions such as cardiovascular disease (CVD), hypertension, and diabetes",https://reporter.nih.gov/project-details/5R01AG074887-03
reporter:1R41AG071265-01A1,reporter,2021,US,National Institute on Aging,252132,USD,217505.18,Engineered Cyclodextrins to Address 7-ketocholesterol-Associated Diseases ofAging,age_related_disease,age_related_disease,0.89,demonstrate that 7-ketocholesterol (7KC) is elevated in red blood cells (RBCs) in Atherosclerosis and Alzheimer’s disease,https://reporter.nih.gov/project-details/1R41AG071265-01A1
reporter:5T32HS000078-19,reporter,2016,US,Agency for Healthcare Research and Quality,574324,USD,495448.59,Northwestern University-University of Chicago HSR Postdoctoral Training Program,age_related_disease,ambiguous,0.85,Northwestern University-University of Chicago HSR Postdoctoral Training Program,https://reporter.nih.gov/project-details/5T32HS000078-19
reporter:5R00AG073473-04,reporter,2025,US,National Institute on Aging,244021,USD,210508.11,"Caregiving, Complex Family and Kinship Ties, and Alzheimer's Disease and Related Dementias (ADRD)",age_related_disease,care,0.9,Families and unpaid caregivers provide the majority of assistance to older Americans living with limitations,https://reporter.nih.gov/project-details/5R00AG073473-04
reporter:5R01HD084532-04,reporter,2019,US,Eunice Kennedy Shriver National Institute of Child Health and Human Development,135380,USD,116787.44,Fetal Cell Senescence Signals Initiation of Parturition,fundamental_aging,fundamental_aging,0.72,Fetal cell senescence at term is a natural physiologic response to oxidative stress,https://reporter.nih.gov/project-details/5R01HD084532-04
reporter:1R01HG013679-01,reporter,2024,US,National Human Genome Research Institute,743524,USD,641411.32,Expansion genomics for high-resolution single-cell and spatial epigenomics,ambiguous,ambiguous,0.8,"The diversity of cell states observed across development, aging, and disease is regulated by the epigenome",https://reporter.nih.gov/project-details/1R01HG013679-01
reporter:1ZIABC005708-30,reporter,2021,US,National Cancer Institute,916147,USD,790326.95,"Xenobiotic metabolism, cancer chemoprevention and cancer biomarkers",age_related_disease,age_related_disease,0.95,"Xenobiotic metabolism, cancer chemoprevention and cancer biomarkers",https://reporter.nih.gov/project-details/1ZIABC005708-30
reporter:5R01DK128552-04,reporter,2024,US,National Institute of Diabetes and Digestive and Kidney Diseases,355756,USD,306897.86,Targeting Cellular Senescence and RAGE in Type 2 Diabetes,fundamental_aging,age_related_disease,0.78,targeting cellular senescence or RAGE can improve T2D-related skeletal fragility,https://reporter.nih.gov/project-details/5R01DK128552-04
reporter:2U54NS092091-06,reporter,2019,US,National Institute of Neurological Disorders and Stroke,89667,USD,77352.48,Clinical Research in ALS & Related Disorders for Therapeutic Development (CReATe) - Project Core #3,ambiguous,age_related_disease,0.86,effective disease-modifying treatments for amyotrophic lateral sclerosis (ALS) and other neurodegenerative disorders still elude us,https://reporter.nih.gov/project-details/2U54NS092091-06
reporter:1R01AG068250-01,reporter,2020,US,National Institute on Aging,440770,USD,380236.37,Restoring the regenerative capacity of the aged muscle,fundamental_aging,fundamental_aging,0.86,we discovered that NANOG reversed the hallmarks of cellular senescence and restored the metabolic program of senescent skeletal myoblasts,https://reporter.nih.gov/project-details/1R01AG068250-01
reporter:5U01HL146201-04,reporter,2022,US,National Heart Lung and Blood Institute,4081180,USD,3520686.68,Clinical Research Sites for the MACS/WIHS Combined Cohort Study (MACS/WIHS-CCS) - Baltimore/Wash DC Center,age_related_disease,ambiguous,0.65,relationship between long-term controlled HIV infection and chronic diseases and co-morbidities associated with aging,https://reporter.nih.gov/project-details/5U01HL146201-04
reporter:5R01AG052519-05,reporter,2021,US,National Institute on Aging,323254,USD,278859.56,Healthy transitions from mid-life to early older age: biomedical follow-up of 1958 Birth Cohort Study members at age 60,age_related_disease,ambiguous,0.7,Understanding the occurrence and determinants of these ageing outcomes,https://reporter.nih.gov/project-details/5R01AG052519-05
reporter:5R01MH132218-02,reporter,2023,US,National Institute of Mental Health,2297058,USD,1981589.03,Toward Healthy Aging in Adults with Autism: A Longitudinal Clinical and Multimodal Brain Imaging Study,fundamental_aging,fundamental_aging,0.78,epigenetic measures of biological aging,https://reporter.nih.gov/project-details/5R01MH132218-02
reporter:1R01AG064800-01,reporter,2019,US,National Institute on Aging,539337,USD,465266.56,Cutaneous pathogen-specific tissue resident memory T cells in human aging,fundamental_aging,fundamental_aging,0.86,"to determine the mechanisms of age-related susceptibility to shingles, and the mechanisms of action of a uniquely successful vaccine that retains efficacy in the elderly.",https://reporter.nih.gov/project-details/1R01AG064800-01
reporter:1ZIAAG000989-01,reporter,2017,US,National Institute on Aging,325927,USD,281165.46,Characterization of Serum Extracellular Vesicles with Human Age,fundamental_aging,fundamental_aging,0.82,We characterized EV attributes across selected age groups ... in order to address age-related changes in community-dwelling individuals.,https://reporter.nih.gov/project-details/1ZIAAG000989-01
reporter:1ZIABC010525-17,reporter,2019,US,National Cancer Institute,2322567,USD,2003594.72,Immune Reconstitution,fundamental_aging,ambiguous,0.65,The biology of reconstitution of T cell populations following acute loss remains incompletely characterized.,https://reporter.nih.gov/project-details/1ZIABC010525-17
reporter:3R01AG059416-05S1,reporter,2022,US,National Institute on Aging,245474,USD,211761.56,"Study of Muscle, Mobility and Aging (SOMMA)",ambiguous,fundamental_aging,0.93,The role of age-related biological changes in skeletal muscle on the decline in mobility is poorly understood.,https://reporter.nih.gov/project-details/3R01AG059416-05S1
reporter:3R01NS117968-01S1,reporter,2021,US,National Institute of Neurological Disorders and Stroke,377307,USD,325489.13,How alpha-Synuclein misfolding promotes tau pathology in ADRD,age_related_disease,age_related_disease,0.95,How alpha-Synuclein misfolding promotes tau pathology in ADRD,https://reporter.nih.gov/project-details/3R01NS117968-01S1
reporter:5U01HL146208-05,reporter,2023,US,National Heart Lung and Blood Institute,4084069,USD,3523178.92,University of Pittsburgh MACS/WIHS CCS,age_related_disease,ambiguous,0.7,"as men and women with chronic HIV infection age, they increase their risks for serious, life-shortening comorbidities beyond those of comparable age, uninfected persons",https://reporter.nih.gov/project-details/5U01HL146208-05
reporter:5R21AG065532-02,reporter,2021,US,National Institute on Aging,231750,USD,199922.36,Loss of TRAF3 in aging B lymphocytes,age_related_disease,fundamental_aging,0.9,"The objective of this application is to determine how posttranslational mechanisms reduce TRAF3 protein in aging B, but not T lymphocytes",https://reporter.nih.gov/project-details/5R21AG065532-02
reporter:1ZIAAG000332-09,reporter,2017,US,National Institute on Aging,679890,USD,586516.56,Neuro-Immune Mechanisms in Brain Plasticity and Aging,fundamental_aging,age_related_disease,0.82,These findings demonstrate that IF can attenuate the inflammatory response and tissue damage following ischemic stroke by a mechanism involving suppression of NLRP1 and NLRP3 inflammasome activity.,https://reporter.nih.gov/project-details/1ZIAAG000332-09
reporter:5T32AG000213-24,reporter,2015,US,National Institute on Aging,439531,USD,379167.53,Biology of Aging and Age Related Diseases Training Grant,ambiguous,ambiguous,0.82,biology and clinical/translational research in aging and related diseases,https://reporter.nih.gov/project-details/5T32AG000213-24
reporter:5R03AG054723-02,reporter,2018,US,National Institute on Aging,177000,USD,152691.51,Transitional Growth-Associated Skeletal Stem Cells,fundamental_aging,fundamental_aging,0.75,Telomerase (Tert) activity prevents cellular senescence and is required for maintenance of stem cells in regenerative tissues.,https://reporter.nih.gov/project-details/5R03AG054723-02
reporter:5R01HL128069-02,reporter,2016,US,National Heart Lung and Blood Institute,416250,USD,359083.85,DDT and CD74 receptor activation prevent cardiac injury,age_related_disease,age_related_disease,0.95,develop novel therapeutic approaches for patients with cardiovascular disease,https://reporter.nih.gov/project-details/5R01HL128069-02
reporter:3R01GM145852-02S1,reporter,2024,US,National Institute of General Medical Sciences,205848,USD,177577.64,Equipment Supplement: Spatial Photoproximity Profiling of Dynamic Protein Complexes,age_related_disease,ambiguous,0.75,develop and validate several complementary light-dependent proximity profiling platforms capable of detecting protein interaction dynamics in live cells,https://reporter.nih.gov/project-details/3R01GM145852-02S1
reporter:1R13AG089747-01,reporter,2024,US,National Institute on Aging,41170,USD,35515.87,CSHL Mechanisms of Aging Conference (2024 - 2028),fundamental_aging,fundamental_aging,0.95,The meeting will provide an in-depth forum for presentation of new findings in different areas of aging research.,https://reporter.nih.gov/project-details/1R13AG089747-01
reporter:5R01MH094151-09,reporter,2020,US,National Institute of Mental Health,727977,USD,627999.48,Accelerated Inflammaging in Schizophrenia,fundamental_aging,fundamental_aging,0.82,inflammatory and cellular markers of aging,https://reporter.nih.gov/project-details/5R01MH094151-09
reporter:1R56AG056696-01,reporter,2018,US,National Institute on Aging,391250,USD,337517.25,Cellular Senescence and Alzheimer’s disease,fundamental_aging,fundamental_aging,0.85,Cellular senescence is a hallmark of aging that may influence age-related dysfunctions including the neurocognitive impairment observed in AD patients.,https://reporter.nih.gov/project-details/1R56AG056696-01
reporter:5R01CA241191-05,reporter,2024,US,National Cancer Institute,480430,USD,414449.62,Inhibition of Bcl-xL by Targeted Degradation,fundamental_aging,age_related_disease,0.88,Targeting the anti-apoptotic Bcl-2 family proteins is a promising therapeutic strategy for cancer,https://reporter.nih.gov/project-details/5R01CA241191-05
reporter:5T32AG027708-15,reporter,2024,US,National Institute on Aging,89633,USD,77323.15,Interdisciplinary Research Training on Health and Aging,ambiguous,ambiguous,0.75,training opportunities in the social and behavioral determinants of adverse health outcomes in older age,https://reporter.nih.gov/project-details/5T32AG027708-15
reporter:5R01DC020717-03,reporter,2025,US,National Institute on Deafness and Other Communication Disorders,537325,USD,463530.88,"Characterizing the recovery of spectral, temporal, and phonemic speech information from visual cues",age_related_disease,ambiguous,0.8,"including intrinsic brain tumor, stroke, cochlear implant usage, and age-related hearing loss",https://reporter.nih.gov/project-details/5R01DC020717-03
reporter:5P30AG024832-14,reporter,2018,US,National Institute on Aging,146835,USD,126669.25,METABOLISM & BIOLOGY RESOURCE CORE 2,age_related_disease,age_related_disease,0.78,"biological and metabolic mechanisms of sarcopenia, physical dysfunction and recovery",https://reporter.nih.gov/project-details/5P30AG024832-14
reporter:1RF1AG078888-01,reporter,2022,US,National Institute on Aging,1230000,USD,1061076.6,J-domain protein conformational selectivity for tau in disease,age_related_disease,age_related_disease,0.92,pathology in Alzheimer’s disease and over 20 other related tauopathies,https://reporter.nih.gov/project-details/1RF1AG078888-01
reporter:3R01AG079193-02S2,reporter,2024,US,National Institute on Aging,77329,USD,66708.94,Postbaccalaureate studies by Ms. Amalia Bustillos understanding whether viral infection of the olfactory system accelerate Alzheimer's disease,age_related_disease,age_related_disease,0.93,understanding whether viral infection of the olfactory system accelerate Alzheimer's disease,https://reporter.nih.gov/project-details/3R01AG079193-02S2
reporter:5R01AG044829-06,reporter,2018,US,National Institute on Aging,438319,USD,378121.98,Role of exceptional longevity genotypes in protection against frailty in aging,age_related_disease,fundamental_aging,0.86,unique genotypes and phenotypes protect against age-related diseases to assure exceptional healthy longevity,https://reporter.nih.gov/project-details/5R01AG044829-06
reporter:5R01DK069921-17,reporter,2021,US,National Institute of Diabetes and Digestive and Kidney Diseases,507793,USD,438054.69,The Laminin Receptors in Kidney Fibrosis,age_related_disease,age_related_disease,0.72,LM receptors regulate tubular epithelial cell inflammation and kidney tubulointerstitial fibrosis in aged and injured mice,https://reporter.nih.gov/project-details/5R01DK069921-17
reporter:5U01AG060906-02,reporter,2019,US,National Institute on Aging,741606,USD,639756.73,Quantitative Proteomics to Develop Robust Senescence-Related Biomarkers for Aging,age_related_disease,fundamental_aging,0.96,develop robust senescence-related biomarkers of aging,https://reporter.nih.gov/project-details/5U01AG060906-02
reporter:1R01CA201446-01A1,reporter,2016,US,National Cancer Institute,376294,USD,324615.25,Molecular Mechanisms Regulating the Alternative Lengthening of Telomeres Pathway,fundamental_aging,age_related_disease,0.88,Telomere lengthening mechanisms are active in the majority of all cancer cells... making them ideal candidates for targeted cancer therapies.,https://reporter.nih.gov/project-details/1R01CA201446-01A1
reporter:1I01RX003901-01A2,reporter,2022,US,Veterans Affairs,,USD,,"Fisetin as a treatment for community-acquired pathogen susceptibility during aging, obesity and neurodegenerative diseases",fundamental_aging,intervention,0.92,"Fisetin as a treatment for community-acquired pathogen susceptibility during aging, obesity and neurodegenerative diseases",https://reporter.nih.gov/project-details/1I01RX003901-01A2
reporter:2R35GM118141-06,reporter,2021,US,National Institute of General Medical Sciences,926164,USD,798968.25,Mitochondrial Biogenesis in Health and Disease,age_related_disease,ambiguous,0.65,"Mutations affecting these processes lead to mitochondrial cardio- and encephalo-myopathies and have been linked to neurodegeneration, metabolic disease, cancer, and aging.",https://reporter.nih.gov/project-details/2R35GM118141-06
reporter:5P30AG068635-04,reporter,2023,US,National Institute on Aging,143661,USD,123931.16,Core 3: Integrative Models of Aging Core,ambiguous,fundamental_aging,0.96,"Aging is a multi-faceted, multi-scale and heterogeneous process.",https://reporter.nih.gov/project-details/5P30AG068635-04
reporter:5R01AG082739-02,reporter,2024,US,National Institute on Aging,425561,USD,367116.11,Genetic information flow in the Hallmarks of Aging: from system-level analytics to mechanistic interventions,fundamental_aging,fundamental_aging,0.98,Genetic information flow in the Hallmarks of Aging: from system-level analytics to mechanistic interventions,https://reporter.nih.gov/project-details/5R01AG082739-02
reporter:1R21ES037112-01,reporter,2025,US,National Institute of Environmental Health Sciences,445240,USD,384092.48,Prenatal metal exposures and childhood telomere length attrition,fundamental_aging,fundamental_aging,0.88,"Telomere length (TL), a biomarker of biological aging, is inversely associated with chronological age and indicative of aging-related disease susceptibility.",https://reporter.nih.gov/project-details/1R21ES037112-01
reporter:2R01AG044034-11A1,reporter,2023,US,National Institute on Aging,444040,USD,383057.28,Oxidative Stress and the Development of Osteoarthritis,fundamental_aging,age_related_disease,0.92,"determine the basic mechanisms by which oxidative stress conditions contribute to the pathogenesis of osteoarthritis (OA), with a focus on age-related OA.",https://reporter.nih.gov/project-details/2R01AG044034-11A1
reporter:2R01GM103619-21A1,reporter,2017,US,National Institute of General Medical Sciences,322955,USD,278601.62,Mechanism and Function of Cotranslational Ubiquitylation,age_related_disease,fundamental_aging,0.75,"Protein quality control (QC) mechanisms exist in eukaryotic cells to monitor and clear misfolded, damaged, or aggregated proteins",https://reporter.nih.gov/project-details/2R01GM103619-21A1
reporter:3R01AG037514-12S1,reporter,2024,US,National Institute on Aging,33604,USD,28988.96,Role of Mitochondrial Homeostasis in Animal Aging,age_related_disease,fundamental_aging,0.93,Mitochondrial dysfunction and pro-inflammatory signaling are each thought to be key drivers of aging and AD.,https://reporter.nih.gov/project-details/3R01AG037514-12S1
reporter:5R21AG055049-02,reporter,2019,US,National Institute on Aging,228766,USD,197348.17,Molecular Mechanisms of Synaptic Aging,fundamental_aging,fundamental_aging,0.92,Very little is known about the molecular mechanisms underlying synaptic aging and how synaptic aging results in aging associated memory deficits.,https://reporter.nih.gov/project-details/5R21AG055049-02
reporter:1K01AG057726-01A1,reporter,2018,US,National Institute on Aging,116516,USD,100514.15,Training in Molecular Epidemiology: Linking Genes to Physical Function in Older Adults,fundamental_aging,fundamental_aging,0.82,"advanced training in molecular epidemiology and biology of aging, yield novel insight on the genetic and biological basis of physical function among older adults",https://reporter.nih.gov/project-details/1K01AG057726-01A1
reporter:5F30AG076322-04,reporter,2025,US,National Institute on Aging,24659,USD,21272.43,Investigating the Role of PLIN2 in Senescence,fundamental_aging,fundamental_aging,0.95,Cellular senescence has emerged as a unifying feature of multiple age-associated pathologies,https://reporter.nih.gov/project-details/5F30AG076322-04
reporter:5P01AG026572-10,reporter,2015,US,National Institute on Aging,367078,USD,316664.94,ANIMAL CORE,age_related_disease,age_related_disease,0.86,phenotypes predictive of risk for development of Alzheimer's pathology,https://reporter.nih.gov/project-details/5P01AG026572-10
reporter:1I01BX004029-01,reporter,2019,US,Veterans Affairs,,USD,,Telomere-based Epigenetic Reprogramming of Adipocyte Progenitor Cells inInsulin Resistance,fundamental_aging,fundamental_aging,0.85,One of the mechanisms implicated in organismal aging is the shortening of telomeres at the ends of chromosomes.,https://reporter.nih.gov/project-details/1I01BX004029-01
reporter:7R01AR079992-03,reporter,2024,US,National Institute of Arthritis and Musculoskeletal and Skin Diseases,488336,USD,421269.84,Role of the FAAH-OUT locus in cutaneous wound healing,ambiguous,ambiguous,0.82,The goal of this proposal is to understand how the FAAH OUT deletion results in accelerated wound healing.,https://reporter.nih.gov/project-details/7R01AR079992-03
reporter:1R13AG056105-01,reporter,2017,US,National Institute on Aging,30000,USD,25879.92,2017 Biology of Aging Gordon Research Conference and Gordon Research Seminar,intervention,fundamental_aging,0.98,the 2017 Gordon Research Conference (GRC) on the Biology of Aging,https://reporter.nih.gov/project-details/1R13AG056105-01
reporter:4R00AG078440-03,reporter,2025,US,National Institute on Aging,244023,USD,210509.83,Social Mechanisms Underlying Sex Differences in Alzheimer’s Disease.,age_related_disease,age_related_disease,0.87,Social Mechanisms Underlying Sex Differences in Alzheimer’s Disease.,https://reporter.nih.gov/project-details/4R00AG078440-03
reporter:1R13AI147874-01,reporter,2019,US,National Institute of Allergy and Infectious Diseases,25000,USD,21566.6,21st International Workshop on Co-morbidities and Adverse Drug Reactions in HIV,ambiguous,ambiguous,0.78,comorbid diseases are now the leading causes of death and disability in people living with HIV,https://reporter.nih.gov/project-details/1R13AI147874-01
reporter:1ZIAAG000997-08,reporter,2022,US,National Institute on Aging,17315,USD,14937.03,Microbiome Projects in the Baltimore Longitudinal Study of Aging,age_related_disease,fundamental_aging,0.75,Several studies have shown that the gut microbiome composition change significantly with age.,https://reporter.nih.gov/project-details/1ZIAAG000997-08
reporter:5R01AG060110-05,reporter,2022,US,National Institute on Aging,550108,USD,474558.32,Biological Underpinnings of Socioeconomic Differentials in Health and Mortality,fundamental_aging,fundamental_aging,0.95,"basic processes of biological aging including clinical indicators of physiological status, immune system functioning, telomere attrition, mitochondrial depletion, DNA methylation, and gene expression",https://reporter.nih.gov/project-details/5R01AG060110-05
reporter:5K01AG072615-03,reporter,2024,US,National Institute on Aging,130638,USD,112696.69,Early life trauma and aging using a long-lived animal model,age_related_disease,fundamental_aging,0.72,Early life trauma and aging using a long-lived animal model,https://reporter.nih.gov/project-details/5K01AG072615-03
reporter:5R01AG017644-16,reporter,2015,US,National Institute on Aging,1879944,USD,1621759.83,English Longitudinal Study of Ageing: renewal 2014,ambiguous,ambiguous,0.75,"ELSA is a multidisciplinary study, involving the collection of economic, epidemiological, health, social, psychological, physiological and genetic data.",https://reporter.nih.gov/project-details/5R01AG017644-16
reporter:2R01GM117275-06A1,reporter,2022,US,National Institute of General Medical Sciences,307697,USD,265439.1,Protein N-terminal Methylation Mechanisms and Inhibition,ambiguous,ambiguous,0.72,"Its level is increased as response of cellular stress, aging, and developmental processes.",https://reporter.nih.gov/project-details/2R01GM117275-06A1
reporter:5T32HD007502-22,reporter,2019,US,Eunice Kennedy Shriver National Institute of Child Health and Human Development,268147,USD,231320.74,Training Program in Stem Cell and Regenerative Developmental Biology,age_related_disease,ambiguous,0.7,Training Program in Stem Cell and Regenerative Developmental Biology,https://reporter.nih.gov/project-details/5T32HD007502-22
reporter:5I01CX002161-03,reporter,2023,US,Veterans Affairs,,USD,,Lifestyle Intervention plus Metformin to Treat Frailty in Older Veterans with Obesity,fundamental_aging,age_related_disease,0.85,Lifestyle Intervention plus Metformin to Treat Frailty in Older Veterans with Obesity,https://reporter.nih.gov/project-details/5I01CX002161-03
reporter:1ZIAAR041200-02,reporter,2015,US,National Institute of Arthritis and Musculoskeletal and Skin Diseases,820032,USD,707412.01,The role of AU-rich element binding proteins in shaping target mRNA expression,fundamental_aging,ambiguous,0.8,The role of AU-rich element binding proteins in shaping target mRNA expression,https://reporter.nih.gov/project-details/1ZIAAR041200-02
reporter:1K99AG073461-01A1,reporter,2022,US,National Institute on Aging,109929,USD,94831.78,Defining the landscape and mechanisms of redox regulation of metabolism during aging,intervention,fundamental_aging,0.94,Defining the landscape and mechanisms of redox regulation of metabolism during aging,https://reporter.nih.gov/project-details/1K99AG073461-01A1
reporter:5K01AG081566-03,reporter,2025,US,National Institute on Aging,139761,USD,120566.77,Cognitive Health and Modifiable Factors of Daily Sleep and Activities Among Dementia Family Caregivers,age_related_disease,care,0.95,Approximately 16 million Americans serve as family caregivers for a person with Alzheimer's disease and related dementias and this care can take a physical and emotional toll.,https://reporter.nih.gov/project-details/5K01AG081566-03
reporter:1ZIAAG000368-18,reporter,2022,US,National Institute on Aging,115433,USD,99579.88,Calorie restriction and aging,intervention,intervention,0.92,Laboratory studies consistently demonstrate extended lifespan in animals on calorie restriction,https://reporter.nih.gov/project-details/1ZIAAG000368-18
reporter:5R03AG072374-02,reporter,2022,US,National Institute on Aging,164000,USD,141476.88,Targeting P21-Highly-Expressing Senescent Cells In Vivo for Improving Cognitive Function in the Alzheimers Diseases,fundamental_aging,fundamental_aging,0.82,The accumulation of senescent cells in various tissues is one of the most prominent features of aging.,https://reporter.nih.gov/project-details/5R03AG072374-02
reporter:4R01MH097520-05,reporter,2016,US,National Institute of Mental Health,361594,USD,311934.09,Effects of Host and Viral Aging on Neurocognition,ambiguous,age_related_disease,0.72,The persistence of HAND is likely due to a complex interplay between poorly understood virologic factors and natural aging processes.,https://reporter.nih.gov/project-details/4R01MH097520-05
reporter:5K00CA264400-04,reporter,2024,US,National Cancer Institute,103583,USD,89357.32,"Metabolic health phenotype, accelerated aging and obesity-related cancer risk and mortality",age_related_disease,age_related_disease,0.86,"understand how metabolic dysfunction influences biological aging and risk of cancer, at all levels of adiposity, to inform interventions that prevent or delay these deadly diseases",https://reporter.nih.gov/project-details/5K00CA264400-04
reporter:5K08NS135129-02,reporter,2025,US,National Institute of Neurological Disorders and Stroke,224424,USD,193602.48,Aging-associated changes in the brain's response after a cardiac arrest,fundamental_aging,age_related_disease,0.75,The proposed research will investigate the role of inflammasome pathways as molecular mediators of age-related differences in brain injury after global cerebral ischemia induced by a cardiac arrest.,https://reporter.nih.gov/project-details/5K08NS135129-02
reporter:3U01AG006786-29S1,reporter,2015,US,National Institute on Aging,463402,USD,399760.18,Alzheimers Disease Patient Registry,age_related_disease,age_related_disease,0.86,Alzheimers Disease Patient Registry,https://reporter.nih.gov/project-details/3U01AG006786-29S1
reporter:1RF1AG057964-01,reporter,2017,US,National Institute on Aging,2192011,USD,1890968.77,Brain cellular senescence as a driver of Alzheimers Disease,fundamental_aging,fundamental_aging,0.87,cellular senescence/SASP generates a tissue environment primed to sustain diseases of aging,https://reporter.nih.gov/project-details/1RF1AG057964-01
reporter:5R01HL161106-02,reporter,2023,US,National Heart Lung and Blood Institute,623154,USD,537572.46,Mapping the cell specific DNA damage-induced molecular and bioelectrical responses in the 3D cardiac unit,fundamental_aging,age_related_disease,0.95,DNA damage in cardiomyocytes activates p53 leading to mitochondrial alterations and secretion of paracrine factors that drive heart failure.,https://reporter.nih.gov/project-details/5R01HL161106-02
reporter:1ZIABC010309-24,reporter,2022,US,National Cancer Institute,2754244,USD,2375986.89,Nuclear Architecture and Disease,age_related_disease,fundamental_aging,0.78,exploring the molecular mechanisms of human aging and the relationship between aging and cancer,https://reporter.nih.gov/project-details/1ZIABC010309-24
reporter:4K00CA284248-02,reporter,2025,US,National Cancer Institute,88749,USD,76560.56,The Role of End Synapsis Factors During Telomere Dysfunction,fundamental_aging,fundamental_aging,0.85,Proliferative barriers are key tumor suppressive mechanisms and includes cellular senescence and replicative crisis. Telomere dysfunction,https://reporter.nih.gov/project-details/4K00CA284248-02
reporter:5R01AG082135-02,reporter,2024,US,National Institute on Aging,653367,USD,563636.13,Sex-specific regulation of microRNAs in Alzheimer Disease,age_related_disease,age_related_disease,0.85,The primary objective of this proposal is to understand how 17β-estradiol (E2) regulates microRNA (miR) biogenesis and stability across the lifespan and in Alzheimer's Disease (AD).,https://reporter.nih.gov/project-details/5R01AG082135-02
reporter:1ZIAAG000520-06,reporter,2025,US,National Institute on Aging,198309,USD,171074.02,"Interplay between Mitochondrial DNA Haplogroups, Mitochondrial Function, Oxidative Stress, and Hypertension",ambiguous,age_related_disease,0.75,"contribute to disparities in mitochondrial function and oxidative stress, and thus contribute to hypertension health disparities",https://reporter.nih.gov/project-details/1ZIAAG000520-06
reporter:1R56AG059590-01,reporter,2018,US,National Institute on Aging,377057,USD,325273.46,"Systems level analysis of the interplay between metabolism, cell-cell communication, and aging",ambiguous,fundamental_aging,0.96,We hypothesize that ancient and conserved mechanisms of cell non-autonomous aging co-occur in yeast and metazoan organisms,https://reporter.nih.gov/project-details/1R56AG059590-01
reporter:3R01AG059677-03S1,reporter,2021,US,National Institute on Aging,102959,USD,88819.01,"Early Life Adversity, Cumulative Life Stress, Race, and Cellular Aging in Midlife Women and Offspring",fundamental_aging,fundamental_aging,0.95,"links to current epigenomic markers (telomere length, epigenetic aging)",https://reporter.nih.gov/project-details/3R01AG059677-03S1
reporter:5R01AG084180-02,reporter,2025,US,National Institute on Aging,603791,USD,520868.7,Impacting Inflammation through Mechanistic Target of Rapamycin (imTOR),fundamental_aging,intervention,0.9,"test the ability of low/intermittent doses of the rapamycin analogue everolimus to selectively inhibit mTORC1 but not mTORC2, and thus improve multiple indicators of healthspan",https://reporter.nih.gov/project-details/5R01AG084180-02
reporter:5P01AG066603-02,reporter,2022,US,National Institute on Aging,352308,USD,303923.4,Senescence of Pre-Osteoclasts in Non-Traumatic OA,fundamental_aging,fundamental_aging,0.78,cellular senescence is a key driver for the progression of post-traumatic OA,https://reporter.nih.gov/project-details/5P01AG066603-02
reporter:5R01AG080598-02,reporter,2024,US,National Institute on Aging,872809,USD,752940.82,Using polygenic risk scores and omics to study how suboptimal sleep accelerates cognitive aging in diverse populations,age_related_disease,age_related_disease,0.85,Suboptimal sleep ... is associated with reduced cognitive performance and increased cognitive decline and dementia risk,https://reporter.nih.gov/project-details/5R01AG080598-02
reporter:2P01AG051449-06,reporter,2022,US,National Institute on Aging,408994,USD,352824.36,Core C: Mouse Intervention and Neuropathy Core,age_related_disease,age_related_disease,0.88,focus on the role of L1-mediated inflammation in Alzheimer’s disease and determine whether inhibition of L1s rescues AD pathology in mouse models.,https://reporter.nih.gov/project-details/2P01AG051449-06
reporter:1R01AG063341-01,reporter,2018,US,National Institute on Aging,421350,USD,363483.44,Novel Age-Dependent DNA Modifications,ambiguous,fundamental_aging,0.95,the mechanisms by which cells record time or mark time are largely unknown,https://reporter.nih.gov/project-details/1R01AG063341-01
reporter:5P01AG036694-13,reporter,2023,US,National Institute on Aging,493670,USD,425871.29,Clinical Core (Core B),age_related_disease,age_related_disease,0.86,"Although participants were all clinically normal when they joined HABS, 13.2% of participants have progressed to a CDR of 0.5, with 10.3% reaching a clinical consensus diagnosis of MCI or mild dementia",https://reporter.nih.gov/project-details/5P01AG036694-13
reporter:5U54AG075941-05,reporter,2025,US,National Institute on Aging,2700000,USD,2329192.55,The KAPP-Sen Tissue Mapping Center Collaborative,fundamental_aging,fundamental_aging,0.98,characterize the distribution and biological heterogeneity of senescent cells in different healthy human tissues,https://reporter.nih.gov/project-details/5U54AG075941-05
reporter:1R15HL148844-01,reporter,2019,US,National Heart Lung and Blood Institute,442451,USD,381686.51,Role of Nrf2 and Cellular Senescence in the brainstem in obesity-induced sympathoexcitation,fundamental_aging,fundamental_aging,0.78,Role of Nrf2 and Cellular Senescence in the brainstem in obesity-induced sympathoexcitation,https://reporter.nih.gov/project-details/1R15HL148844-01
reporter:5U01AG045829-08,reporter,2021,US,National Institute on Aging,550719,USD,475085.4,Caenorhabditis Intervention Testing Program (CITP) at the University of Oregon,age_related_disease,intervention,0.96,coordinately test pharmacological interventions for the ability to extend healthy aging and promote longevity in nematodes,https://reporter.nih.gov/project-details/5U01AG045829-08
reporter:4R37GM050781-29,reporter,2021,US,National Institute of General Medical Sciences,413332,USD,356566.6,Hydrogen Bonding Cavity Motifs About Metal Ions,ambiguous,ambiguous,0.95,processes that are directly linked to the maintenance of human health and aging,https://reporter.nih.gov/project-details/4R37GM050781-29
reporter:1R01AA032764-01,reporter,2025,US,National Institute on Alcohol Abuse and Alcoholism,634830,USD,547644.93,Geroprotective Precision Medicine Strategies in PWH that Use Alcohol,fundamental_aging,intervention,0.88,validate efficacious therapies for precocious aging in PWH with a significant history of alcohol use,https://reporter.nih.gov/project-details/1R01AA032764-01
reporter:5U01CA279001-03,reporter,2025,US,National Cancer Institute,179791,USD,155099.21,Analysis of the predictability of lung cancer using DNA Repair functional assays and cryopreserved blood samples of the PLCO prospective cohort,age_related_disease,age_related_disease,0.95,Elucidating the etiology of lung cancer is interwoven with the identification of risk factors for the disease,https://reporter.nih.gov/project-details/5U01CA279001-03
reporter:3R35GM129294-03S1,reporter,2021,US,National Institute of General Medical Sciences,10285,USD,8872.5,Coordinated Regulation of Mitochondrial Surveillance,age_related_disease,fundamental_aging,0.85,"Mitochondrial dysfunction and surveillance defects are increasingly linked to human health problems, including metabolic, neurological, and cardiovascular diseases, cancer, and even aging.",https://reporter.nih.gov/project-details/3R35GM129294-03S1
reporter:3U01AG045864-06S1,reporter,2019,US,National Institute on Aging,323494,USD,279066.6,C. elegans testing program expansion:  Healthspan focus,age_related_disease,intervention,0.93,test pharmacological interventions for their ability to extend healthy aging and promote longevity in nematodes,https://reporter.nih.gov/project-details/3U01AG045864-06S1
reporter:1R01AG071717-01A1,reporter,2021,US,National Institute on Aging,1331794,USD,1148890.61,"Legacy Effects of CALERIE, a 2-year Calorie Restriction Intervention, on Hallmarks of Healthspan and Aging",fundamental_aging,intervention,0.97,Calorie restriction (CR) is a promising nutritional strategy with the potential to slow the aging process.,https://reporter.nih.gov/project-details/1R01AG071717-01A1
reporter:5R01AG059718-03,reporter,2021,US,National Institute on Aging,321393,USD,277254.14,The Role of Necroptosis in Aging,age_related_disease,fundamental_aging,0.96,The research objective is to characterize the role of necroptosis-induced inflammation on aging.,https://reporter.nih.gov/project-details/5R01AG059718-03
reporter:5R44DC017107-03,reporter,2022,US,National Institute on Deafness and Other Communication Disorders,393250,USD,339242.58,An All-Solid Wirelessly Rechargeable Battery for a Fully Internal Cochlear Implant,ambiguous,age_related_disease,0.7,"Severe to profound sensorineural hearing loss (SNHL), caused by disease, aging, ototoxicity, head trauma and heredity",https://reporter.nih.gov/project-details/5R44DC017107-03
reporter:1R56AG083478-01A1,reporter,2024,US,National Institute on Aging,866723,USD,747690.65,Multi-scale MRI-based Diffeomorphometry of Pathology and Molecular Signatures Associated with Entorhinal Cortex Atrophy in Alzheimer's Disease,age_related_disease,age_related_disease,0.96,Understanding the unique vulnerability of certain cell populations in the brain to Alzheimer's disease (AD),https://reporter.nih.gov/project-details/1R56AG083478-01A1
reporter:3R44DC011668-02A1S1,reporter,2015,US,National Institute on Deafness and Other Communication Disorders,15960,USD,13768.12,DMX: Enabling Blind Source Separation for Hearing Health Care,ambiguous,age_related_disease,0.65,a significant segment of the aging US population has difficulty coping with noisy settings,https://reporter.nih.gov/project-details/3R44DC011668-02A1S1
reporter:1R21AG083782-01,reporter,2023,US,National Institute on Aging,399786,USD,344880.95,Testing the utility of miBioAge as a personalized aging biomarker,age_related_disease,fundamental_aging,0.95,Testing the utility of miBioAge as a personalized aging biomarker,https://reporter.nih.gov/project-details/1R21AG083782-01
reporter:1R56AG066740-01,reporter,2020,US,National Institute on Aging,299411,USD,258291.06,Restoring Melanocyte Stem Cells: A Model of Drug-Mediated Regeneration,ambiguous,fundamental_aging,0.82,minimum cellular and systemic requirements for tissue rejuvenation when the stem cell pool is damaged or absent,https://reporter.nih.gov/project-details/1R56AG066740-01
reporter:5R01AG065050-02,reporter,2021,US,National Institute on Aging,734898,USD,633969.98,Gamma delta T cells promote inflammation in aviremic HIV infection and normal aging,age_related_disease,fundamental_aging,0.86,Gamma delta T cells promote inflammation in aviremic HIV infection and normal aging,https://reporter.nih.gov/project-details/5R01AG065050-02
reporter:5F31AR079897-03,reporter,2024,US,National Institute of Arthritis and Musculoskeletal and Skin Diseases,37899,USD,32694.1,Developing a Novel Vascularized Bone Microdevice for Investigating the Post-Stroke Bone Microenvironment,age_related_disease,age_related_disease,0.86,"Ischemic stroke is a serious condition affecting nearly 800,000 people in the United States annually and is a leading cause of long-term disability.",https://reporter.nih.gov/project-details/5F31AR079897-03
reporter:1R01AG069742-01,reporter,2020,US,National Institute on Aging,345069,USD,297678.57,Cellular senescence and epigenomic remodeling in ovarian aging,fundamental_aging,fundamental_aging,0.97,This project will systemically explore how cell-type specific changes in cellular senescence and epigenetics/genomic organization contribute to age-related ovarian failure,https://reporter.nih.gov/project-details/1R01AG069742-01
reporter:6P01AG017242-19,reporter,2015,US,National Institute on Aging,369383,USD,318653.38,Role of cellular senescence in damage responses and aging phenotypes,fundamental_aging,fundamental_aging,0.97,Project 3 focuses on the pleiotropic damage response known as cellular senescence.,https://reporter.nih.gov/project-details/6P01AG017242-19
reporter:5R01AG063543-05,reporter,2023,US,National Institute on Aging,570288,USD,491966.87,Immune cells as a driver of cell non-autonomous aging,fundamental_aging,fundamental_aging,0.96,there is a great need to discover fundamental mechanisms of aging,https://reporter.nih.gov/project-details/5R01AG063543-05
reporter:1ZIAHG000140-25,reporter,2023,US,National Human Genome Research Institute,1044992,USD,901476.88,Comparative Genomic Studies on the Evolution of Morphological Complexity,fundamental_aging,ambiguous,0.78,Comparative Genomic Studies on the Evolution of Morphological Complexity,https://reporter.nih.gov/project-details/1ZIAHG000140-25
reporter:5K99AG087723-02,reporter,2025,US,National Institute on Aging,123299,USD,106365.6,Fatty acid remodeling of the translatome during fasting and aging,age_related_disease,intervention,0.88,fasting has been recommended as a strategy to slow down aging and reduce the risk of many aging related diseases,https://reporter.nih.gov/project-details/5K99AG087723-02
reporter:5F31AG079606-03,reporter,2024,US,National Institute on Aging,48974,USD,42248.1,ATG2 transfers lipids from ER exit site membranes to directly expand the growing autophagosome,age_related_disease,fundamental_aging,0.86,This process is impaired with increased age.,https://reporter.nih.gov/project-details/5F31AG079606-03
reporter:5R01CA162804-08,reporter,2019,US,National Cancer Institute,351041,USD,302830.4,Pathway Choice of DNA Double-Strand Break Repair,fundamental_aging,age_related_disease,0.88,These chromosomal aberrations can lead to genomic instability and tumorigenesis.,https://reporter.nih.gov/project-details/5R01CA162804-08
reporter:5R01HL158532-03,reporter,2024,US,National Heart Lung and Blood Institute,608107,USD,524591.96,Cellular Senescence in Neonatal Airways,fundamental_aging,fundamental_aging,0.82,"We focus on a novel, targetable mechanism in ASM: cellular senescence (Sen).",https://reporter.nih.gov/project-details/5R01HL158532-03
reporter:5R01CA136533-11,reporter,2021,US,National Cancer Institute,376527,USD,324816.25,Deciphering the Code for Senescence Escape During Cancer Progression in Humans,fundamental_aging,fundamental_aging,0.82,one critical barrier to cancer progression is a proliferative arrest termed cellular senescence,https://reporter.nih.gov/project-details/5R01CA136533-11
reporter:5R00CA256356-05,reporter,2024,US,National Cancer Institute,249000,USD,214803.31,Aging-Related Biomarkers of Neurocognitive Function in Long-term Hodgkin Lymphoma Survivors,fundamental_aging,fundamental_aging,0.85,Aging-Related Biomarkers of Neurocognitive Function in Long-term Hodgkin Lymphoma Survivors,https://reporter.nih.gov/project-details/5R00CA256356-05
reporter:5R01AR055295-11,reporter,2019,US,National Institute of Arthritis and Musculoskeletal and Skin Diseases,422310,USD,364311.59,Elastic mechanisms in locomotion,age_related_disease,ambiguous,0.72,deficits in muscle performance in aging and many neuromuscular disorders,https://reporter.nih.gov/project-details/5R01AR055295-11
reporter:5R01ES029177-04,reporter,2022,US,National Institute of Environmental Health Sciences,346500,USD,298913.04,Molecular clock dysfunction in lung cellular senescence by environmental tobacco smoke,fundamental_aging,fundamental_aging,0.92,"the role of molecular clock dysfunction in chronic ETS-mediated DNA damage/repair, cellular senescence, and toxicological effects remains unknown",https://reporter.nih.gov/project-details/5R01ES029177-04
reporter:4R00AG047128-02,reporter,2016,US,National Institute on Aging,248688,USD,214534.16,Building an in-vivo gene regulatory network for melanocyte stem cell maintenance.,fundamental_aging,fundamental_aging,0.93,Hair graying is the most noticeable and least innocuous of aging phenotypes.,https://reporter.nih.gov/project-details/4R00AG047128-02
reporter:5T32AG033534-15,reporter,2024,US,National Institute on Aging,319349,USD,275490.86,Translational Training in Aging and Alzheimer’s Disease Related Disorders,fundamental_aging,ambiguous,0.78,Training Program to continue training postdoctoral fellows in the conduct of translational research focused on optimizing cognitive and physical function with aging and Alzheimer’s disease-related disorders,https://reporter.nih.gov/project-details/5T32AG033534-15
reporter:3R01AG067193-02S1,reporter,2021,US,National Institute on Aging,548438,USD,473117.67,A geroscience approach for investigating resilience to SARS-CoV-2 pathology in mice with Alzheimer's disease,fundamental_aging,age_related_disease,0.9,The extension is designed to look at the complications of COVID-19 in the presence of cognitive impairment and neuropathological lesions of Alzheimer's disease in an aging mouse model.,https://reporter.nih.gov/project-details/3R01AG067193-02S1
reporter:1ZIAAG000869-18,reporter,2025,US,National Institute on Aging,1699460,USD,1466062.8,Fluid biomarkers of early vascular aging as the therapeutic targets,intervention,intervention,0.9,Fluid biomarkers of early vascular aging as the therapeutic targets,https://reporter.nih.gov/project-details/1ZIAAG000869-18
reporter:5P30AG059307-08,reporter,2025,US,National Institute on Aging,212345,USD,183182.37,Stanford Medicine Center for Longevity and Healthy Aging Research Education Core,ambiguous,ambiguous,0.85,enhance the research workforce by training promising scientists for sustained careers in research on longevity and aging,https://reporter.nih.gov/project-details/5P30AG059307-08
reporter:5R01MH085159-07,reporter,2017,US,National Institute of Mental Health,379236,USD,327153.21,Real-time measurements of neurotransmission in Drosophilia melanogaster,ambiguous,ambiguous,0.78,The central hypothesis is that neurotransmitter regulation varies with age and by neuropil.,https://reporter.nih.gov/project-details/5R01MH085159-07
reporter:5P01HL108797-09,reporter,2020,US,National Heart Lung and Blood Institute,170640,USD,147204.97,Core B: Advanced Proteomic Phenotyping Core,ambiguous,ambiguous,0.9,Core B: Advanced Proteomic Phenotyping Core,https://reporter.nih.gov/project-details/5P01HL108797-09
reporter:3P30AG059307-04S2,reporter,2021,US,National Institute on Aging,51581,USD,44497.07,Stanford Aging & Ethnogeriatrics Transdisciplinary Collaborative Center (SAGE),ambiguous,ambiguous,0.8,increase the diversity of the aging research workforce by mentoring new leaders in aging research,https://reporter.nih.gov/project-details/3P30AG059307-04S2
reporter:3R01AG056169-05S1,reporter,2022,US,National Institute on Aging,24054,USD,20750.52,Inflamm-aging of osteoprogenitor cells: A therapeutic target for improved bone healing - Resubmission - 1,fundamental_aging,fundamental_aging,0.93,The mechanisms underlying this age-related decline in stem cell function are the focus of this proposal.,https://reporter.nih.gov/project-details/3R01AG056169-05S1
reporter:1R01NS094543-01A1,reporter,2016,US,National Institute of Neurological Disorders and Stroke,553358,USD,477361.97,Reversing Age Related Inflammation,fundamental_aging,fundamental_aging,0.8,"Systemic elevation in chronic, low grade inflammation is seen across almost all peripheral organ systems with aging. This systemic “inflammaging”",https://reporter.nih.gov/project-details/1R01NS094543-01A1
reporter:5R01EY027860-02,reporter,2018,US,National Eye Institute,603704,USD,520793.65,Identifying Shared Pathogenic Networks and Molecular Targets Underlying Retinal Pigmented Epithelial Associated Disease,age_related_disease,age_related_disease,0.93,"age-related macular degeneration, a complex disease that is a leading cause of blindness in the western aging population",https://reporter.nih.gov/project-details/5R01EY027860-02
reporter:1R01AR082973-01A1,reporter,2024,US,National Institute of Arthritis and Musculoskeletal and Skin Diseases,603769,USD,520849.72,Contribution of the NOD/RIPK2 signaling pathway to osteoarthritis susceptibility,age_related_disease,age_related_disease,0.95,"Osteoarthritis (OA) is a debilitating disease characterized by loss of joint space, degeneration of cartilage",https://reporter.nih.gov/project-details/1R01AR082973-01A1
reporter:1R35GM159997-01,reporter,2025,US,National Institute of General Medical Sciences,2503299,USD,2159505.69,Developing and Discovering Covalent Inhibitors through Fragmentation-First Experimentation,age_related_disease,ambiguous,0.7,In an aging population and with antimicrobial resistance on the rise we could not be more dependent on state-of-the-art medicines to battle cancer and infectious disease.,https://reporter.nih.gov/project-details/1R35GM159997-01
reporter:1R01HL175599-01,reporter,2024,US,National Heart Lung and Blood Institute,824284,USD,711080.06,Residential Segregation and Physiological Dysregulation among Black CARDIA participants: A Longitudinal Study,age_related_disease,fundamental_aging,0.88,how exposure to residential segregation affects the universal aging process that underlies development of chronic disease,https://reporter.nih.gov/project-details/1R01HL175599-01
reporter:1RF1AG056710-01A1,reporter,2018,US,National Institute on Aging,2991750,USD,2580874.74,Vascular Inflammation and Exosomes as Mediators in Aging and Dementia,age_related_disease,fundamental_aging,0.86,"senescent (Sen) endothelial cells (ECs), which accumulate with aging, create a pro-inflammatory environment that adversely affects the blood brain barrier",https://reporter.nih.gov/project-details/1RF1AG056710-01A1
reporter:4R00AG070104-03,reporter,2024,US,National Institute on Aging,249000,USD,214803.31,Perilipin 5: Linking lipid droplets to nutrient sensing and healthy aging,intervention,fundamental_aging,0.93,"Nutrient sensing pathways (mTOR, AMPK, sirtuins) are core components underlying the aging process",https://reporter.nih.gov/project-details/4R00AG070104-03
reporter:5R01AT007022-04,reporter,2015,US,National Center for Complementary and Integrative Health,475492,USD,410189.79,Remedying dysfunctional angiogenesis and tissue ischemia with Barleria lupulina,age_related_disease,age_related_disease,0.78,"Tissue ischemia, defined as insufficient blood flow for providing oxygen and nutrients, is a serious clinical problem associated with aging, diabetes, hypercholesterolemia, and obesity.",https://reporter.nih.gov/project-details/5R01AT007022-04
reporter:1ZIAAG000965-13,reporter,2018,US,National Institute on Aging,289694,USD,249908.56,"The Aging Genome Association Study ""AGE-GAIN""",age_related_disease,fundamental_aging,0.91,identifying genetic variations of importance in aging phenotypes,https://reporter.nih.gov/project-details/1ZIAAG000965-13
reporter:5R01CA285599-02,reporter,2025,US,National Cancer Institute,636638,USD,549204.62,Role of disparities and aging biomarkers in accelerated cardiac aging among adolescent and young adult cancer survivors,age_related_disease,fundamental_aging,0.78,accelerated cardiac aging phenotype,https://reporter.nih.gov/project-details/5R01CA285599-02
reporter:5R01EY001545-37,reporter,2015,US,National Eye Institute,403943,USD,348467.05,An Experimental Approach to Maculopathy,fundamental_aging,age_related_disease,0.92,Continued studies on basic mechanisms of atrophic age related macular degeneration (AMD) are proposed,https://reporter.nih.gov/project-details/5R01EY001545-37
reporter:5F30CA221285-03,reporter,2019,US,National Cancer Institute,50016,USD,43147.0,Transcriptional Mechanisms Governing Telomerase Activity,fundamental_aging,fundamental_aging,0.78,"Telomerase is the ribonucleoprotein complex capable of extending human telomeres, preventing replicative senescence",https://reporter.nih.gov/project-details/5F30CA221285-03
reporter:1F99AG088431-01,reporter,2024,US,National Institute on Aging,37463,USD,32317.98,Using causal aging biomarkers and protein design to develop novel anti-aging interventions,fundamental_aging,fundamental_aging,0.9,causal aging biomarkers and protein design to develop novel anti-aging interventions,https://reporter.nih.gov/project-details/1F99AG088431-01
reporter:5R01CA195828-05,reporter,2020,US,National Cancer Institute,359138,USD,309815.39,The role of the p63-RBM38 loop in tumor suppression,age_related_disease,age_related_disease,0.85,The role of the p63-RBM38 loop in tumor suppression,https://reporter.nih.gov/project-details/5R01CA195828-05
reporter:5K08AR070289-05,reporter,2020,US,National Institute of Arthritis and Musculoskeletal and Skin Diseases,108916,USD,93957.9,Epigenomic mechanisms of skin carcinogenesis,fundamental_aging,age_related_disease,0.95,determine how alterations in the skin epigenome drive cutaneous carcinogenesis,https://reporter.nih.gov/project-details/5K08AR070289-05
reporter:1R03AG070178-01,reporter,2021,US,National Institute on Aging,309000,USD,266563.15,Epidemiology of the Inverse Comorbidity of Dementia and Cancer: Statistical Methods and Biological Mechanisms,age_related_disease,age_related_disease,0.9,Two proposed mechanisms to explain inverse comorbidity between dementia and cancer are energy metabolism and inflammation.,https://reporter.nih.gov/project-details/1R03AG070178-01
reporter:5R01AG072090-04,reporter,2024,US,National Institute on Aging,466164,USD,402142.86,Identifying A Skeleton-Derived Factor for Vascular Aging,fundamental_aging,fundamental_aging,0.92,Our goal is to identify skeleton-derived factors that accelerate vascular aging through blood circulation.,https://reporter.nih.gov/project-details/5R01AG072090-04
reporter:4R01MH094151-05,reporter,2016,US,National Institute of Mental Health,740176,USD,638523.12,Accelerated Biological Aging in Schizophrenia,fundamental_aging,fundamental_aging,0.92,first study of laboratory-based systemic and neurophysiological markers of biological aging comparing persons with SZ to normal subjects,https://reporter.nih.gov/project-details/4R01MH094151-05
reporter:5R01AG066768-04,reporter,2024,US,National Institute on Aging,648288,USD,559254.66,Identification of enteric Juvenile Protective Factors and their role in stimulating neurogenesis in the adult and ageing Enteric Nervous System,ambiguous,fundamental_aging,0.86,Aging is associated with significant loss of enteric neurons and associated chronic intestinal dysmotility,https://reporter.nih.gov/project-details/5R01AG066768-04
reporter:5U24AG072699-04,reporter,2024,US,National Institute on Aging,623170,USD,537586.27,Advancing Psychosocial & Biobehavioral Approaches to Improve Emotional Well-Being,ambiguous,ambiguous,0.75,"pathways by which EWB leads to healthy longevity, including social connection, positive physiology, and healthy behaviors",https://reporter.nih.gov/project-details/5U24AG072699-04
reporter:4K00CA284253-03,reporter,2025,US,National Cancer Institute,101491,USD,87552.62,uNDERSTANDING AND TARGETING SENESCENCE IN CLONAL HEMATOPOIESIS,fundamental_aging,fundamental_aging,0.9,"A prominent
feature of aging is the accumulation of senescent cells. Cellular senescence represents a stress response",https://reporter.nih.gov/project-details/4K00CA284253-03
reporter:3R01AG056424-03S1,reporter,2019,US,National Institute on Aging,70980,USD,61231.88,Mindfulness Meditation and Insomnia in Alzheimer Disease Caregivers: Inflammatory and Biological Aging Mechanisms,fundamental_aging,fundamental_aging,0.75,"outcomes of insomnia, cellular and genomic markers of inflammation, and cellular aging",https://reporter.nih.gov/project-details/3R01AG056424-03S1
reporter:5R01NR019610-02,reporter,2022,US,National Institute of Nursing Research,565537,USD,487868.36,Early Life Adversity and the Developmental Programming of Early Childhood Telomere Biology: A Longitudinal Study of Developmental Context and Behavioral Mediators,fundamental_aging,fundamental_aging,0.82,"accelerated biological aging, including telomere erosion and epigenetic aging clocks, across the first three years of life",https://reporter.nih.gov/project-details/5R01NR019610-02
reporter:6K01AG049991-04,reporter,2018,US,National Institute on Aging,113649,USD,98040.89,Cortical Underpinnings of Gait and Falls in Aging: A Novel Brain-Body Imaging Approach,care,age_related_disease,0.65,Cortical Underpinnings of Gait and Falls in Aging: A Novel Brain-Body Imaging Approach,https://reporter.nih.gov/project-details/6K01AG049991-04
reporter:5R01AG056043-03,reporter,2018,US,National Institute on Aging,781348,USD,674040.72,Biobehavioral mechanisms linking personality to health in midlife,fundamental_aging,ambiguous,0.6,identify biobehavioral pathways by which certain dimensions of personality confer risk or afford protection against midlife changes in biological and functional capacities germane to aging,https://reporter.nih.gov/project-details/5R01AG056043-03
reporter:1K01AG070310-01A1,reporter,2021,US,National Institute on Aging,121554,USD,104860.25,The microbiome  in  older  adults  with lung cancer: association of treatment regimens and diet with protective microbial profiles,age_related_disease,age_related_disease,0.88,studying the role of the microbiome in cancer care for older adults,https://reporter.nih.gov/project-details/1K01AG070310-01A1
reporter:1K76AG057022-01,reporter,2017,US,National Institute on Aging,243000,USD,209627.33,Neuro-inflammation in Postoperative Cognitive Dysfunction: CSF and fMRI Studies,age_related_disease,age_related_disease,0.78,"postoperative cognitive dysfunction (POCD), a syndrome of postoperative thinking and memory deficits",https://reporter.nih.gov/project-details/1K76AG057022-01
reporter:2R13AG071313-04,reporter,2024,US,National Institute on Aging,50000,USD,43133.2,"Black Men's Brain Health and Aging, Alzheimer's Disease and Related Dementias: Life Course Perspectives",age_related_disease,age_related_disease,0.9,"address the profound effects of Alzheimer’s Disease, and Alzheimer’s Disease and Related Dementias (AD/ADRD) on families and society",https://reporter.nih.gov/project-details/2R13AG071313-04
reporter:1R01AG086379-01,reporter,2024,US,National Institute on Aging,554980,USD,478761.21,Robust Mendelian Randomization Framework with Multi-Omics Data for Alzheimer's Disease and Related Dementias,age_related_disease,age_related_disease,0.96,Alzheimer's disease (AD) is a progressive brain disorder that slowly destroys memory and other brain functions.,https://reporter.nih.gov/project-details/1R01AG086379-01
reporter:3R01MD016595-03S1,reporter,2024,US,National Institute on Minority Health and Health Disparities,121250,USD,104598.0,Common and Distinct Influences of Prenatal and Postnatal Early-Life Adversity on Epigenomic Trajectories in Mexican American Children,ambiguous,ambiguous,0.55,"hypothesized to contribute to epigenomic “weathering” leading to accelerated decline in health, aging and eventual health disparities, including obesity",https://reporter.nih.gov/project-details/3R01MD016595-03S1
reporter:3R01AG045183-03S1,reporter,2015,US,National Institute on Aging,158500,USD,136732.23,Lipid Signaling in Regulation of Longevity,age_related_disease,fundamental_aging,0.93,Lipid metabolism plays a key role in human health and longevity.,https://reporter.nih.gov/project-details/3R01AG045183-03S1
reporter:3P30AG021334-14S1,reporter,2016,US,National Institute on Aging,162881,USD,140511.56,Older Americans Independence Center,age_related_disease,age_related_disease,0.92,"study of the etiologies of frailty and through the translation of this knowledge into the development of novel, frailty focused interventions",https://reporter.nih.gov/project-details/3P30AG021334-14S1
reporter:1R01HL163998-01A1,reporter,2023,US,National Heart Lung and Blood Institute,1045329,USD,901767.6,Investigation of Sex and Gender Differences in Cardiovascular Risk in Rural Communities,age_related_disease,age_related_disease,0.95,Women living in the rural United States experienced a disproportionate increase in premature coronary heart disease (CHD) mortality,https://reporter.nih.gov/project-details/1R01HL163998-01A1
reporter:5R01AG082681-02,reporter,2024,US,National Institute on Aging,403500,USD,348084.89,Role of p21 positive senescent cells in radiation-induced skeletal injury and repair,fundamental_aging,fundamental_aging,0.85,"Cellular senescence, one of the major pathways induced following RTx-induced DNA damage, is characterized by a pro-inflammatory senescence associated secretory phenotype (SASP",https://reporter.nih.gov/project-details/5R01AG082681-02
reporter:7R01AR076347-02,reporter,2020,US,National Institute of Arthritis and Musculoskeletal and Skin Diseases,464293,USD,400528.81,The Role of Cellular Senescence in Carpal Tunnel Syndrome,fundamental_aging,fundamental_aging,0.85,Our central hypothesis is that senescent cell accumulation in the SSCT is causally implicated in pathological aging and fibrosis found in CTS,https://reporter.nih.gov/project-details/7R01AR076347-02
reporter:2P20GM104318-06,reporter,2018,US,National Institute of General Medical Sciences,330825,USD,285390.79,Project 1 - Disruption of CpG island-mediated gene regulation and chromatin architecture in progeria and aging,age_related_disease,fundamental_aging,0.9,Progeria thus provides a unique model for understanding the biology of aging.,https://reporter.nih.gov/project-details/2P20GM104318-06
reporter:5K99AG058801-02,reporter,2020,US,National Institute on Aging,101499,USD,87559.52,Impact of ketone bodies on age-related inflammation and healthspan extension,fundamental_aging,intervention,0.78,Impact of ketone bodies on age-related inflammation and healthspan extension,https://reporter.nih.gov/project-details/5K99AG058801-02
reporter:1R21AG054846-01,reporter,2017,US,National Institute on Aging,238500,USD,205745.34,A pilot study to advance translation of molecular signatures of biological aging,fundamental_aging,fundamental_aging,0.95,The broad aim of this proposal is to determine if any of several proposed methods to quantify biological aging in humans are promising for use in trials of interventions to increase healthy lifespan.,https://reporter.nih.gov/project-details/1R21AG054846-01
reporter:1K99AG058798-01A1,reporter,2019,US,National Institute on Aging,124362,USD,107282.61,Senescent Vascular Cells as Mediators of Cognitive Decline,fundamental_aging,fundamental_aging,0.92,determine whether cellular senescence contributes to cerebrovascular and cognitive dysfunction,https://reporter.nih.gov/project-details/1K99AG058798-01A1
reporter:5R01CA244519-02,reporter,2021,US,National Cancer Institute,359138,USD,309815.39,Circadian Clock Disruption and Colorectal Cancer,age_related_disease,age_related_disease,0.96,Colorectal cancer (CRC) is the third leading cause of cancer-related deaths and the third most commonly diagnosed cancer in the United States.,https://reporter.nih.gov/project-details/5R01CA244519-02
reporter:1R01AG066793-01,reporter,2020,US,National Institute on Aging,802617,USD,692388.72,"National Cohort Studies of Alzheimer's Disease, Related Dementias and Air Pollution",age_related_disease,age_related_disease,0.95,Alzheimer's disease (AD) is the sixth leading cause of death in the United States,https://reporter.nih.gov/project-details/1R01AG066793-01
reporter:1R01AG052606-01A1,reporter,2016,US,National Institute on Aging,308728,USD,266328.5,Effects of dietary restriction on age-related neurophysiological adaptations: from behavior to single dopaminergic neurons,intervention,intervention,0.85,we will use dietary restriction (an established healthspan-increasing intervention) to identify the ionic mechanisms that counteract age-related deficits,https://reporter.nih.gov/project-details/1R01AG052606-01A1
reporter:1RF1AG067996-01A1,reporter,2021,US,National Institute on Aging,1562430,USD,1347851.97,Repurposing drugs for Alzheimer´s disease using a reverse translational approach,age_related_disease,age_related_disease,0.92,identify some that can be repurposed for the prevention of AD,https://reporter.nih.gov/project-details/1RF1AG067996-01A1
reporter:5R00AG053406-05,reporter,2020,US,National Institute on Aging,245713,USD,211967.74,Autophagy-mediated chromatin degeneration in aging and age-related diseases,fundamental_aging,fundamental_aging,0.92,"senescence is also induced during aging, which contributes to age-related pathologies",https://reporter.nih.gov/project-details/5R00AG053406-05
reporter:5R35DE028255-08,reporter,2025,US,National Institute of Dental and Craniofacial Research,913257,USD,787833.85,Defining mechanisms driving salivary gland regeneration,age_related_disease,fundamental_aging,0.6,How does aging impact salivary stem cells?,https://reporter.nih.gov/project-details/5R35DE028255-08
reporter:1R21AG055841-01,reporter,2017,US,National Institute on Aging,266000,USD,229468.6,DNA methylation and gene expression study of aging and lifespan differences,fundamental_aging,fundamental_aging,0.97,DNA methylation at specific CpG sites has been consistently correlated with human age,https://reporter.nih.gov/project-details/1R21AG055841-01
reporter:1R01AG076234-01,reporter,2022,US,National Institute on Aging,807473,USD,696577.81,Computational Drug Repurposing for AD/ADRD with Integrative Analysis of Real World Data and Biomedical Knowledge,age_related_disease,age_related_disease,0.95,Alzheimer’s disease (AD) and AD-related dementia (AD/ADRD) is the 6th leading cause of death in the United States,https://reporter.nih.gov/project-details/1R01AG076234-01
reporter:5R01AG050660-02,reporter,2018,US,National Institute on Aging,539604,USD,465496.89,Discovering the molecular mechanisms that determine replicative lifespan,ambiguous,fundamental_aging,0.98,Discovering the molecular mechanisms that determine replicative lifespan,https://reporter.nih.gov/project-details/5R01AG050660-02
reporter:5R01GM050942-24,reporter,2020,US,National Institute of General Medical Sciences,546265,USD,471243.1,Function of 3' UTRs,fundamental_aging,ambiguous,0.72,"PUF proteins and their partners have important roles in development, hoemostasis, cellular senescence, and human fertility.",https://reporter.nih.gov/project-details/5R01GM050942-24
reporter:5R01AG084071-03,reporter,2025,US,National Institute on Aging,7584228,USD,6542639.75,Add Health Parent Study: A Biosocial Resource for the Study of Multigenerational Racial/Ethnic Disparities in Alzheimer's Disease and Alzheimer's Disease-Related Dementias (AD/ADRD),age_related_disease,age_related_disease,0.96,Multigenerational Racial/Ethnic Disparities in Alzheimer's Disease and Alzheimer's Disease-Related Dementias (AD/ADRD),https://reporter.nih.gov/project-details/5R01AG084071-03
reporter:5R01AG079373-03,reporter,2024,US,National Institute on Aging,458061,USD,395152.69,The Role of Menopause-Driven DNA Damage and Epigenetic Dysregulation in Alzheimer s Disease,age_related_disease,age_related_disease,0.88,"Alzheimer's disease (AD) is the most common form of dementia worldwide, and 2 out of 3 patients are women.",https://reporter.nih.gov/project-details/5R01AG079373-03
reporter:1ZIAAG000932-16,reporter,2023,US,National Institute on Aging,329813,USD,284517.77,Characterization of Normal Genomic Variability,ambiguous,ambiguous,0.7,Characterization of Normal Genomic Variability,https://reporter.nih.gov/project-details/1ZIAAG000932-16
reporter:5P41EB027061-02,reporter,2020,US,National Institute of Biomedical Imaging and Bioengineering,316256,USD,272822.64,TRD2 - Ultrahigh Field Molecular Imaging and Spectroscopy,age_related_disease,ambiguous,0.95,The main goal of this project is to develop an ultrahigh field (UHF) magnetic resonance imaging (MRI) platform for molecular imaging,https://reporter.nih.gov/project-details/5P41EB027061-02
reporter:1R03AG056938-01,reporter,2017,US,National Institute on Aging,97000,USD,83678.4,Screening potassium and phosphate binder drugs for lifespan and healthspan effects in invertebrates,fundamental_aging,intervention,0.95,One of the main goals of aging research is to discover interventions that can prolong lifespan and healthspan,https://reporter.nih.gov/project-details/1R03AG056938-01
reporter:5R01MH096050-10,reporter,2021,US,National Institute of Mental Health,389000,USD,335576.26,Epigenetic Influence on Thyroid Hormone Action in the Brain and on Behavior,ambiguous,ambiguous,0.85,"The etiology of many neurodevelopmental disorders including autism, schizophrenia and attention-deficit hyperactive disorder remains poorly understood.",https://reporter.nih.gov/project-details/5R01MH096050-10
reporter:1T32AG052363-01A1,reporter,2017,US,National Institute on Aging,377848,USD,325955.83,GEROSCIENCE TRAINING PROGRAM IN OKLAHOMA,fundamental_aging,fundamental_aging,0.95,interdisciplinary training on the biology of aging,https://reporter.nih.gov/project-details/1T32AG052363-01A1
reporter:5R35GM131877-05,reporter,2023,US,National Institute of General Medical Sciences,593590,USD,512068.67,Small molecule signaling in C. elegans,ambiguous,fundamental_aging,0.86,small molecule signals that control development and aging,https://reporter.nih.gov/project-details/5R35GM131877-05
reporter:2R01MH083784-06,reporter,2015,US,National Institute of Mental Health,788046,USD,679818.84,Cell Aging in Major Depression,fundamental_aging,fundamental_aging,0.78,cell aging in peripheral cells bespeaks a more generalized process of accelerated cell aging in unmedicated individuals with MDD,https://reporter.nih.gov/project-details/2R01MH083784-06
reporter:5R01AG056306-05,reporter,2021,US,National Institute on Aging,485000,USD,418391.99,Assessing cellular aging in old and rejuvenated neurons from Alzheimer patients,fundamental_aging,fundamental_aging,0.78,Assessing cellular aging in old and rejuvenated neurons from Alzheimer patients,https://reporter.nih.gov/project-details/5R01AG056306-05
reporter:5R13FD006896-02,reporter,2021,US,Food and Drug Administration,24975,USD,21545.03,Organization for the Study of Sex Differences Annual Meetings,ambiguous,ambiguous,0.7,"The title for the OSSD 2020 meeting is “Sex Differences Across the Lifespan”, with a specific focus on aging and age-related diseases.",https://reporter.nih.gov/project-details/5R13FD006896-02
reporter:1R16GM154750-01,reporter,2024,US,National Institute of General Medical Sciences,165982,USD,143186.68,Impact of Exercise Adaptations on the Aging Stem Cell,ambiguous,fundamental_aging,0.82,Impact of Exercise Adaptations on the Aging Stem Cell,https://reporter.nih.gov/project-details/1R16GM154750-01
reporter:5R01CA186251-04,reporter,2018,US,National Cancer Institute,630581,USD,543979.47,"Aerobic Capacity, Depression, & Inflammatory Responsivity in Cancer Survivors",age_related_disease,age_related_disease,0.9,a transient inflammatory response in breast cancer survivors,https://reporter.nih.gov/project-details/5R01CA186251-04
reporter:1R25AG083251-01,reporter,2023,US,National Institute on Aging,270867,USD,233667.18,Undergraduate Fundamentals in Aging Research,fundamental_aging,ambiguous,0.82,creation of an undergraduate Education in Aging and Geroscience Research (EAGR) program,https://reporter.nih.gov/project-details/1R25AG083251-01
reporter:5R35GM148339-02,reporter,2024,US,National Institute of General Medical Sciences,590920,USD,509765.36,Leveraging ubiquitin-dependent regulatory mechanisms to improve proteome quality in health and disease,fundamental_aging,fundamental_aging,0.86,Protein quality control is an essential component within the larger protein homeostasis (proteostasis) system and proteostasis dysfunction has been implicated in human aging-related pathologies.,https://reporter.nih.gov/project-details/5R35GM148339-02
reporter:1R56AG082812-01,reporter,2023,US,National Institute on Aging,408600,USD,352484.47,Cytosolic DNA sensing instructs resident macrophage vitality and organismal longevity,fundamental_aging,fundamental_aging,0.96,Age-associated chronic inflammation is thought to be directly linked to the cellular processes termed senescence and senescence associated secretory phenotype (SASP).,https://reporter.nih.gov/project-details/1R56AG082812-01
reporter:5R01AG066764-05,reporter,2024,US,National Institute on Aging,597032,USD,515037.96,Progressive DNA Hypomethylation as a Measure of Mitotic History and Potential Contributor to Replicative Senescence.,fundamental_aging,fundamental_aging,0.96,"Changes in epigenetic marks, including DNA methylation, have been widely documented in aging.",https://reporter.nih.gov/project-details/5R01AG066764-05
reporter:1P30AG059305-01,reporter,2018,US,National Institute on Aging,144377,USD,124548.83,Analysis Core Rio Grande Valley AD-RCMAR,age_related_disease,age_related_disease,0.95,The number of people living with Alzheimer's disease (AD) is expected to almost triple by 2050.,https://reporter.nih.gov/project-details/1P30AG059305-01
reporter:5R03MD012654-02,reporter,2019,US,National Institute on Minority Health and Health Disparities,76950,USD,66381.99,Biological mechanisms of risk and resiliency in brain aging among ethnic minorities,age_related_disease,age_related_disease,0.75,Biological mechanisms of risk and resiliency in brain aging among ethnic minorities,https://reporter.nih.gov/project-details/5R03MD012654-02
reporter:3P50DC000422-34S1,reporter,2022,US,National Institute on Deafness and Other Communication Disorders,107270,USD,92537.96,Expanding the populations for the identification of genes and variants imparting susceptibility to age-related hearing loss using data from the All of Us Research Program,ambiguous,age_related_disease,0.93,Age-related hearing loss (presbyacusis) is among the most common chronic conditions of aging worldwide,https://reporter.nih.gov/project-details/3P50DC000422-34S1
reporter:5UM1TR004772-02,reporter,2025,US,National Center for Advancing Translational Sciences,4068641,USD,3509869.74,Dartmouth Clinical and Translational Science Institute,ambiguous,care,0.7,translational science that centers rural healthcare delivery and health,https://reporter.nih.gov/project-details/5UM1TR004772-02
reporter:3P30AG017265-19S2,reporter,2018,US,National Institute on Aging,296958,USD,256174.95,USC/UCLA Center on Biodemography and Population Health,ambiguous,fundamental_aging,0.78,research and teaching on aging,https://reporter.nih.gov/project-details/3P30AG017265-19S2
reporter:5K23MH125074-03,reporter,2023,US,National Institute of Mental Health,170163,USD,146793.48,Aerobic Exercise for Optimizing Cognitive and Brain Health In Remitted Late-Life Depression,age_related_disease,age_related_disease,0.86,Late-life depression (LLD) increases risk for numerous poor health outcomes in aging,https://reporter.nih.gov/project-details/5K23MH125074-03
reporter:2R56AG016379-16A1,reporter,2015,US,National Institute on Aging,435000,USD,375258.8,RAS Induced Senescence and Tumor Suppression,fundamental_aging,fundamental_aging,0.96,Cellular senescence is a stable form of proliferative arrest that acts as a potent barrier to cancer development and may contribute to various age-related diseases.,https://reporter.nih.gov/project-details/2R56AG016379-16A1
reporter:1I01BX003063-01,reporter,2015,US,Veterans Affairs,,USD,,VA Biorepository: Gulf War Veterans' Illnesses Biorepository,age_related_disease,ambiguous,0.75,Some studies suggest that accelerated aging may occur in GWVI related to axonal transport deficits,https://reporter.nih.gov/project-details/1I01BX003063-01
reporter:1F31AG066311-01,reporter,2019,US,National Institute on Aging,32105,USD,27695.82,"Distinct roles for calories, fasting, and mTOR in a calorie restricted diet",intervention,intervention,0.95,"calorie restriction (CR), an intervention which improves both lifespan and healthspan in wide range of model organisms",https://reporter.nih.gov/project-details/1F31AG066311-01
reporter:1F31AG058370-01,reporter,2017,US,National Institute on Aging,37114,USD,32016.91,Biopsychosocial Reserves and Dementia: Identifying Protective Factors,age_related_disease,age_related_disease,0.9,This predoctoral fellowship proposal aims to investigate the relationship between biopsychosocial reserves and ADRD,https://reporter.nih.gov/project-details/1F31AG058370-01
reporter:5K23AI120875-05,reporter,2019,US,National Institute of Allergy and Infectious Diseases,176871,USD,152580.23,"The dynamics of HIV, aging, and T lymphocyte exhaustion",age_related_disease,fundamental_aging,0.92,HIV infection and aging have synergistic effects on innate and adaptive immune senescence,https://reporter.nih.gov/project-details/5K23AI120875-05
reporter:5R01CA140652-12,reporter,2022,US,National Cancer Institute,426002,USD,367496.55,Role of TERRA in Telomere Maintenance and Telomere Stress Response,fundamental_aging,fundamental_aging,0.72,"Human telomeres are specialized chromatin structures uniquely programmed to coordinate cellular division with genomic integrity, thus providing a senescence barrier to cancer-cell evolution.",https://reporter.nih.gov/project-details/5R01CA140652-12
reporter:5T32DK128781-02,reporter,2022,US,National Institute of Diabetes and Digestive and Kidney Diseases,195169,USD,168365.25,Training Program in Molecular Metabolism,age_related_disease,ambiguous,0.7,Training Program in Molecular Metabolism,https://reporter.nih.gov/project-details/5T32DK128781-02
reporter:5R01AG081436-03,reporter,2025,US,National Institute on Aging,540434,USD,466212.91,Defining lipid droplet homeostasis in Alzheimer's disease and aging with high molecular specificity using mass spectrometry imaging and isomer resolved lipidomics,age_related_disease,fundamental_aging,0.75,"Lipids are poorly understood central components of aging, having roles in healthy aging and diseases of aging.",https://reporter.nih.gov/project-details/5R01AG081436-03
reporter:5R01AG074004-02,reporter,2022,US,National Institute on Aging,1195676,USD,1031466.53,Impact of sex differences on the trajectory of interactome dysfunctions across the AD spectrum,age_related_disease,age_related_disease,0.92,"The impact of sex differences in Alzheimer's disease (AD) remains poorly understood, especially in the context of protein-protein interactions within vulnerable regions that drive dysfunction.",https://reporter.nih.gov/project-details/5R01AG074004-02
reporter:1R01CA225746-01A1,reporter,2019,US,National Cancer Institute,621430,USD,536085.23,A Randomized Trial of Physical Activity for Cognitive Functioning in Breast Cancer Survivors,fundamental_aging,age_related_disease,0.92,A Randomized Trial of Physical Activity for Cognitive Functioning in Breast Cancer Survivors,https://reporter.nih.gov/project-details/1R01CA225746-01A1
reporter:5P01AI153559-04,reporter,2024,US,National Institute of Allergy and Infectious Diseases,3500000,USD,3019323.67,High resolution longitudinal immune monitoring for elucidating immune aging dynamics,fundamental_aging,fundamental_aging,0.95,High resolution longitudinal immune monitoring for elucidating immune aging dynamics,https://reporter.nih.gov/project-details/5P01AI153559-04
reporter:5R24MH129166-04,reporter,2025,US,National Institute of Mental Health,1968823,USD,1698432.54,CHARTER Plus: A resource for cutting-edge research on neurological function and mental health in people with HIV and substance use disorders across the lifespan,fundamental_aging,ambiguous,0.85,"neurologic, cognitive, psychiatric, and drug use disorders that afflict people with HIV (PWH) across their lifespan",https://reporter.nih.gov/project-details/5R24MH129166-04
reporter:5F30AG081093-02,reporter,2024,US,National Institute on Aging,53974,USD,46561.42,Investigating Cellular Senescence at the Single Cell Level,fundamental_aging,fundamental_aging,0.95,Cellular senescence has emerged as a potential target to slow down the aging process.,https://reporter.nih.gov/project-details/5F30AG081093-02
reporter:1UG3TR002598-01,reporter,2018,US,National Center for Advancing Translational Sciences,39571,USD,34136.47,Electrical Stimulation of Human Myocytes in Microgravity: An In Vitro Model to Evaluate Therapeutics to Counteract Muscle Wasting,age_related_disease,age_related_disease,0.86,development of clinically relevant approaches to address muscle wasting in the elderly referred to as sarcopenia,https://reporter.nih.gov/project-details/1UG3TR002598-01
reporter:1R01AR078551-01,reporter,2021,US,National Institute of Arthritis and Musculoskeletal and Skin Diseases,473787,USD,408718.94,"Developing a platform for human somatic cell rejuvenation, expansion and genetic engineering using synthetic RNA molecules",fundamental_aging,intervention,0.78,rejuvenating RNA cocktail,https://reporter.nih.gov/project-details/1R01AR078551-01
reporter:4R33ES025645-03,reporter,2017,US,National Institute of Environmental Health Sciences,516252,USD,445351.97,New Oxidation-Sensing Probes to Evaluate Mitochondrial Dysfunction in Lung Injury,fundamental_aging,ambiguous,0.65,Mitochondrial dysfunction and accumulation of reactive oxygen species (ROS) in environmentally associated diseases is well established.,https://reporter.nih.gov/project-details/4R33ES025645-03
reporter:5P30AI117943-10,reporter,2024,US,National Institute of Allergy and Infectious Diseases,154957,USD,133675.81,Viral Pathogenesis Core,ambiguous,ambiguous,0.72,add engagement of laboratory researchers studying aging biology and aging-related disorders who are interested in collaborations on aging in HIV,https://reporter.nih.gov/project-details/5P30AI117943-10
reporter:1ZIAAG000349-04,reporter,2024,US,National Institute on Aging,400732,USD,345697.03,ALZHEIMER'S RESEARCH PROJECT: Identifying peripheral drivers of Alzheimers disease using plasma proteomics,age_related_disease,age_related_disease,0.96,The goal of this project is to use plasma proteomic methods to identify biological pathways outside the central nervous system that influence brain health and Alzheimer's disease.,https://reporter.nih.gov/project-details/1ZIAAG000349-04
reporter:3R41ES031043-01A1S1,reporter,2021,US,National Institute of Environmental Health Sciences,76694,USD,66161.15,MITOCHONDRIAL RESPIROMETRY IN FROZEN BIOLOGICAL SAMPLES,age_related_disease,ambiguous,0.75,"Impaired mitochondrial respiration plays a key role in metabolic, cardiovascular, and aging-related diseases.",https://reporter.nih.gov/project-details/3R41ES031043-01A1S1
reporter:5R01AG061155-02,reporter,2020,US,National Institute on Aging,782490,USD,675025.88,Somatotropic Signaling and Resilience to Aging and Alzheimer's Disease,age_related_disease,fundamental_aging,0.88,targeting aging is one such approach... Studying biological mechanisms and populations that delay aging may lead to the identification of molecular factors that can protect from AD.,https://reporter.nih.gov/project-details/5R01AG061155-02
reporter:1DP2HL168562-01,reporter,2022,US,National Heart Lung and Blood Institute,1485000,USD,1281055.9,Probing functioning lung at the cellular resolution in health and disease,age_related_disease,ambiguous,0.72,The lack of effective therapeutics for many major pulmonary diseases,https://reporter.nih.gov/project-details/1DP2HL168562-01
reporter:5DP1NS131408-02,reporter,2023,US,National Institute of Neurological Disorders and Stroke,1178800,USD,1016908.21,Single cell analysis of the kinome,ambiguous,ambiguous,0.72,map the kinome with spatial context in the mouse and human brain to examine the kinase pathways involved in aging and neurodegeneration,https://reporter.nih.gov/project-details/5DP1NS131408-02
reporter:7I01BX001724-08,reporter,2018,US,Veterans Affairs,,USD,,Functional characters of non-coding RNAs in alcoholic liver injury,fundamental_aging,ambiguous,0.72,Functional characters of non-coding RNAs in alcoholic liver injury,https://reporter.nih.gov/project-details/7I01BX001724-08
reporter:5R35GM134945-04,reporter,2023,US,National Institute of General Medical Sciences,369000,USD,318322.98,"Biochemistry, biology and diversity of Fic domains",age_related_disease,ambiguous,0.65,Many neurodegenerative diseases and diseases of aging have connections to the UPR.,https://reporter.nih.gov/project-details/5R35GM134945-04
reporter:1F31AG063402-01A1,reporter,2019,US,National Institute on Aging,36779,USD,31727.92,Age-related Control of Bone Quality by Osteocyte TGF-beta Signaling,ambiguous,fundamental_aging,0.85,the extent to which the loss of PLR contributes to age related bone fragility remains unstudied and represents a significant gap in knowledge toward the regulation of bone quality with age.,https://reporter.nih.gov/project-details/1F31AG063402-01A1
reporter:5R01CA257523-04,reporter,2024,US,National Cancer Institute,874747,USD,754612.66,Effects of inflammaging on intestinal epithelial cells and aspirin chemoprevention.,fundamental_aging,fundamental_aging,0.78,"age-related changes in intestinal stem cell (ISC) number and function secondary to a process of higher basal inflammatory tone, a.k.a. “inflammaging”.",https://reporter.nih.gov/project-details/5R01CA257523-04
reporter:5R01AG053217-07,reporter,2023,US,National Institute on Aging,1125947,USD,971313.84,The impact of adverse interpersonal experiences (AIE) on mild cognitive impairment (MCI) and risk for Alzheimer's disease and related dementias (ADRD) in ethnically diverse twins,age_related_disease,age_related_disease,0.95,The impact of adverse interpersonal experiences (AIE) on mild cognitive impairment (MCI) and risk for Alzheimer's disease and related dementias (ADRD),https://reporter.nih.gov/project-details/5R01AG053217-07
reporter:5U01AG064785-03,reporter,2021,US,National Institute on Aging,322280,USD,278019.32,Optimization and standardization of telomere length measurement by qPCR for population-based health research,fundamental_aging,fundamental_aging,0.92,Telomere attrition has been proposed as one of the cellular mechanisms that accompany aging,https://reporter.nih.gov/project-details/5U01AG064785-03
reporter:3U01AG077280-03S1A1,reporter,2025,US,National Institute on Aging,8819742,USD,7608473.08,A Next Generation Data Infrastructure to Understand Disparities across the Life Course,age_related_disease,age_related_disease,0.96,Alzheimer’s disease and related dementias (ADRD) are an escalating public health crisis that affects >30% of seniors and costs $300-640B annually in the US.,https://reporter.nih.gov/project-details/3U01AG077280-03S1A1
reporter:5R01AG054324-08,reporter,2024,US,National Institute on Aging,427996,USD,369216.7,Role of IL-32 as a predictor and mediator of Premature Aging Phenotypes(PAP) in HIV infection.,age_related_disease,fundamental_aging,0.82,Inflammation plays a critical role in these ageassociated phenotypes.,https://reporter.nih.gov/project-details/5R01AG054324-08
reporter:5UM1CA186107-10,reporter,2023,US,National Cancer Institute,1500747,USD,1294640.27,Long Term Multidisciplinary Study of Cancer in Women: The Nurses Health Study,age_related_disease,age_related_disease,0.96,"identifying new paradigms in cancer prevention, etiology and survival",https://reporter.nih.gov/project-details/5UM1CA186107-10
reporter:1F32AG062036-01A1,reporter,2019,US,National Institute on Aging,53122,USD,45826.43,The role of branched chain amino acid metabolism in the regulation of lifespan and cognitive decline,age_related_disease,fundamental_aging,0.78,The role of branched chain amino acid metabolism in the regulation of lifespan and cognitive decline,https://reporter.nih.gov/project-details/1F32AG062036-01A1
reporter:5K01AG043501-02,reporter,2015,US,National Institute on Aging,127575,USD,110054.35,Frailty and Adverse Health Outcomes of Aging in Older Adults with Kidney Failure,age_related_disease,age_related_disease,0.86,Frailty and Adverse Health Outcomes of Aging in Older Adults with Kidney Failure,https://reporter.nih.gov/project-details/5K01AG043501-02
reporter:5R01AG061437-03,reporter,2022,US,National Institute on Aging,427230,USD,368555.9,"The effect of poverty, stress and immune function on health across the life-course",ambiguous,ambiguous,0.82,This project will assess the medium-term impact of a large-scale national anti-poverty program on disease and health risk of mature adults (age 45+) and young adults (age 20-26).,https://reporter.nih.gov/project-details/5R01AG061437-03
reporter:1R01AG087387-01,reporter,2024,US,National Institute on Aging,508525,USD,438686.16,Investigating the Role of Adipose Senescent Cells in Cognitive Function and Alzheimer's Disease Progression,fundamental_aging,fundamental_aging,0.82,"Cellular senescence, a cellular state characterized by permanent cell cycle arrest, is induced by external stressors.",https://reporter.nih.gov/project-details/1R01AG087387-01
reporter:5K23AG049955-03,reporter,2018,US,National Institute on Aging,158747,USD,136945.31,Cognitive and inflammatory consequences of sleep disorders in older adults,ambiguous,ambiguous,0.68,Cognitive and inflammatory consequences of sleep disorders in older adults,https://reporter.nih.gov/project-details/5K23AG049955-03
reporter:1ZIAES065078-29,reporter,2022,US,National Institute of Environmental Health Sciences,1500500,USD,1294427.19,Molecular Characterization Of The Mitochondrial Dna Polymerase,age_related_disease,fundamental_aging,0.75,Mutations in human mtDNA cause premature aging,https://reporter.nih.gov/project-details/1ZIAES065078-29
reporter:5R01AG067592-05,reporter,2025,US,National Institute on Aging,736487,USD,635340.75,"DNA Methylation,Genetics, and Modifiable Risk Factors of Dementia in a Nationally Representative, Multi-Ethnic Cohort",age_related_disease,age_related_disease,0.88,"DNA Methylation,Genetics, and Modifiable Risk Factors of Dementia in a Nationally Representative, Multi-Ethnic Cohort",https://reporter.nih.gov/project-details/5R01AG067592-05
reporter:5R61AG078530-02,reporter,2023,US,National Institute on Aging,344384,USD,297087.65,Machine learning based frailty index for the genetically diverse mice,fundamental_aging,fundamental_aging,0.85,The frailty index (FI) is an invaluable and widely used tool which outperforms other methods to quantify frailty.,https://reporter.nih.gov/project-details/5R61AG078530-02
reporter:1F30DE027254-01,reporter,2017,US,National Institute of Dental and Craniofacial Research,45684,USD,39409.94,Impact of mTor on the aging periodontium and inflammation,fundamental_aging,fundamental_aging,0.88,"mTOR hyperactivation during aging leads to immune cell senescence, inflammation, and ultimately leads to detrimental changes",https://reporter.nih.gov/project-details/1F30DE027254-01
reporter:5R25AG043365-12,reporter,2024,US,National Institute on Aging,404146,USD,348642.17,Frontiers in Alzheimer's and Aging Research Experiences,age_related_disease,ambiguous,0.82,Structured Research Experiences and essential mentoring to launch and sustain careers within NIA’s portfolio.,https://reporter.nih.gov/project-details/5R25AG043365-12
reporter:3R01AG051729-03S2,reporter,2018,US,National Institute on Aging,397664,USD,343050.38,"Cellular Senescence, astrocytes and Alzheimer's disease",fundamental_aging,fundamental_aging,0.82,Aging results in a progressive accumulation of astrocytes that have undergone cellular senescence,https://reporter.nih.gov/project-details/3R01AG051729-03S2
reporter:1R13AG072858-01,reporter,2021,US,National Institute on Aging,49000,USD,42270.53,FASEB's The Reproductive Aging Conference,ambiguous,fundamental_aging,0.95,This inaugural conference will focus on understanding mechanisms that regulate aging in reproductive tissues and their relationship to overall organismal healthspan and longevity.,https://reporter.nih.gov/project-details/1R13AG072858-01
reporter:1R56AG062105-01,reporter,2019,US,National Institute on Aging,615660,USD,531107.66,Fatty Acid Effects on Brain Functioning in Normal Aging,age_related_disease,fundamental_aging,0.85,biological mechanisms underlying normal cognitive aging,https://reporter.nih.gov/project-details/1R56AG062105-01
reporter:4R00AG078402-03,reporter,2023,US,National Institute on Aging,248960,USD,214768.81,Influence of gut on metabolism and cognition in Alzheimer's disease.,age_related_disease,age_related_disease,0.92,long term goal of this project is to elucidate how altered gut microbiome composition can influence cognitive outcomes in an aged rat model of AD,https://reporter.nih.gov/project-details/4R00AG078402-03
reporter:5I21BX003514-02,reporter,2018,US,Veterans Affairs,,USD,,Neuroinflammation and abnormal behavior following combined chemical exposures and bacterial infection,ambiguous,ambiguous,0.85,Gulf War Illness (GWI) continues to be a lingering condition for some Operation Desert Shield/Storm (ODS) veterans deployed to the Persian Gulf in 1990-1991.,https://reporter.nih.gov/project-details/5I21BX003514-02
reporter:1R43AI167567-01A1,reporter,2022,US,National Institute of Allergy and Infectious Diseases,233475,USD,201410.46,"HelioQUANT: A Platform for Fast, Label-Free, Automated Evaluation of Bioburden",ambiguous,ambiguous,0.85,"HelioQUANT: A Platform for Fast, Label-Free, Automated Evaluation of Bioburden",https://reporter.nih.gov/project-details/1R43AI167567-01A1
reporter:3R01AA026082-04S1,reporter,2019,US,National Institute on Alcohol Abuse and Alcoholism,397493,USD,342902.86,The role of histone demethylase KDM5B in ethanol-induced microglial activation: link to tau pathology,age_related_disease,age_related_disease,0.9,AD and related diseases (ADRD) represent a significant cognitive threat to our aging population.,https://reporter.nih.gov/project-details/3R01AA026082-04S1
reporter:5P30AG013319-25,reporter,2019,US,National Institute on Aging,130805,USD,112840.75,Research Development Core,intervention,fundamental_aging,0.82,expand the scope of research in the basic biology of aging,https://reporter.nih.gov/project-details/5P30AG013319-25
reporter:5R01ES028201-04,reporter,2020,US,National Institute of Environmental Health Sciences,385405,USD,332474.98,Toxicant disruption of receptor-mediated endocytosis in oogenesis and later life metabolic dysfunction,ambiguous,age_related_disease,0.7,predispose individuals to metabolic dysfunction later in life,https://reporter.nih.gov/project-details/5R01ES028201-04
reporter:1R01AG087158-01,reporter,2024,US,National Institute on Aging,676923,USD,583957.04,Testing effects of cash transfers on biological aging and risk for Alzheimer's Disease,fundamental_aging,intervention,0.82,test if transfers can slow biological aging,https://reporter.nih.gov/project-details/1R01AG087158-01
reporter:4R42MH124566-02,reporter,2022,US,National Institute of Mental Health,994964,USD,858319.53,NeuroExM,ambiguous,ambiguous,0.95,"development of NeuroExM™, a highly innovative system for performing comprehensive spatial distribution analysis of populations of messenger RNAs (mRNAs) and proteins",https://reporter.nih.gov/project-details/4R42MH124566-02
reporter:4R01NS120745-02,reporter,2024,US,National Institute of Neurological Disorders and Stroke,392500,USD,338595.58,Fundamental biology of neuronal extracellular vesicles,age_related_disease,age_related_disease,0.91,"Extracellular vesicles carry Aβ and tau that may spread pathogenic proteins across the brain, promote Aβ aggregation and accelerate amyloid plaque formation",https://reporter.nih.gov/project-details/4R01NS120745-02
reporter:1R01AG080468-01,reporter,2023,US,National Institute on Aging,615996,USD,531397.52,Prospective study of bilingualism and cognitive reserve in the aging brain of Hispano adults with MCI,age_related_disease,age_related_disease,0.92,Our objective is to analyze the contribution of bilingualism to CR/R in a large cohort of aging Spanish/English bilinguals and Spanish monolinguals with amnestic MCI (aMCI).,https://reporter.nih.gov/project-details/1R01AG080468-01
reporter:4R44AG060888-02,reporter,2020,US,National Institute on Aging,893202,USD,770533.13,AKI-Sapere- a novel prognostic of Acute Kidney Injury due to cardiac surgery,age_related_disease,age_related_disease,0.78,AKI-Sapere- a novel prognostic of Acute Kidney Injury due to cardiac surgery,https://reporter.nih.gov/project-details/4R44AG060888-02
reporter:1ZIAAG000491-05,reporter,2025,US,National Institute on Aging,621754,USD,536364.73,Analysis of vascular cell senescence to identify interventions in atherosclerosis,fundamental_aging,fundamental_aging,0.88,"The interplay between aging, inflammation, and VSMC senescence is not well understood.",https://reporter.nih.gov/project-details/1ZIAAG000491-05
reporter:2P01CA087497-16A1,reporter,2017,US,National Cancer Institute,370833,USD,319904.24,Project 4: Mechanisms of wild-type and mutant p53 action in vivo,fundamental_aging,age_related_disease,0.95,p53 tumor suppressor gene is crucial for limiting tumorigenesis,https://reporter.nih.gov/project-details/2P01CA087497-16A1
reporter:5T32AG000181-32,reporter,2022,US,National Institute on Aging,364986,USD,314860.25,Training in the Epidemiology of Aging,age_related_disease,ambiguous,0.78,This proposal for the competing continuation of the University of Pittsburgh Training Program in the epidemiology of aging,https://reporter.nih.gov/project-details/5T32AG000181-32
reporter:1R15HL165325-01,reporter,2022,US,National Heart Lung and Blood Institute,439230,USD,378907.87,Mitochondria Dysfunction as a Contributor to Racial Disparities in Vascular Health and Hypertension,age_related_disease,age_related_disease,0.95,Mitochondria Dysfunction as a Contributor to Racial Disparities in Vascular Health and Hypertension,https://reporter.nih.gov/project-details/1R15HL165325-01
reporter:5R21AG080588-02,reporter,2024,US,National Institute on Aging,210000,USD,181159.42,Neuromodulation of brain network function in preclinical and prodromal Alzheimer's Disease,age_related_disease,age_related_disease,0.93,Neuromodulation of brain network function in preclinical and prodromal Alzheimer's Disease,https://reporter.nih.gov/project-details/5R21AG080588-02
reporter:5U01AG022307-19,reporter,2022,US,National Institute on Aging,1521367,USD,1312428.4,Center for Testing Potential Anti-Aging Interventions,intervention,intervention,0.98,evaluates agents proposed to extend mouse lifespan by retardation of aging or postponement of late life diseases,https://reporter.nih.gov/project-details/5U01AG022307-19
reporter:3R01GM111097-52S1,reporter,2024,US,National Institute of General Medical Sciences,7995,USD,6897.0,Biological Transition Metals,ambiguous,ambiguous,0.95,Our program is devoted to understanding the function of biologically central transition metals.,https://reporter.nih.gov/project-details/3R01GM111097-52S1
reporter:1ZIAHG200399-08,reporter,2024,US,National Human Genome Research Institute,1423224,USD,1227763.98,Prenatal Treatment of Down Syndrome to Improve Brain Development and Neurocognition,fundamental_aging,ambiguous,0.72,Prenatal Treatment of Down Syndrome to Improve Brain Development and Neurocognition,https://reporter.nih.gov/project-details/1ZIAHG200399-08
reporter:5R01HL157665-04,reporter,2024,US,National Heart Lung and Blood Institute,707030,USD,609929.26,Effect of randomized cocoa supplementation on inflammaging and epigenetic aging,age_related_disease,intervention,0.95,interventions to slow or mitigate epigenetic aging and inflammaging are critical for promoting healthy aging,https://reporter.nih.gov/project-details/5R01HL157665-04
reporter:3P01AG043376-06S1,reporter,2019,US,National Institute on Aging,308419,USD,266061.94,Administrative Supplement to: Cell Autonomous and Non-Autonomous Mechanisms of Aging,fundamental_aging,fundamental_aging,0.98,spontaneous time-dependent accumulation of stochastic damage drives aging,https://reporter.nih.gov/project-details/3P01AG043376-06S1
reporter:5R01AG069917-05,reporter,2025,US,National Institute on Aging,498910,USD,430391.65,Strengthening gut barrier integrity with beneficial microbes to increase lifespan and healthspan,age_related_disease,intervention,0.93,Strengthening gut barrier integrity with beneficial microbes to increase lifespan and healthspan,https://reporter.nih.gov/project-details/5R01AG069917-05
reporter:4R37CA233770-06,reporter,2024,US,National Cancer Institute,321938,USD,277724.29,Combining senescence-inducing and senolytic agents to improve melanoma therapy,fundamental_aging,age_related_disease,0.92,Combining senescence-inducing and senolytic agents to improve melanoma therapy,https://reporter.nih.gov/project-details/4R37CA233770-06
reporter:3R01EB034607-01A1S1,reporter,2023,US,National Institute of Biomedical Imaging and Bioengineering,151374,USD,130584.89,A bioluminescent-based imaging probe for noninvasive longitudinal monitoring of CoQ10 uptake in vivo,age_related_disease,ambiguous,0.72,A bioluminescent-based imaging probe for noninvasive longitudinal monitoring of CoQ10 uptake in vivo,https://reporter.nih.gov/project-details/3R01EB034607-01A1S1
reporter:5R01AG066887-04,reporter,2023,US,National Institute on Aging,515131,USD,444384.92,Genetic analysis of the Dutch Hunger Winter Families Study to Boost Rigor and Robustness for Testing In-Utero Famine Effects on Aging-Related Health Conditions and Biological Aging,fundamental_aging,fundamental_aging,0.72,Testing In-Utero Famine Effects on Aging-Related Health Conditions and Biological Aging,https://reporter.nih.gov/project-details/5R01AG066887-04
reporter:5F31CA257300-02,reporter,2022,US,National Cancer Institute,41965,USD,36201.69,Ovarian Inflammaging as a Mechanism for Ovarian Cancer,fundamental_aging,fundamental_aging,0.82,two distinct aspects of the aging ovarian microenvironment that promote HGSOC initiation and pathogenesis,https://reporter.nih.gov/project-details/5F31CA257300-02
reporter:1R01AG082737-01,reporter,2023,US,National Institute on Aging,453621,USD,391322.46,Using cellular co-biosis and age programmable mice to derive a global interaction map of aging hallmarks,fundamental_aging,fundamental_aging,0.97,derive a global interaction map of aging hallmarks,https://reporter.nih.gov/project-details/1R01AG082737-01
reporter:1R15AG053790-01,reporter,2016,US,National Institute on Aging,393223,USD,339219.29,Age-Related Obesity and Healthspan: Identifying Interventions and Mechanisms,age_related_disease,intervention,0.75,identifying novel interventions that can reduce adiposity is essential to decrease the burden of obesity on our health care system and improve the healthspan,https://reporter.nih.gov/project-details/1R15AG053790-01
reporter:5R35GM142495-02,reporter,2022,US,National Institute of General Medical Sciences,480000,USD,414078.67,Expanding the set of genetically encoded tools for compartment-specific manipulation of redox metabolism in living cells,age_related_disease,ambiguous,0.6,"redox homeostasis, has been attributed to numerous diseases, including mitochondrial disorders, cancer, diabetes, neurodegeneration and the aging process itself",https://reporter.nih.gov/project-details/5R35GM142495-02
reporter:5R01DK120292-03,reporter,2021,US,National Institute of Diabetes and Digestive and Kidney Diseases,641587,USD,553473.95,Obesity-induced mesenchymal stem cell senescence,fundamental_aging,fundamental_aging,0.93,"Obesity triggers cellular damage in multiple organs, partly via induction of premature senescence.",https://reporter.nih.gov/project-details/5R01DK120292-03
reporter:5K01AG046432-02,reporter,2015,US,National Institute on Aging,137511,USD,118625.78,Depressing Nrip1 Reduces IGF1 Signaling Improves Metabolism and Extends Longevity,age_related_disease,fundamental_aging,0.95,"we used mouse models with a focus on understanding the genetics, physiology and pathology of aging, as well as identifying genetic loci and genes that regulate aging and healthspan",https://reporter.nih.gov/project-details/5K01AG046432-02
reporter:1ZIAAG000594-01,reporter,2021,US,National Institute on Aging,269412,USD,232412.01,Effect of Long-term Photobiological Modulation Therapy on Aging,fundamental_aging,intervention,0.9,test the beneficial effects of PBM on (1) mouse health span and life span; (2) mouse cardiac frailty; (3) mouse chronic inflammation; and (4) senescence,https://reporter.nih.gov/project-details/1ZIAAG000594-01
reporter:5R01AG080599-03,reporter,2025,US,National Institute on Aging,636768,USD,549316.77,Family caregivers in later life: A longitudinal study of well-being and mental health in families of adults with autism and developmental disabilities,care,care,0.95,This project aims to improve our ability to support the resilience of family caregivers of adults with autism and developmental disorders as the caregivers move into later life.,https://reporter.nih.gov/project-details/5R01AG080599-03
reporter:3R01AG051995-03S1,reporter,2019,US,National Institute on Aging,52585,USD,45363.18,Genetic Dissection of Mechanisms by Which Exercise Promotes Systemic Health,ambiguous,fundamental_aging,0.78,"fundamental biology of exercise benefits outside of the muscle domain, with a focus on neuronal aging",https://reporter.nih.gov/project-details/3R01AG051995-03S1
reporter:5UH3CA268096-04,reporter,2024,US,National Cancer Institute,851525,USD,734579.88,"PIXEL-seq-based spatial, multi-omic profiling for senescent cell mapping with single-cell resolution",fundamental_aging,fundamental_aging,0.95,Comprehensive identification and characterization of senescent cells in morphologically intact human tissues is important for understanding senescence in vivo,https://reporter.nih.gov/project-details/5UH3CA268096-04
reporter:5R01AG054840-02,reporter,2019,US,National Institute on Aging,692871,USD,597714.8,Epigenetic Mechanisms Promoting Longevity,intervention,fundamental_aging,0.95,discover and validate longevity-associated miRNAs in humans,https://reporter.nih.gov/project-details/5R01AG054840-02
reporter:5R01AG049020-05,reporter,2019,US,National Institute on Aging,418799,USD,361282.78,Biomarker Cross-Calibration to Investigate International Health Inequalities,ambiguous,ambiguous,0.72,harmonize the growing body of biomarker data from a number of developed and developing countries to increase the source of information on health differences,https://reporter.nih.gov/project-details/5R01AG049020-05
reporter:5R21EB023595-02,reporter,2017,US,National Institute of Biomedical Imaging and Bioengineering,192579,USD,166130.95,Single Cell Analysis of Cellular Senescence using a Novel Carbon Nanotube-Based Probe,fundamental_aging,fundamental_aging,0.95,"selectively quantify senescence-associated beta-galactosidase, a cytosolic enzyme of critical importance in many chronic diseases",https://reporter.nih.gov/project-details/5R21EB023595-02
reporter:5K01DK128128-03,reporter,2024,US,National Institute of Diabetes and Digestive and Kidney Diseases,146750,USD,126595.93,Activation of C/EBP-β by mitohormesis as a therapy for obesity,fundamental_aging,age_related_disease,0.82,This proposal aims to determine whether new strategies to treat and prevent obesity can be developed from current insights into biological aging.,https://reporter.nih.gov/project-details/5K01DK128128-03
reporter:1R01AG078533-01,reporter,2022,US,National Institute on Aging,4511980,USD,3892322.29,Education and Cognitive Functioning in Later Life: The Nation’s High School Class of 1972,ambiguous,age_related_disease,0.78,Education is among the most important determinants of later-life cognitive functioning and biological markers of AD/ADRD risk.,https://reporter.nih.gov/project-details/1R01AG078533-01
reporter:5R01AG071801-04,reporter,2024,US,National Institute on Aging,377137,USD,325342.48,Elucidating Cellular Aging and Quality Control Pathways through Meiotic Differentiation,fundamental_aging,fundamental_aging,0.95,Elucidating Cellular Aging and Quality Control Pathways through Meiotic Differentiation,https://reporter.nih.gov/project-details/5R01AG071801-04
reporter:5R21AG050304-02,reporter,2016,US,National Institute on Aging,175082,USD,151036.92,Evolving multigenic extensions to lifespan,ambiguous,fundamental_aging,0.9,we will apply this approach to a transcriptional reporter that predicts lifespan in younger animals to evolve longer-lived animals,https://reporter.nih.gov/project-details/5R21AG050304-02
reporter:1R01HL144483-01A1,reporter,2019,US,National Heart Lung and Blood Institute,1799932,USD,1552736.37,Plasma proteomics in CHS and population biology,age_related_disease,age_related_disease,0.72,"In studies of cardiovascular disease and aging, the emergence of various types of omics data has transformed population science.",https://reporter.nih.gov/project-details/1R01HL144483-01A1
reporter:5K08AG048221-02,reporter,2016,US,National Institute on Aging,129698,USD,111885.78,Lifespan Effects of Biologically Embedded Stress on Health,age_related_disease,fundamental_aging,0.67,examine abnormal acute stress response and multisystem physiologic dysregulation as mechanisms,https://reporter.nih.gov/project-details/5K08AG048221-02
reporter:5R01DK062092-12,reporter,2015,US,National Institute of Diabetes and Digestive and Kidney Diseases,339300,USD,292701.86,Multiple Molecular Mechanisms for Adiponectin Therapy  in Hepatic Fibrogenesis,fundamental_aging,ambiguous,0.6,The overall goal of the current proposal is to determine the potential mechanisms whereby adiponectin can promote resolution of hepatic fibrosis,https://reporter.nih.gov/project-details/5R01DK062092-12
reporter:5R01AG061521-02,reporter,2020,US,National Institute on Aging,553553,USD,477530.19,Combinatorial regulation of the enhancer codes in senescence,fundamental_aging,fundamental_aging,0.95,cellular senescence represents a fundamental process of aging and a known driver of pathologies,https://reporter.nih.gov/project-details/5R01AG061521-02
reporter:7R35GM124846-02,reporter,2018,US,National Institute of General Medical Sciences,368039,USD,317493.96,Exploring Single-Molecule Biophotonics for Ultrahigh-Resolution Spatiotemporal-Multiplexed Optical Microscopy,ambiguous,ambiguous,0.82,the proposed research program investigates the physical and engineering principles underlying optical imaging in complex biological materials,https://reporter.nih.gov/project-details/7R35GM124846-02
reporter:1R21AG079242-01,reporter,2022,US,National Institute on Aging,400146,USD,345191.51,"Proteomic aging clock and brain structure, cognitive decline and the risk of Alzheimers Disease and related dementias",age_related_disease,fundamental_aging,0.88,we will create and validate proteomic aging clocks (PACs),https://reporter.nih.gov/project-details/1R21AG079242-01
reporter:5K23AI108357-03,reporter,2015,US,National Institute of Allergy and Infectious Diseases,182779,USD,157676.85,Determinants and Consequences of Frailty among Aging HIV-infected Persons,age_related_disease,age_related_disease,0.86,Frailty is an important age-related state of increased vulnerability to stressors that results in early death and a wide range of adverse age-associated clinical outcomes,https://reporter.nih.gov/project-details/5K23AI108357-03
reporter:1R01HL152728-01A1,reporter,2021,US,National Heart Lung and Blood Institute,812488,USD,700904.07,Identifying Protein-Protein Network Interactions between COPD Susceptibility Genes,fundamental_aging,age_related_disease,0.92,develop cell type-specific and disease-specific protein-protein interaction network modules related to COPD,https://reporter.nih.gov/project-details/1R01HL152728-01A1
reporter:5R01AG053269-06,reporter,2021,US,National Institute on Aging,335167,USD,289136.47,Activation of Endogenous Transposable Elements by Myc During Aging,ambiguous,fundamental_aging,0.96,The goal of this proposal is to determine the functional link between activation of endogenous TEs by the transcription factor Myc and changes to lifespan and aging.,https://reporter.nih.gov/project-details/5R01AG053269-06
reporter:5R00AG051735-04,reporter,2020,US,National Institute on Aging,249000,USD,214803.31,Molecular Mechanisms of Rapamycin - Induced Reversal of Cardiac Aging,intervention,intervention,0.97,late-life rapamycin treatment ... can reverse established murine cardiac aging,https://reporter.nih.gov/project-details/5R00AG051735-04
reporter:5R01AG057493-04,reporter,2021,US,National Institute on Aging,349800,USD,301759.83,Cellular senescence in aging and age-related disease.,age_related_disease,fundamental_aging,0.97,"One potential mechanism of aging is cellular senescence, a complex tumor-suppressive cell fate involving a permanent cell-cycle arrest and a distinctive secretome",https://reporter.nih.gov/project-details/5R01AG057493-04
reporter:5P30AR050950-10,reporter,2015,US,National Institute of Arthritis and Musculoskeletal and Skin Diseases,174970,USD,150940.3,Biomechanics Core,ambiguous,ambiguous,0.75,"With injury, aging, degeneration, or disease, musculoskeletal tissues may experience a decline in mechanical function.",https://reporter.nih.gov/project-details/5P30AR050950-10
reporter:5R01AG074041-02,reporter,2023,US,National Institute on Aging,302844,USD,261252.59,Diurnal control of memory allocation by the circadian gene Per1,age_related_disease,fundamental_aging,0.7,"hippocampal Per1 is abnormally repressed, contributing to age-related impairments in spatial memory",https://reporter.nih.gov/project-details/5R01AG074041-02
reporter:1ZIACL000188-26,reporter,2023,US,NIH Clinical Center,0,USD,0.0,Vascular Dysfunction and Inflammation,age_related_disease,ambiguous,0.6,Vascular Dysfunction and Inflammation,https://reporter.nih.gov/project-details/1ZIACL000188-26
reporter:1ZIADA000003-30,reporter,2015,US,National Institute on Drug Abuse,525043,USD,452935.65,Drugs On Learned & Spontaneous Behavior Of Experimental Animals,fundamental_aging,fundamental_aging,0.72,methamphetamine accelerates cellular senescence and activates transcription of genes involved in cell-cycle control and inflammation,https://reporter.nih.gov/project-details/1ZIADA000003-30
reporter:3F32GM134599-01A1S1,reporter,2021,US,National Institute of General Medical Sciences,2500,USD,2156.66,Bayesian Modeling of Mass-Spec Proteomics Data to Advance Studies of the Genetic Regulation of Proteins,ambiguous,ambiguous,0.92,Bayesian Modeling of Mass-Spec Proteomics Data to Advance Studies of the Genetic Regulation of Proteins,https://reporter.nih.gov/project-details/3F32GM134599-01A1S1
reporter:1R15GM117507-01A1,reporter,2016,US,National Institute of General Medical Sciences,421501,USD,363613.7,Mathematical modeling of Drosophila sleep,ambiguous,fundamental_aging,0.78,predict long- and short-lived flies and determine whether molecular mechanisms associated with aging correlate with the predicted short- and long-lived flies,https://reporter.nih.gov/project-details/1R15GM117507-01A1
reporter:5R01AG074502-04,reporter,2025,US,National Institute on Aging,584218,USD,503983.78,Determining the context specificity of metformin treatment on muscle mitochondria and healthspan,intervention,intervention,0.95,the effects of metformin on healthspan and lifespan are context specific,https://reporter.nih.gov/project-details/5R01AG074502-04
reporter:4R01AG051510-08,reporter,2024,US,National Institute on Aging,643654,USD,555257.07,Swedish APP mutation and NMJ decline in Alzheimer's disease,age_related_disease,age_related_disease,0.92,"To understand pathological mechanisms of muscle weakness in AD, we generated HSA-APPswe",https://reporter.nih.gov/project-details/4R01AG051510-08
reporter:1R21AI193785-01,reporter,2025,US,National Institute of Allergy and Infectious Diseases,155083,USD,133784.51,Gas Marble Therapeutics for the Mitigation of Cutaneous Injury Post-Radiation Exposure,fundamental_aging,ambiguous,0.85,limit cellular senescence markers,https://reporter.nih.gov/project-details/1R21AI193785-01
reporter:1R01MH118311-01A1,reporter,2019,US,National Institute of Mental Health,518325,USD,447140.27,Evaluation of molecular mechanisms of treatment response in late-life depression,fundamental_aging,age_related_disease,0.9,evaluate the biological mechanisms related to treatment response in late-life depression,https://reporter.nih.gov/project-details/1R01MH118311-01A1
reporter:1ZIAAG000595-04,reporter,2022,US,National Institute on Aging,307915,USD,265627.16,Non-coding RNAs (ncRNAs) in Cardiovascular Aging,age_related_disease,fundamental_aging,0.87,increase in response to oxidative stress suggesting that these miRNAs may play a functional role in conditions associated with enhanced production of reactive oxygen species (ROS) such as aging and diabetes,https://reporter.nih.gov/project-details/1ZIAAG000595-04
reporter:4P30GM103339-05,reporter,2016,US,National Institute of General Medical Sciences,1094825,USD,944466.01,COBRE in Lipidomics and Pathobiology,age_related_disease,ambiguous,0.9,The organizing hypothesis states that the universe of bioactive lipids and related metabolites constitutes a complex network of diverse pathways regulating key physiologic functions.,https://reporter.nih.gov/project-details/4P30GM103339-05
reporter:5F31CA254405-03,reporter,2022,US,National Cancer Institute,30587,USD,26386.3,Elucidating the molecular determinants of p53-mediated pleiotropic effects,fundamental_aging,age_related_disease,0.91,Understanding how cellular context influences p53-mediated anti-tumor responses,https://reporter.nih.gov/project-details/5F31CA254405-03
reporter:4K00HG012711-03,reporter,2024,US,National Human Genome Research Institute,106299,USD,91700.31,"Noventa Millas: Migration history, genomic ancestry, and health disparities among Cuban immigrants and Cuban-Americans in the United States",fundamental_aging,fundamental_aging,0.88,"mechanistic links between immigration experiences, mental health, and biological aging using validated mental health assessments, ethnographic interviews, and molecular biomarkers of aging",https://reporter.nih.gov/project-details/4K00HG012711-03
reporter:5R01HL135062-05,reporter,2022,US,National Heart Lung and Blood Institute,384352,USD,331566.6,Mechanisms of Telomere-Mediated Lung Disease,fundamental_aging,fundamental_aging,0.78,"Telomeres shorten with age and when they become too short, they trigger cellular senescence",https://reporter.nih.gov/project-details/5R01HL135062-05
reporter:5R01AG058690-02,reporter,2019,US,National Institute on Aging,405209,USD,349559.18,Compositional and Functional Alterations of HDL Over Ovarian Aging,age_related_disease,fundamental_aging,0.75,Compositional and Functional Alterations of HDL Over Ovarian Aging,https://reporter.nih.gov/project-details/5R01AG058690-02
reporter:5F31CA200228-02,reporter,2016,US,National Cancer Institute,25682,USD,22154.93,"The randomization of the telomerase RNA template to define the role of telomere sequence in telomere structure, function, and cellular survival",fundamental_aging,fundamental_aging,0.75,"The randomization of the telomerase RNA template to define the role of telomere sequence in telomere structure, function, and cellular survival",https://reporter.nih.gov/project-details/5F31CA200228-02
reporter:5R01AG041750-03,reporter,2015,US,National Institute on Aging,234839,USD,202587.13,Living Well with Later Life Multimorbidity: a Biopsychosocial Approach,ambiguous,age_related_disease,0.72,"Most adults over the age of 65 and a growing number in mid-life are living with two or more chronic medical conditions (""multimorbidity"")",https://reporter.nih.gov/project-details/5R01AG041750-03
reporter:5R01CA266756-03,reporter,2025,US,National Cancer Institute,484012,USD,417539.68,Understanding CDK1 Function and Cancer Vulnerabilities,fundamental_aging,age_related_disease,0.95,CDK1 is an ideal therapeutic target in the context of specific oncogenic signaling pathways,https://reporter.nih.gov/project-details/5R01CA266756-03
reporter:5R01AI173305-03,reporter,2025,US,National Institute of Allergy and Infectious Diseases,416250,USD,359083.85,Impact of Senolytics on Aged Vaccine Responses,fundamental_aging,intervention,0.95,"approach that targets the overall biology of aging, in line with the geroscience hypothesis",https://reporter.nih.gov/project-details/5R01AI173305-03
reporter:5K01AR070241-04,reporter,2019,US,National Institute of Arthritis and Musculoskeletal and Skin Diseases,128034,USD,110450.31,The Role of Cellular Senescence in Mediating Age-Related Bone Loss,fundamental_aging,fundamental_aging,0.88,targeting a fundamental aging mechanism – cellular senescence,https://reporter.nih.gov/project-details/5K01AR070241-04
reporter:5R01HL086418-08,reporter,2015,US,National Heart Lung and Blood Institute,383726,USD,331026.57,Biomechanical Simulation of Evolving Aortic Aneurysms for Designing Intervention,ambiguous,age_related_disease,0.93,"Abdominal aortic aneurysms (AAAs) are focal, asymmetric dilatations of the infrarenal aorta that are increasingly responsible for significant mortality in our aging society.",https://reporter.nih.gov/project-details/5R01HL086418-08
reporter:5R03AG081565-03,reporter,2025,US,National Institute on Aging,158232,USD,136501.04,Prospective Memory in Everyday Life: Lapses and Decline in Relation to Inflammatory and Neurodegenerative Biomarkers in Older Adults,age_related_disease,age_related_disease,0.9,PM deficits can better distinguish healthy older adults from those with mild cognitive impairment or in early stages of dementia,https://reporter.nih.gov/project-details/5R03AG081565-03
reporter:5U19AI089992-09,reporter,2020,US,National Institute of Allergy and Infectious Diseases,459097,USD,396046.41,"Project 3: Effects of Age on Cellular, Transcriptomic and Biochemical Influenza Signatures",age_related_disease,fundamental_aging,0.72,how these factors and pathways are affected by age and functional status,https://reporter.nih.gov/project-details/5U19AI089992-09
reporter:5R01AG062690-04,reporter,2022,US,National Institute on Aging,745658,USD,643252.24,Individual differences in dementia spousal caregiver burden: A biobehavioral approach,age_related_disease,care,0.95,Caregiving for a spouse with Alzheimer’s Disease (AD) is one of the most stressful experiences a person can encounter.,https://reporter.nih.gov/project-details/5R01AG062690-04
reporter:1ZIAAG000697-01,reporter,2020,US,National Institute on Aging,163373,USD,140935.99,Identifying micro RNA regulators of senescence,fundamental_aging,fundamental_aging,0.98,Identifying micro RNA regulators of senescence,https://reporter.nih.gov/project-details/1ZIAAG000697-01
reporter:5R21AG060732-02,reporter,2022,US,National Institute on Aging,109776,USD,94699.79,Major Depression and Molecular Senescence: The Role of Sleep,fundamental_aging,fundamental_aging,0.9,"Lifetime exposure to MDD accelerates biological aging, including processes of cellular senescence.",https://reporter.nih.gov/project-details/5R21AG060732-02
reporter:5R37AG028730-15,reporter,2021,US,National Institute on Aging,373815,USD,322476.71,SIRT1 as a regulator of health and lifespan of mammals,fundamental_aging,fundamental_aging,0.92,we discovered a new cause of aging that explains why mitochondrial function declines with age,https://reporter.nih.gov/project-details/5R37AG028730-15
reporter:1R01CA289500-01,reporter,2024,US,National Cancer Institute,500308,USD,431597.65,Overcoming Therapy Resistance in SCLC,fundamental_aging,age_related_disease,0.96,Small cell lungcancer (SCLC) is a pulmonary neuroendocrine cancer with very poor prognosis and limited effective therapeutic options.,https://reporter.nih.gov/project-details/1R01CA289500-01
reporter:1U19AG065169-01A1,reporter,2021,US,National Institute on Aging,12472457,USD,10759538.47,Precision Aging Network: Closing the Gap Between Cognitive Healthspan andHuman Lifespan,age_related_disease,fundamental_aging,0.82,reveal the neural mechanisms that 1) account for optimal brain performance in old age resulting in healthy cognitive function,https://reporter.nih.gov/project-details/1U19AG065169-01A1
reporter:5R01AG061853-03,reporter,2020,US,National Institute on Aging,767155,USD,661796.93,ApoE2 and protective molecular signatures in Alzheimer's disease and aging,age_related_disease,age_related_disease,0.72,"The core of our approach is the association of AD with complex molecular signatures in the APOE region, rather than with a single allele",https://reporter.nih.gov/project-details/5R01AG061853-03
reporter:1U01CA271492-01,reporter,2022,US,National Cancer Institute,892457,USD,769890.44,Molecular prediction of myeloma in African Americans,age_related_disease,age_related_disease,0.96,Multiple Myeloma (MM) is almost always preceded by early precursor conditions: monoclonal gammopathy of undetermined significance (MGUS) and smoldering myeloma (SMM).,https://reporter.nih.gov/project-details/1U01CA271492-01
reporter:5R01NS110590-03,reporter,2021,US,National Institute of Neurological Disorders and Stroke,321455,USD,277307.63,Regulations of organellar Zn2+ homeostasis and dynamics by TRPML1 in neurons,age_related_disease,age_related_disease,0.7,impaired Zn2+ release from the vesicular organelles can cause neurodegeneration and contribute to the pathogenesis of MLIV,https://reporter.nih.gov/project-details/5R01NS110590-03
reporter:5P30ES023515-11,reporter,2024,US,National Institute of Environmental Health Sciences,1690000,USD,1457902.0,Mount Sinai Center for Health and Environment Across the LifeSpan (HEALS),age_related_disease,ambiguous,0.75,Center on Health and Environment Across the LifeSpan (HEALS),https://reporter.nih.gov/project-details/5P30ES023515-11
reporter:5F31NS120654-03,reporter,2023,US,National Institute of Neurological Disorders and Stroke,47694,USD,41143.89,Implications of Circadian Clock Control on Glioblastoma,age_related_disease,age_related_disease,0.95,"Despite being thoroughly characterized, glioblastoma multiforme (GBM) remains one of the most common malignant primary brain tumors.",https://reporter.nih.gov/project-details/5F31NS120654-03
reporter:1ZIABC011283-07,reporter,2016,US,National Cancer Institute,770054,USD,664297.79,"Investigating the link between DNA damage, chromatin and nuclear dysfunction",fundamental_aging,fundamental_aging,0.7,"Investigating the link between DNA damage, chromatin and nuclear dysfunction",https://reporter.nih.gov/project-details/1ZIABC011283-07
reporter:5P01AG051443-05,reporter,2020,US,National Institute on Aging,170144,USD,146777.09,Age-related Structural Analyses Core,ambiguous,age_related_disease,0.82,Age-related hearing loss (ARHL) is one of the most common ailments associated with aging.,https://reporter.nih.gov/project-details/5P01AG051443-05
reporter:5R01CA197942-06,reporter,2021,US,National Cancer Institute,146229,USD,126146.48,IRE1a: a Conditional Tumor Suppressor,fundamental_aging,age_related_disease,0.95,"Cancer development is often associated with a range of cytotoxic conditions like hypoxia, nutrient deprivation, and pH changes.",https://reporter.nih.gov/project-details/5R01CA197942-06
reporter:1K08HL179484-01,reporter,2025,US,National Heart Lung and Blood Institute,166240,USD,143409.25,"Integrating deep learning, magnetic resonance imaging and genomics to study myocardial fibrosis",age_related_disease,age_related_disease,0.92,Myocardial fibrosis is commonplace in the aging heart... contribute to the rising burden of cardiovascular disease.,https://reporter.nih.gov/project-details/1K08HL179484-01
reporter:5I01BX003230-03,reporter,2020,US,Veterans Affairs,,USD,,Excess O-GlcNAc modification of proteins and myocardial fibrosis,age_related_disease,age_related_disease,0.9,Excess O-GlcNAc modification of proteins is known to occur with aging and most notably in the setting of DM2.,https://reporter.nih.gov/project-details/5I01BX003230-03
reporter:5T35HL155018-02,reporter,2023,US,National Heart Lung and Blood Institute,49350,USD,42572.46,Summer Research in Vascular Surgery (SRVS),ambiguous,ambiguous,0.85,This T35 program will expose medical students to vascular surgery and the research that informs it.,https://reporter.nih.gov/project-details/5T35HL155018-02
reporter:1K01AG078497-01A1,reporter,2023,US,National Institute on Aging,125685,USD,108423.91,DNA methylation differences underlying female reproductive aging,fundamental_aging,fundamental_aging,0.92,"changes in DNA methylation, which are known to occur with age and may reflect the biological processes underlying reproductive aging",https://reporter.nih.gov/project-details/1K01AG078497-01A1
reporter:7U24AG056052-03,reporter,2018,US,National Institute on Aging,90043,USD,77676.85,Caenorhabditis Intervention Testing Program - Data Coordination Center - Transfer from Buck Institute,age_related_disease,intervention,0.96,coordinately test pharmacological interventions for the ability to extend healthy aging and promote longevity in nematodes,https://reporter.nih.gov/project-details/7U24AG056052-03
reporter:1ZIAAI000829-19,reporter,2016,US,National Institute of Allergy and Infectious Diseases,815605,USD,703593.0,Approaches To Immunological Intervention In Schistosomiasis,fundamental_aging,ambiguous,0.85,Approaches To Immunological Intervention In Schistosomiasis,https://reporter.nih.gov/project-details/1ZIAAI000829-19
reporter:1K99EY034938-01,reporter,2023,US,National Eye Institute,114039,USD,98377.33,"Partial epigenetic reprogramming of retinal pigment cells in age-related degeneration, dysfunction, and injury",fundamental_aging,intervention,0.88,"Partial epigenetic reprogramming via ectopic induction of three Yamanaka factors, Oct4, Sox2, Klf4 (OSK)",https://reporter.nih.gov/project-details/1K99EY034938-01
reporter:1RF1NS130691-01,reporter,2022,US,National Institute of Neurological Disorders and Stroke,2274447,USD,1962083.33,"Air Pollution, Metabolome, and Alzheimer disease in Mexican Americans",age_related_disease,age_related_disease,0.95,Air pollution is increasingly recognized as an important risk factor for cognitive impairment (CI) and Alzheimer’s and related dementias (ADRD).,https://reporter.nih.gov/project-details/1RF1NS130691-01
reporter:5R13AG056135-03,reporter,2019,US,National Institute on Aging,15000,USD,12939.96,Organization for the Study of Sex Differences Annual Meeting,age_related_disease,ambiguous,0.75,with a specific focus on aging and age-related diseases,https://reporter.nih.gov/project-details/5R13AG056135-03
reporter:5R01AG063659-05,reporter,2024,US,National Institute on Aging,751792,USD,648543.82,"Aging, Polypharmacy and Neurotoxicity in Adults Living with HIV",ambiguous,age_related_disease,0.76,"CNS complications, such as neurocognitive impairment and major depression disorder, are a key area for multidisciplinary studies of HIV and aging",https://reporter.nih.gov/project-details/5R01AG063659-05
reporter:4R01AG043490-04,reporter,2016,US,National Institute on Aging,378750,USD,326733.95,Systems Genetics of Drosophila Life Span,ambiguous,fundamental_aging,0.9,we propose to identify evolutionarily conserved genetic networks causally associated with life span by using the powerful Drosophila model system,https://reporter.nih.gov/project-details/4R01AG043490-04
reporter:5U19AT010829-04,reporter,2023,US,National Center for Complementary and Integrative Health,1125413,USD,970853.17,Botanicals enhancing neurological and functional resilience in aging (BENFRA),age_related_disease,intervention,0.8,Botanicals enhancing neurological and functional resilience in aging (BENFRA),https://reporter.nih.gov/project-details/5U19AT010829-04
reporter:7R21AA031048-02,reporter,2023,US,National Institute on Alcohol Abuse and Alcoholism,287138,USD,247703.59,Understanding alcohol use and alcohol-related care among older adults with heart failure,age_related_disease,age_related_disease,0.78,Understanding alcohol use and alcohol-related care among older adults with heart failure,https://reporter.nih.gov/project-details/7R21AA031048-02
reporter:4R01AG077386-02,reporter,2025,US,National Institute on Aging,828609,USD,714811.08,"Stress, Weathering, and Blood-Based Biomarkers of Alzheimer’s Disease",age_related_disease,age_related_disease,0.95,Blood-Based Biomarkers of Alzheimer’s Disease,https://reporter.nih.gov/project-details/4R01AG077386-02
reporter:5R01DK122503-03,reporter,2022,US,National Institute of Diabetes and Digestive and Kidney Diseases,677336,USD,584313.32,Integrative Approaches to Identifying Function and Clinical Significance of Adiposity Susceptibility Genes,ambiguous,age_related_disease,0.78,"obesity-related morbidity, mortality, and health care costs, largely from cardiometabolic diseases (CMD)",https://reporter.nih.gov/project-details/5R01DK122503-03
reporter:5R37AG020719-14,reporter,2021,US,National Institute on Aging,405010,USD,349387.51,T Cell Homeostasis and Function in Immune Senescence,fundamental_aging,fundamental_aging,0.96,"studying immune aging in laboratory mice that are experiencing a natural burden of major infectious, psychological and physical stressors will better mirror and inform immune aging in humans",https://reporter.nih.gov/project-details/5R37AG020719-14
reporter:5R01AG068179-05,reporter,2025,US,National Institute on Aging,443757,USD,382813.15,Loss of transcriptional homeostasis of genes lacking CpG islands during aging,fundamental_aging,fundamental_aging,0.98,Changes in chromatin architecture is a hallmark of aging.,https://reporter.nih.gov/project-details/5R01AG068179-05
reporter:1R25AG076387-01,reporter,2022,US,National Institute on Aging,339657,USD,293009.83,ACOA/MSTEM THRIVE Program for Undergraduates,ambiguous,ambiguous,0.85,"research education will focus on the interrelationships of the environmental, social, cultural, behavioral, and biological factors that create and sustain health disparities among older adults",https://reporter.nih.gov/project-details/1R25AG076387-01
reporter:1F32AG069363-01,reporter,2020,US,National Institute on Aging,64926,USD,56009.32,Epigenetic Dysregulation as a Driver of Skeletal Muscle Aging,age_related_disease,fundamental_aging,0.95,"DNA methylation, in particular, may set the pace of the aging clock",https://reporter.nih.gov/project-details/1F32AG069363-01
reporter:1R01AG071787-01,reporter,2021,US,National Institute on Aging,499075,USD,430533.99,Identifying signatures of brain aging through heterochronic blood exchange,fundamental_aging,fundamental_aging,0.92,inflammation may become excessive and chronic with aging (“inflammaging”) and impair normal brain functions,https://reporter.nih.gov/project-details/1R01AG071787-01
reporter:4R01DC019735-02,reporter,2025,US,National Institute on Deafness and Other Communication Disorders,669732,USD,577753.62,Mechanisms of Down syndrome-associated swallowing dysfunction in mouse models,ambiguous,age_related_disease,0.78,"Down syndrome (DS), a genetic disorder, is associated with accelerated aging and high levels of swallowing impairments (dysphagia).",https://reporter.nih.gov/project-details/4R01DC019735-02
reporter:5R01AG048511-08,reporter,2021,US,National Institute on Aging,2376133,USD,2049804.18,"National Social Life, Health and Aging Project: Baby Boom Cohort Wave 2",age_related_disease,ambiguous,0.78,longitudinal study of older adults focused on mechanisms through which the trajectories of health and social connectivity are intertwined as people age,https://reporter.nih.gov/project-details/5R01AG048511-08
reporter:1R34AI155317-01,reporter,2020,US,National Institute of Allergy and Infectious Diseases,228750,USD,197334.37,Tyrosine kinase inhibition to block HIV-1 persistence: a pilot study,intervention,ambiguous,0.85,Tyrosine kinase inhibition to block HIV-1 persistence: a pilot study,https://reporter.nih.gov/project-details/1R34AI155317-01
reporter:5U01NR004061-21,reporter,2015,US,National Institute of Nursing Research,858318,USD,740439.96,Study of Women's Health Across the Nation (SWAN V): Michigan Site,age_related_disease,fundamental_aging,0.7,natural history of reproductive aging through the late PM,https://reporter.nih.gov/project-details/5U01NR004061-21
reporter:3R35ES028379-06S1,reporter,2022,US,National Institute of Environmental Health Sciences,84077,USD,72530.19,Arsenic and the Human Genome:  susceptibility and response to exposure,age_related_disease,ambiguous,0.72,understanding genetic susceptibility to arsenic toxicity,https://reporter.nih.gov/project-details/3R35ES028379-06S1
reporter:5P50AG005131-33,reporter,2016,US,National Institute on Aging,317748,USD,274109.73,Hispanic Satellite Core,age_related_disease,age_related_disease,0.9,The UCSD ADRC's studies of aging and dementia among Hispanics aim to improve our understanding of AD and related disorders,https://reporter.nih.gov/project-details/5P50AG005131-33
reporter:4R01NS078283-05,reporter,2016,US,National Institute of Neurological Disorders and Stroke,685942,USD,591737.41,Epigenetic Changes associated with Neurodegenerative Diseases,age_related_disease,age_related_disease,0.92,"role of epigenetic alterations in mechanisms of ND such as Alzheimer's disease (AD), Parkinson's dementia (PD), frontotemporal degeneration (FTLD) or amyotrophic lateral sclerosis (ALS)",https://reporter.nih.gov/project-details/4R01NS078283-05
reporter:3R01AG056169-04S1,reporter,2021,US,National Institute on Aging,72154,USD,62244.65,Inflamm-aging of osteoprogenitor cells: A therapeutic target for improved bone healing - Resubmission - 1 - Revision - 3,fundamental_aging,fundamental_aging,0.95,Accumulation of senescent cells in aging tissues has been suggested as the driver of chronic inflammation,https://reporter.nih.gov/project-details/3R01AG056169-04S1
reporter:5U19AI142784-05,reporter,2023,US,National Institute of Allergy and Infectious Diseases,1334248,USD,1151007.59,RP1: Targeting Beclin 1 complexes for broad-spectrum anti-infective therapeutics,ambiguous,ambiguous,0.6,Our objective is to develop successful strategies to increase autophagy in cells/tissues of patients infected with intracellular pathogens,https://reporter.nih.gov/project-details/5U19AI142784-05
reporter:5R01NS093870-04,reporter,2019,US,National Institute of Neurological Disorders and Stroke,554637,USD,478465.32,Recurrent Hemorrhagic Stroke in Minority Populations,age_related_disease,age_related_disease,0.93,Recurrent Hemorrhagic Stroke in Minority Populations,https://reporter.nih.gov/project-details/5R01NS093870-04
reporter:1P20GM152330-01,reporter,2024,US,National Institute of General Medical Sciences,2367000,USD,2041925.47,UNE Center for Cell Signaling Research,ambiguous,ambiguous,0.65,"broad research emphasis on cellular metabolism, inflammation and aging",https://reporter.nih.gov/project-details/1P20GM152330-01
reporter:5R01AG057032-02,reporter,2018,US,National Institute on Aging,622490,USD,536999.65,Marital quality and longevity: Biobehavioral pathways,fundamental_aging,fundamental_aging,0.91,Do unhappy marriages accelerate molecular aging? Can happy marriages slow molecular aging and extend both lifespan and health span,https://reporter.nih.gov/project-details/5R01AG057032-02
reporter:1R56AG082916-01,reporter,2023,US,National Institute on Aging,316297,USD,272858.01,Multimodal control of mitochondrial energetics to shape biological aging,fundamental_aging,fundamental_aging,0.93,further suggesting that PMF is a fundamental regulator of biological aging,https://reporter.nih.gov/project-details/1R56AG082916-01
reporter:5R01DK072381-19,reporter,2025,US,National Institute of Diabetes and Digestive and Kidney Diseases,527738,USD,455260.52,Kidney Injury Molecule-1 in Epithelial Repair,fundamental_aging,age_related_disease,0.65,"chronic expression leads to CKD with severe fibrosis, secondary hypertension, and cardiac hypertrophy",https://reporter.nih.gov/project-details/5R01DK072381-19
reporter:1ZIAAG000238-16,reporter,2023,US,National Institute on Aging,47041,USD,40580.57,Effects of Aging on Experimental Atherosclerosis in Nonhuman Primates,age_related_disease,age_related_disease,0.78,risk of atherosclerosis is attributable to age ... stems from age-associated frailty of the arterial wall,https://reporter.nih.gov/project-details/1ZIAAG000238-16
reporter:2R01GM078492-09,reporter,2015,US,National Institute of General Medical Sciences,359550,USD,310170.81,Matricellular Signaling in Hepatobiliary Injury Repair,fundamental_aging,ambiguous,0.75,Liver fibrosis is the excessive accumulation of extracellular matrix as a wound healing response to chronic injuries,https://reporter.nih.gov/project-details/2R01GM078492-09
reporter:5R35HL135789-06,reporter,2022,US,National Heart Lung and Blood Institute,951000,USD,820393.37,KLF control of aging and age-associated cardiovascular disease,age_related_disease,fundamental_aging,0.9,identify KLFs as a heretofore unappreciated molecular control locus governing both lifespan and healthspan across metazoan life,https://reporter.nih.gov/project-details/5R35HL135789-06
reporter:1R01AG075136-01A1,reporter,2022,US,National Institute on Aging,624922,USD,539097.65,Functional Decline in Low Functioning Older Adults; Role of iron dysregulation,fundamental_aging,fundamental_aging,0.92,Mitochondrial dysfunction has been directly linked to accelerate telomere attrition,https://reporter.nih.gov/project-details/1R01AG075136-01A1
reporter:4UH3CA268091-03,reporter,2023,US,National Cancer Institute,768615,USD,663056.42,Seq-Scope: Microscopic Examination of Spatial Single Cell Transcriptome in Cell and Tissue Senescence,fundamental_aging,fundamental_aging,0.7,Seq-Scope: Microscopic Examination of Spatial Single Cell Transcriptome in Cell and Tissue Senescence,https://reporter.nih.gov/project-details/4UH3CA268091-03
reporter:2R01AG003376-31,reporter,2016,US,National Institute on Aging,815314,USD,703341.96,Neurobehavioral Relations in Senescent Hippocampus,fundamental_aging,fundamental_aging,0.85,Declines in spatial cognition and function of brain circuits responsible for these behaviors are among the hallmark signs of normative biological aging across species.,https://reporter.nih.gov/project-details/2R01AG003376-31
reporter:5F31CA228283-02,reporter,2019,US,National Cancer Institute,32016,USD,27619.05,Identification of Essential Factors for the Alternative Lengthening of Telomeres Pathway,fundamental_aging,age_related_disease,0.9,A universal feature of human cancer cells is the ability to bypass this proliferation barrier by engaging a telomere elongation mechanism,https://reporter.nih.gov/project-details/5F31CA228283-02
reporter:5R01AG072736-02,reporter,2025,US,National Institute on Aging,658714,USD,568248.79,Circadian Rhythm and Lifespan,intervention,intervention,0.96,caloric restriction (CR) is the most effective intervention for improving aging-related deterioration of biological functions and for extending lifespan,https://reporter.nih.gov/project-details/5R01AG072736-02
reporter:5R01DK058185-14,reporter,2015,US,National Institute of Diabetes and Digestive and Kidney Diseases,342998,USD,295891.99,Interstitial cells of Cajal in diabetic gastropathy,intervention,age_related_disease,0.9,Interstitial cells of Cajal in diabetic gastropathy,https://reporter.nih.gov/project-details/5R01DK058185-14
reporter:5R35GM133415-03,reporter,2021,US,National Institute of General Medical Sciences,425000,USD,366632.16,Evolutionary Genomics of Functional Chromatin Domains,fundamental_aging,ambiguous,0.78,"constitute important genetic mechanisms for cancer, cellular senescence, and infertility",https://reporter.nih.gov/project-details/5R35GM133415-03
reporter:5R35GM143004-04,reporter,2024,US,National Institute of General Medical Sciences,411750,USD,355201.86,Biophysical basis for enzyme mediated deglycation in protein repair,age_related_disease,fundamental_aging,0.78,"This process occurs spontaneously under normal physiological conditions and is a bio-marker in aging and the development, or worsening, of diseases such as diabetes",https://reporter.nih.gov/project-details/5R35GM143004-04
reporter:5R01NS051305-18,reporter,2022,US,National Institute of Neurological Disorders and Stroke,344531,USD,297214.46,FUNCTIONAL ANALYSIS OF SLEEP HOMEOSTASIS IN DROSOPHILA,age_related_disease,ambiguous,0.72,FUNCTIONAL ANALYSIS OF SLEEP HOMEOSTASIS IN DROSOPHILA,https://reporter.nih.gov/project-details/5R01NS051305-18
reporter:5P50MH130957-02,reporter,2023,US,National Institute of Mental Health,2327285,USD,2007664.77,Mental Health in Autistic Adults: An RDoC Approach,ambiguous,ambiguous,0.85,Mental Health in Autistic Adults: An RDoC Approach,https://reporter.nih.gov/project-details/5P50MH130957-02
reporter:1ZIAAG000200-08,reporter,2020,US,National Institute on Aging,2961957,USD,2555173.4,Understanding mechanisms and seeking novel biomarkers in Alzheimer's disease,age_related_disease,age_related_disease,0.95,Understanding mechanisms and seeking novel biomarkers in Alzheimer's disease,https://reporter.nih.gov/project-details/1ZIAAG000200-08
reporter:5R01HD114794-02,reporter,2025,US,Eunice Kennedy Shriver National Institute of Child Health and Human Development,668211,USD,576441.51,Dysregulated RNA metabolism in cell fate of maternal diabetes-induced neural tube defects,fundamental_aging,ambiguous,0.9,Dysregulated RNA metabolism in cell fate of maternal diabetes-induced neural tube defects,https://reporter.nih.gov/project-details/5R01HD114794-02
reporter:5U54CA254564-05,reporter,2024,US,National Cancer Institute,260000,USD,224292.62,Project 3: Tumor-associated biomarkers for HIV-associated Diffuse Large B-cell Lymphoma in Malawi and South Africa,age_related_disease,age_related_disease,0.95,Project 3: Tumor-associated biomarkers for HIV-associated Diffuse Large B-cell Lymphoma in Malawi and South Africa,https://reporter.nih.gov/project-details/5U54CA254564-05
reporter:1P50DA039841-01A1,reporter,2016,US,National Institute on Drug Abuse,233887,USD,201765.87,Project 5: Circadian Rhythms,ambiguous,ambiguous,0.9,Circadian rhythm and sleep disruptions increase the vulnerability for addiction disorders,https://reporter.nih.gov/project-details/1P50DA039841-01A1
reporter:5R01HL153144-02,reporter,2022,US,National Heart Lung and Blood Institute,492998,USD,425291.58,Molecular characterization of biliverdin IXbeta reductase,fundamental_aging,ambiguous,0.72,heme degradation is largely studied as a processing pathway designed to clear pro-oxidant (free) heme generated during cellular senescence,https://reporter.nih.gov/project-details/5R01HL153144-02
reporter:5T32AG049676-04,reporter,2019,US,National Institute on Aging,469262,USD,404815.39,Psychosocial Determinants and Biological Pathway to Healthy Aging (Pathways),ambiguous,ambiguous,0.7,"We propose a new training program, ""Psychosocial Determinants and Biological Pathways to Healthy Aging"" (PATHWAYS), that builds on our established track record",https://reporter.nih.gov/project-details/5T32AG049676-04
reporter:5P01AG041710-10,reporter,2024,US,National Institute on Aging,5464940,USD,4714406.49,"Health, Aging and Dementia in South Africa: A Longitudinal Study (HAALSI)",age_related_disease,age_related_disease,0.95,"burden and risk factors of aging-related diseases, particularly dementia and Alzheimer’s disease, remains poorly defined",https://reporter.nih.gov/project-details/5P01AG041710-10
reporter:5K24AG075234-02,reporter,2023,US,National Institute on Aging,162153,USD,139883.54,Midcareer Development Award in Neuroaging and Geriatric Pharmacoepidemiology Research,age_related_disease,age_related_disease,0.82,Parkinson Disease + Dementia; Dementia with Lewy Bodies,https://reporter.nih.gov/project-details/5K24AG075234-02
reporter:2R56NS083378-16,reporter,2018,US,National Institute of Neurological Disorders and Stroke,550030,USD,474491.03,Organization and function of neuronal endosomes,fundamental_aging,fundamental_aging,0.65,"disturbances in protein homeostasis have been associated with numerous neurodegenerative disorders, as well as aging",https://reporter.nih.gov/project-details/2R56NS083378-16
reporter:5P50CA097257-18,reporter,2020,US,National Cancer Institute,363524,USD,313599.03,Project 3: A New Therapeutic Target for TERT Promoter Mutant Glioma,fundamental_aging,age_related_disease,0.95,The goal of this project is to develop GABP as a therapeutic target to reverse immortality of tumors harboring a mutant telomerase reverse transcriptase (TERT) promoter.,https://reporter.nih.gov/project-details/5P50CA097257-18
reporter:5R01CA254047-04,reporter,2023,US,National Cancer Institute,378329,USD,326370.77,Bioinspired chemical probe approach targeting telomerase reverse transcriptase,fundamental_aging,age_related_disease,0.78,hTERT has non-canonical functions separate from its telomere-lengthening activity that are linked to cancer cell survival,https://reporter.nih.gov/project-details/5R01CA254047-04
reporter:5F31AG059351-02,reporter,2019,US,National Institute on Aging,17120,USD,14768.81,Effects of Tongue exercise dose on mitigating age-related changes in Tongue muscles and swallowing function,ambiguous,age_related_disease,0.78,treating dysphagia is critical to promote adequate health outcomes and reduce the financial burden of this condition,https://reporter.nih.gov/project-details/5F31AG059351-02
reporter:5R01AG084437-02,reporter,2025,US,National Institute on Aging,659701,USD,569100.24,Vaccine immunity and inflammation in the aging person living with HIV,fundamental_aging,fundamental_aging,0.82,older individuals who are disproportionately affected by this “inflammaging.”,https://reporter.nih.gov/project-details/5R01AG084437-02
reporter:5R01AG055544-04,reporter,2020,US,National Institute on Aging,380714,USD,328428.23,Age-associated changes in hippocampal circuits and cognitive function,fundamental_aging,fundamental_aging,0.86,determine how altered communication within the hippocampal circuit in old age produces memory deficits,https://reporter.nih.gov/project-details/5R01AG055544-04
reporter:5F31HL167563-02,reporter,2025,US,National Heart Lung and Blood Institute,32618,USD,28138.37,Endothelial NOX1-Mediated AMPKa1 Propagates Hypoxia-Induced Pulmonary Hypertension via the CIP/KIP family of CDK inhibitors,fundamental_aging,age_related_disease,0.83,"Pulmonary arterial hypertension (PAH) is a rare, devastating disease with the initial pathognomonic instigator",https://reporter.nih.gov/project-details/5F31HL167563-02
reporter:5P01AG029531-09,reporter,2020,US,National Institute on Aging,119308,USD,102922.71,Core C - Bioinformatics and Genomics Core,fundamental_aging,ambiguous,0.85,The Bioinformatics and Genomics Core (Core C) will support the scientific investigations of Projects 1-3,https://reporter.nih.gov/project-details/5P01AG029531-09
reporter:5U54AG076040-05,reporter,2025,US,National Institute on Aging,924573,USD,797595.76,Biological Analysis Core,fundamental_aging,fundamental_aging,0.98,"identify and validate a panel of robust senescence biomarkers for each cell type in our target tissues, and their spatial context, at the single-cell level",https://reporter.nih.gov/project-details/5U54AG076040-05
reporter:1R35GM142704-01,reporter,2021,US,National Institute of General Medical Sciences,393750,USD,339673.91,"The design principles of the eukaryotic cell: uncovering the coordination of systems-level organelle dynamics, metabolism and growth",age_related_disease,ambiguous,0.65,"The goal of my research program is to discover the quantitative principles governing how cells regulate systems-level organelle dynamics to coordinate metabolism, growth, and proliferation.",https://reporter.nih.gov/project-details/1R35GM142704-01
reporter:5R01CA237535-03,reporter,2022,US,National Cancer Institute,401970,USD,346765.01,Accelerated biological aging in breast cancer and risk for cognitive and physical complaints,fundamental_aging,fundamental_aging,0.85,"Our study will examine the effects of common breast cancer treatments as they relate to markers of biological aging, inflammation, and reports of physical and cognitive complaints",https://reporter.nih.gov/project-details/5R01CA237535-03
reporter:5R01AG049711-05,reporter,2019,US,National Institute on Aging,307500,USD,265269.15,Systemic inflammation in regulating the onset and progression of brain aging,ambiguous,fundamental_aging,0.9,The goal of the proposed work is to provide an understanding the role of chronic inflammation in promoting an early onset memory impairment and progression of cognitive decline during aging.,https://reporter.nih.gov/project-details/5R01AG049711-05
reporter:1P01AG055367-01A1,reporter,2018,US,National Institute on Aging,324805,USD,280197.55,Age-sex-ApoE allele interactions in neuronal and white matter vulnerability to air pollution,fundamental_aging,age_related_disease,0.9,We hypothesize that TRAP increases AD risk by TLR4-related inflammatory processes,https://reporter.nih.gov/project-details/1P01AG055367-01A1
reporter:5R24AG076847-03,reporter,2024,US,National Institute on Aging,359700,USD,310300.21,Research Network on Decision Neuroscience and Aging,age_related_disease,age_related_disease,0.68,reduce the burden of Alzheimer’s Disease and related dementias (ADRD),https://reporter.nih.gov/project-details/5R24AG076847-03
reporter:5R01CA122023-07,reporter,2015,US,National Cancer Institute,301725,USD,260287.27,Cancer Therapy-induced Long-term Bone Marrow Injury,fundamental_aging,fundamental_aging,0.75,LT-BM injury is primarily attributed to selective induction of oxidative stress and senescence in hematopoietic stem cells (HSCs).,https://reporter.nih.gov/project-details/5R01CA122023-07
reporter:1I01BX003056-01A1,reporter,2016,US,Veterans Affairs,,USD,,Sirtuins in Lung Aging and Fibrosis,fundamental_aging,fundamental_aging,0.86,cellular/molecular mechanisms that account for the aging predilection to fibrotic disease have not been elucidated,https://reporter.nih.gov/project-details/1I01BX003056-01A1
reporter:5P01AG066591-04,reporter,2024,US,National Institute on Aging,577883,USD,498518.81,Cellular senescence and cell fate/interactions as drivers of Alzheimer's and age-related dementias,fundamental_aging,fundamental_aging,0.9,cellular senescence is an effective driver of a diverse group of age-related diseases,https://reporter.nih.gov/project-details/5P01AG066591-04
reporter:5R01ES030319-03,reporter,2020,US,National Institute of Environmental Health Sciences,130600,USD,112663.91,Increased Risk of Chronic Disease Due to Domoic Acid Exposure with Age,ambiguous,ambiguous,0.7,Increased Risk of Chronic Disease Due to Domoic Acid Exposure with Age,https://reporter.nih.gov/project-details/5R01ES030319-03
reporter:5R01CA274950-04,reporter,2025,US,National Cancer Institute,337724,USD,291342.31,Oral HPV Research Among Latin Americans Living with HIV (ORAL - H² Study),fundamental_aging,age_related_disease,0.92,Oropharyngeal cancer (OPC) is predominantly caused by HPV 16 and other oncogenic HPV types,https://reporter.nih.gov/project-details/5R01CA274950-04
reporter:5R01HD111243-03,reporter,2025,US,Eunice Kennedy Shriver National Institute of Child Health and Human Development,791630,USD,682910.63,Role of senescent cells in uterine fibroid pathogenesis,fundamental_aging,fundamental_aging,0.72,Role of senescent cells in uterine fibroid pathogenesis,https://reporter.nih.gov/project-details/5R01HD111243-03
reporter:5T35AG038047-14,reporter,2023,US,National Institute on Aging,112409,USD,96971.19,UNC-CH Summer Research Training in Aging for Medical Students,ambiguous,ambiguous,0.9,UNC-CH Summer Research Training in Aging for Medical Students,https://reporter.nih.gov/project-details/5T35AG038047-14
reporter:5R21AG089655-02,reporter,2025,US,National Institute on Aging,195000,USD,168219.46,Cellular senescence as a potential sex-specific driver of small vessel disease and post-stroke cognitive impairment in late adulthood,fundamental_aging,fundamental_aging,0.9,Cellular senescence as a potential sex-specific driver of small vessel disease and post-stroke cognitive impairment in late adulthood,https://reporter.nih.gov/project-details/5R21AG089655-02
reporter:1R15AG059142-01,reporter,2018,US,National Institute on Aging,426698,USD,368096.96,The Influence of IGF-1 on Astrocytic Regulation of Learning and Memory,fundamental_aging,fundamental_aging,0.9,role of insulin-like growth factor-1 in regulating astrocyte function in the aging brain,https://reporter.nih.gov/project-details/1R15AG059142-01
reporter:5R00AG071667-04,reporter,2025,US,National Institute on Aging,244019,USD,210506.38,Midlife obesity and prediabetes trigger later life cognitive decline through central nervous system inflammaging and innate immune dysregulation of cGAS/STING,age_related_disease,fundamental_aging,0.78,"promoting early or increased inflammaging, a chronic low-grade inflammation",https://reporter.nih.gov/project-details/5R00AG071667-04
reporter:1ZIABC005599-31,reporter,2021,US,National Cancer Institute,577282,USD,498000.35,"Tumor Suppressor Protein, p53",fundamental_aging,age_related_disease,0.9,The p53 tumor suppressor protein is a key component of the cellular response to stress.,https://reporter.nih.gov/project-details/1ZIABC005599-31
reporter:5R01AG080821-02,reporter,2023,US,National Institute on Aging,706202,USD,609214.98,Multiethnic machine learning brain signatures of ADRD,age_related_disease,age_related_disease,0.92,The underlying pathology of Alzheimer's disease and related dementias (ADRDs) accumulates gradually over decades,https://reporter.nih.gov/project-details/5R01AG080821-02
reporter:5T32DC016853-02,reporter,2019,US,National Institute on Deafness and Other Communication Disorders,184299,USD,158988.1,Interdisciplinary Training in Auditory Neuroscience,ambiguous,ambiguous,0.75,"pathologies of the auditory system due to damage, disease, aging, and congenital disorders",https://reporter.nih.gov/project-details/5T32DC016853-02
reporter:1F31AG062112-01,reporter,2018,US,National Institute on Aging,28524,USD,24606.63,Conserved role of uric acid and purine metabolites in longevity and healthspan,age_related_disease,fundamental_aging,0.88,Conserved role of uric acid and purine metabolites in longevity and healthspan,https://reporter.nih.gov/project-details/1F31AG062112-01
reporter:5R01AG024425-15,reporter,2019,US,National Institute on Aging,467170,USD,403010.7,Genetic and Epigenetic Determinants of Longevity.,ambiguous,fundamental_aging,0.96,"Epigenetic regulation is a fundamental mechanism that bridges the genome with the environment, and is emerging as a key determinant of longevity.",https://reporter.nih.gov/project-details/5R01AG024425-15
reporter:5R03AG062976-02,reporter,2020,US,National Institute on Aging,157800,USD,136128.36,Replicating heterochronic parabiosis on a chip for testing anti-geronic factors,fundamental_aging,fundamental_aging,0.86,youthful factors in the circulation can rejuvenate age-acquired deficits in muscle regeneration,https://reporter.nih.gov/project-details/5R03AG062976-02
reporter:5U54AG079753-02,reporter,2023,US,National Institute on Aging,1047328,USD,903492.06,The Jackson Laboratory Senescence Tissue Mapping Center (JAX-Sen TMC) - Data Analysis Core,fundamental_aging,fundamental_aging,0.98,construct biomarker datasets and molecular maps of cellular senescence in mice,https://reporter.nih.gov/project-details/5U54AG079753-02
reporter:5R01MH107345-03,reporter,2017,US,National Institute of Mental Health,1504722,USD,1298069.36,Age related determinants of HAND: A 12 year follow-up of CHARTER participants,fundamental_aging,age_related_disease,0.72,Age related determinants of HAND: A 12 year follow-up of CHARTER participants,https://reporter.nih.gov/project-details/5R01MH107345-03
reporter:5R01AG045351-10,reporter,2023,US,National Institute on Aging,516589,USD,445642.68,Studies on the Mechanisms by which SIRT5 Regulates Aging and Disease,ambiguous,fundamental_aging,0.95,our overall goal is to identify how altered metabolism contributes to the diseases of aging and aging itself,https://reporter.nih.gov/project-details/5R01AG045351-10
reporter:5R01DK110656-03,reporter,2018,US,National Institute of Diabetes and Digestive and Kidney Diseases,417246,USD,359943.06,Impact of organic cations on mitochondrial energetic driving forces and metabolic efficiency,age_related_disease,fundamental_aging,0.65,"attenuation of atherosclerosis and vascular senescence in the context of high fat diets, extension of lifespan in mice",https://reporter.nih.gov/project-details/5R01DK110656-03
reporter:1R01MD017006-01A1,reporter,2022,US,National Institute on Minority Health and Health Disparities,591193,USD,510000.86,"Migrant and Multi-generational Immigrant Experiences: The Effects of Stressors on Epigenetic, Behavioral, and Health-related Outcomes",fundamental_aging,fundamental_aging,0.68,"Telomere shortening is considered a marker of cellular aging, and contributes to earlier development of age-related diseases, such as heart disease.",https://reporter.nih.gov/project-details/1R01MD017006-01A1
reporter:5R01AG066562-03,reporter,2022,US,National Institute on Aging,766260,USD,661024.84,The High-Intensity Exercise to Attenuate Limitations and Train Habits (HEALTH) in Older Adults with HIV,ambiguous,ambiguous,0.55,"Effective, scalable, non-pharmacological strategies are needed to improve the healthspan of this vulnerable population.",https://reporter.nih.gov/project-details/5R01AG066562-03
reporter:2R01EB024989-05,reporter,2023,US,National Institute of Biomedical Imaging and Bioengineering,653700,USD,563923.4,Detection of Emergent Mechanical Properties of Biologically Complex Cellular States,age_related_disease,age_related_disease,0.78,"we extend this hypothesis to include detection of cancer susceptibility or risk, which is so far not detectable with genetic screening",https://reporter.nih.gov/project-details/2R01EB024989-05
reporter:5R21AG086734-02,reporter,2025,US,National Institute on Aging,192255,USD,165851.45,Evaluating a powerful genetic mapping framework to discover lifespan extension genes in Drosophila,fundamental_aging,fundamental_aging,0.9,discover lifespan extension genes in Drosophila,https://reporter.nih.gov/project-details/5R21AG086734-02
reporter:1R01MH123828-01A1,reporter,2021,US,National Institute of Mental Health,394479,USD,340302.8,Investigation of Pitt-Hopkins Syndrome pathophysiology using a human model,fundamental_aging,ambiguous,0.88,Pitt–Hopkins Syndrome (PTHS) is an ASD caused by de novo mutations in the TCF4 gene.,https://reporter.nih.gov/project-details/1R01MH123828-01A1
reporter:5R01AG075914-02,reporter,2022,US,National Institute on Aging,555079,USD,478846.62,Gene regulation and social relationships across the life course in a nonhuman primate model,age_related_disease,ambiguous,0.65,"linking fine-grained, longitudinal data on social relationships to unbiased surveys of the molecular signature of social experience",https://reporter.nih.gov/project-details/5R01AG075914-02
reporter:5R01CA267977-02,reporter,2023,US,National Cancer Institute,341677,USD,294752.42,Proteomic aging in adults before and after cancer diagnosis,age_related_disease,fundamental_aging,0.88,we will use existing proteomic data and construct and validate proteomic aging clocks,https://reporter.nih.gov/project-details/5R01CA267977-02
reporter:5R01AG057381-03,reporter,2019,US,National Institute on Aging,317750,USD,274111.46,Physical resilience is a predictor of healthy aging in mice,age_related_disease,fundamental_aging,0.82,Physical resilience is a predictor of healthy aging in mice,https://reporter.nih.gov/project-details/5R01AG057381-03
reporter:1R21DE034091-01A1,reporter,2025,US,National Institute of Dental and Craniofacial Research,248750,USD,214587.65,Cellular senescence contributes to salivary gland dysfunction in Sjögren’s syndrome,fundamental_aging,fundamental_aging,0.72,The objective of this proposed project is to determine the previously unexplored impact of cellular senescence on SS-associated salivary gland disorder and salivary gland stem cell act,https://reporter.nih.gov/project-details/1R21DE034091-01A1
reporter:5R36AG073798-02,reporter,2022,US,National Institute on Aging,62919,USD,54277.95,Characterizing the impacts of a novel environmental contributor on ROS hormesis and aging in C. elegans,care,fundamental_aging,0.92,"Our lab has identified an environmental factor that has a hormetic effect on both lifespan and neurodegeneration in the nematode model organism, Caenorhabditis elegans",https://reporter.nih.gov/project-details/5R36AG073798-02
reporter:3R00HD101653-05S1,reporter,2024,US,Eunice Kennedy Shriver National Institute of Child Health and Human Development,105729,USD,91208.59,Mechanisms of Endometrial Innate Immune Responses to Infection and Impact on Placental Interactions,fundamental_aging,ambiguous,0.9,Spontaneous pregnancy loss is the most common early obstetric complication,https://reporter.nih.gov/project-details/3R00HD101653-05S1
reporter:5R01MD013502-04,reporter,2021,US,National Institute on Minority Health and Health Disparities,688438,USD,593890.61,Mechanisms of Disparities in Adverse Neurocognitive Outcomes among Hispanics Aging with HIV,ambiguous,age_related_disease,0.78,identify key mechanisms underlying adverse neurocognitive outcomes among Hispanics aging with HIV,https://reporter.nih.gov/project-details/5R01MD013502-04
reporter:5R01AG088629-02,reporter,2025,US,National Institute on Aging,306642,USD,264528.99,Natural variation underlying extraordinary lifespan,age_related_disease,fundamental_aging,0.95,Using natural variation to investigate the genetics of aging provides the opportunity to discover new pathways,https://reporter.nih.gov/project-details/5R01AG088629-02
reporter:5R35NS097275-04,reporter,2020,US,National Institute of Neurological Disorders and Stroke,703113,USD,606550.21,Molecular Genetic Insight into Neurodegenerative Disease from Drosophila,age_related_disease,age_related_disease,0.96,Our special current focus is on the genetic and biological underpinnings of ALS/FTD.,https://reporter.nih.gov/project-details/5R35NS097275-04
reporter:1R01AG074503-01A1,reporter,2022,US,National Institute on Aging,637487,USD,549937.03,Molecular Networks in Aging and Caloric Restriction in Rhesus Monkeys,age_related_disease,intervention,0.89,Caloric restriction (CR) without malnutrition has been proven to delay aging in diverse species,https://reporter.nih.gov/project-details/1R01AG074503-01A1
reporter:1K99AG082863-01,reporter,2023,US,National Institute on Aging,103575,USD,89350.41,Plasma proteomic signatures of physical activity and Alzheimer's disease and related dementias,age_related_disease,age_related_disease,0.92,Physical activity (PA) has been listed as a promising intervention to delay or prevent Alzheimer’s disease (AD) and related dementias (ADRD),https://reporter.nih.gov/project-details/1K99AG082863-01
reporter:1ZIAAI001219-08,reporter,2024,US,National Institute of Allergy and Infectious Diseases,750935,USD,647804.52,Prion protein function in redox homeostasis and associated failure in prion disease,fundamental_aging,ambiguous,0.7,Prion diseases are infectious diseases affecting humans and animals.,https://reporter.nih.gov/project-details/1ZIAAI001219-08
reporter:4R00CA252447-03,reporter,2023,US,National Cancer Institute,249000,USD,214803.31,The role of autophagy in the escape from replicative crisis and tumorigenesis,fundamental_aging,age_related_disease,0.9,The role of autophagy in the escape from replicative crisis and tumorigenesis,https://reporter.nih.gov/project-details/4R00CA252447-03
reporter:5P50AG005681-34,reporter,2017,US,National Institute on Aging,182140,USD,157125.6,Core G:  Genetics,age_related_disease,age_related_disease,0.95,The goal of the Genetics Core of the Knight ADRC is to provide genetic information and useful biological materials on all ADRC participants.,https://reporter.nih.gov/project-details/5P50AG005681-34
reporter:5K08CA245206-04,reporter,2023,US,National Cancer Institute,260099,USD,224378.02,Exploring the combinatorial efficacy between chemotherapy and T cell checkpoint inhibition and the role of cellular senescence,fundamental_aging,age_related_disease,0.82,Lung cancer is the leading cause of cancer-related mortality nationwide.,https://reporter.nih.gov/project-details/5K08CA245206-04
reporter:1ZIAEY000556-04,reporter,2020,US,National Eye Institute,2024018,USD,1746047.27,Studies of Ocular inflammation: Clinical & Translational Research,fundamental_aging,fundamental_aging,0.82,"those CD8 T cells exhibit features of senescence, such as upregulation of CD57, loss of proliferative ability",https://reporter.nih.gov/project-details/1ZIAEY000556-04
reporter:5U01AG060908-05,reporter,2022,US,National Institute on Aging,554976,USD,478757.76,Validation and optimization of epigenetic clocks,fundamental_aging,fundamental_aging,0.95,The overarching goals of this proposal are a) to realize the great promise of DNAm based biomarkers of aging (known as epigenetic clocks),https://reporter.nih.gov/project-details/5U01AG060908-05
reporter:5F32CA228365-03,reporter,2020,US,National Cancer Institute,48914,USD,42196.34,In vivo regulators of TERT promoter mutant glioblastoma,fundamental_aging,age_related_disease,0.92,In vivo regulators of TERT promoter mutant glioblastoma,https://reporter.nih.gov/project-details/5F32CA228365-03
reporter:5R01AG067782-05,reporter,2023,US,National Institute on Aging,680309,USD,586878.02,Unbiased identification of interventions that extend lifespan,ambiguous,intervention,0.9,"systematic, unbiased identification of longevity interventions in mammals",https://reporter.nih.gov/project-details/5R01AG067782-05
reporter:5R01AG057422-04,reporter,2020,US,National Institute on Aging,718456,USD,619786.06,UNDERSTANDING CELLULAR AND TRANSCRIPTIONAL REGULATORY CHANGES IN HUMAN AGING,fundamental_aging,fundamental_aging,0.95,"The process of aging is believed to involve progressive loss of control of transcriptional regulation, in particular involving regulatory mechanisms referred to as “epigenetic”.",https://reporter.nih.gov/project-details/5R01AG057422-04
reporter:5P30AG067988-05,reporter,2025,US,National Institute on Aging,235368,USD,203043.48,Biomarkers Core RC3,age_related_disease,fundamental_aging,0.85,"to interrogate biomarkers, drivers of aging and underlying mechanisms of chronic diseases",https://reporter.nih.gov/project-details/5P30AG067988-05
reporter:1R43AG078715-01,reporter,2022,US,National Institute on Aging,398019,USD,343356.63,High throughput functional screening of anti-sarcopenia therapeutics,fundamental_aging,age_related_disease,0.95,"Sarcopenia is a progressive age-related loss of skeletal muscle mass and function associated with an increased risk of falls, fractures, depression, malnutrition, prolonged hospital stays, and death.",https://reporter.nih.gov/project-details/1R43AG078715-01
reporter:1R01AG061844-01,reporter,2018,US,National Institute on Aging,482496,USD,416231.88,Protein Signatures of APOE2 and Cognitive Aging,ambiguous,fundamental_aging,0.82,the biological mechanisms associated with 𝑒2 are still unclear,https://reporter.nih.gov/project-details/1R01AG061844-01
reporter:1R01AG066828-01,reporter,2020,US,National Institute on Aging,646852,USD,558015.87,Metabolic regulation of human DNA methylation clocks,fundamental_aging,fundamental_aging,0.97,"Reliable changes in DNAm occur with advancing age at specific genomic locations, which have been captured and integrated in predictive algorithms called epigenetic clocks.",https://reporter.nih.gov/project-details/1R01AG066828-01
reporter:5P01AG031782-16,reporter,2023,US,National Institute on Aging,3262353,USD,2814314.18,Autophagy in aging: testing geroscience in Alzheimer's disease,age_related_disease,fundamental_aging,0.86,focused on investigating the role that age-related changes in autophagy play in the functional alterations and inefficient stress response of old organisms,https://reporter.nih.gov/project-details/5P01AG031782-16
reporter:5R01NS096786-05,reporter,2019,US,National Institute of Neurological Disorders and Stroke,722916,USD,623633.54,The role of long-lived proteins in the survival of nerve cells,ambiguous,fundamental_aging,0.91,their functional decline drives cellular and organismal aging,https://reporter.nih.gov/project-details/5R01NS096786-05
reporter:1ZIAAG000340-03,reporter,2018,US,National Institute on Aging,1049333,USD,905221.7,Early Cortical Network Markers of Alzheimer's Disease Risk: a Transcranial Magnetic Stimulation Intervention Trial in Aged Rats,age_related_disease,age_related_disease,0.93,"In the context of Alzheimers disease (AD), although a number of small clinical trials have reported potentially encouraging effects on cognitive function",https://reporter.nih.gov/project-details/1ZIAAG000340-03
reporter:5R01AG069858-02,reporter,2021,US,National Institute on Aging,401772,USD,346594.2,Regulation of eicosanoid signaling lipids to improve skeletal muscle function and increase healthspan during aging,fundamental_aging,age_related_disease,0.86,"Age-related muscle atrophy, or sarcopenia, affects 15% of the elderly, diminishing quality of life",https://reporter.nih.gov/project-details/5R01AG069858-02
reporter:5R01AG069677-02,reporter,2021,US,National Institute on Aging,420000,USD,362318.84,Mitochondrial action of metformin in aging and longevity,fundamental_aging,intervention,0.96,"metformin targets multiple, fundamental aspects of the aging process",https://reporter.nih.gov/project-details/5R01AG069677-02
reporter:1ZIAAG000358-01,reporter,2017,US,National Institute on Aging,40892,USD,35276.05,The Hallmarks of Aging: Assessing accumulation of DNA lesions with age using single cell DNA sequencing in GESTALT,fundamental_aging,fundamental_aging,0.97,Genome instability has long been implicated as the main causal factor in aging.,https://reporter.nih.gov/project-details/1ZIAAG000358-01
reporter:7R01DE027374-03,reporter,2020,US,National Institute of Dental and Craniofacial Research,384750,USD,331909.94,Endogenous Regulators of Inflammation in Periodontal Tissue Homeostasis,age_related_disease,ambiguous,0.6,Endogenous Regulators of Inflammation in Periodontal Tissue Homeostasis,https://reporter.nih.gov/project-details/7R01DE027374-03
reporter:9R44AG055320-03A1,reporter,2017,US,National Institute on Aging,874364,USD,754282.26,"The Development of a Low-Cost, Quantitative Skin Imaging Camera",ambiguous,care,0.6,Management of chronic wounds are a burden in today’s aging population. Expert wound care is needed to monitor and track skin health.,https://reporter.nih.gov/project-details/9R44AG055320-03A1
reporter:5R01CA184572-02,reporter,2015,US,National Cancer Institute,329925,USD,284614.39,(PQB-4) Opposing Effects of the SASP in Cancer Progression,fundamental_aging,fundamental_aging,0.78,Senescence Associated Secretory Phenotype (SASP),https://reporter.nih.gov/project-details/5R01CA184572-02
reporter:1R01CA285515-01A1,reporter,2024,US,National Cancer Institute,358702,USD,309439.27,Roles of TIMELESS in oncogene-induced senescence and oncogenic transformation,fundamental_aging,age_related_disease,0.85,"Oncogenic stimuli in early cancerous lesions, such as driven by RAS mutations, triggers oncogene-induced senescence (OIS), which acts as a barrier to prevent malignant transformation.",https://reporter.nih.gov/project-details/1R01CA285515-01A1
reporter:1ZIAAG000344-06,reporter,2024,US,National Institute on Aging,14438,USD,12455.14,Cross-Translational nutritional interventions for Alzheimer's Disease: from man to mouse,age_related_disease,age_related_disease,0.95,Cross-Translational nutritional interventions for Alzheimer's Disease: from man to mouse,https://reporter.nih.gov/project-details/1ZIAAG000344-06
reporter:5R35HL135763-07,reporter,2023,US,National Heart Lung and Blood Institute,816806,USD,704629.05,Emergency Myelopoiesis Pathways in the Control of Blood Production,ambiguous,fundamental_aging,0.7,"deregulated hematopoietic stem cell (HSC) function and blood production in stress, disease and aging",https://reporter.nih.gov/project-details/5R35HL135763-07
reporter:2P30AG021334-21,reporter,2023,US,National Institute on Aging,97168,USD,83823.33,Clinical Translation Core - RC3,age_related_disease,age_related_disease,0.78,accelerate the translation of important biological findings related to frailty into clinical studies,https://reporter.nih.gov/project-details/2P30AG021334-21
reporter:5K01AG049152-05,reporter,2019,US,National Institute on Aging,129600,USD,111801.24,RNA signatures of frontotemporal dementia and ALS due to C9ORF72 expansion,age_related_disease,age_related_disease,0.96,RNA signatures of frontotemporal dementia and ALS due to C9ORF72 expansion,https://reporter.nih.gov/project-details/5K01AG049152-05
reporter:1ZIAAG000363-10,reporter,2017,US,National Institute on Aging,817839,USD,705520.19,Aging Intervention Program,intervention,intervention,0.98,"Calorie restriction (CR) delays age-related diseases in laboratory animals, and a small molecule or behavioral intervention that safely mimics its effects has been greatly sought after.",https://reporter.nih.gov/project-details/1ZIAAG000363-10
reporter:5R01AG059711-05,reporter,2022,US,National Institute on Aging,421203,USD,363356.63,Impact of senescence on T-cell function and immunotherapeutic response,fundamental_aging,fundamental_aging,0.92,"Senescent cells, marked by persistent p16INK4a expression, increase in aging tissues and promote the onset of age-related disease in mice.",https://reporter.nih.gov/project-details/5R01AG059711-05
reporter:1R25AG086122-01,reporter,2024,US,National Institute on Aging,408999,USD,352828.67,Pipeline in Aging Research Career Training (PACT),fundamental_aging,ambiguous,0.82,research education and mentoring program featuring students and faculty ... train and mentor underserved students in aging research topics including health equity,https://reporter.nih.gov/project-details/1R25AG086122-01
reporter:5R01AG068286-05,reporter,2024,US,National Institute on Aging,377500,USD,325655.62,Senescence-Induced Progression of Alzheimer's Disease,fundamental_aging,fundamental_aging,0.82,defining the role of senescence in brain aging and AD pathogenesis,https://reporter.nih.gov/project-details/5R01AG068286-05
reporter:5R01EY030129-02,reporter,2021,US,National Eye Institute,363364,USD,313461.01,Role of insulin-like growth factor binding proteins in the pathogenesis of herpes stromal keratitis.,fundamental_aging,ambiguous,0.85,HSK is the leading cause of infection-induced corneal blindness,https://reporter.nih.gov/project-details/5R01EY030129-02
reporter:5I01CX001430-02,reporter,2018,US,Veterans Affairs,,USD,,Sex hormones and HCV-related liver disease progression,age_related_disease,age_related_disease,0.62,"Chronic HCV infection (HCV+) is the leading cause of liver disease progression to cirrhosis, liver transplant and liver cancer.",https://reporter.nih.gov/project-details/5I01CX001430-02
reporter:7R01AG079388-03,reporter,2024,US,National Institute on Aging,896914,USD,773735.33,"The Black American United Memory & Aging Project (BA-UMAP): An examination of cognitive decline in midlife and older Black adults using remote cognitive assessments, risk factors & biomarkers",age_related_disease,age_related_disease,0.95,More research on the multi-level factors impacting the higher prevalence of Alzheimer’s disease and related dementias among Black adults is critically needed.,https://reporter.nih.gov/project-details/7R01AG079388-03
reporter:1R01AG058742-01,reporter,2018,US,National Institute on Aging,552680,USD,476777.09,Cellular Aging and Rejuvenation: A Comprehensive Picture from a Dynamic and Network Perspective,fundamental_aging,fundamental_aging,0.98,Discoveries of the molecular mechanisms of aging can enable the development of new therapies to block age-associated disease and extend healthspan,https://reporter.nih.gov/project-details/1R01AG058742-01
reporter:2R01AG011728-20A1,reporter,2015,US,National Institute on Aging,397700,USD,343081.44,Telomere Replication and Senescence in Yeast,fundamental_aging,fundamental_aging,0.9,Telomere Replication and Senescence in Yeast,https://reporter.nih.gov/project-details/2R01AG011728-20A1
reporter:1R01AG061378-01,reporter,2019,US,National Institute on Aging,647594,USD,558655.97,Genomic Analysis of the CALERIE Trial to Generate New Knowledge for Geroscience,fundamental_aging,intervention,0.96,"test if the best-established geroprotective intervention in animals, long-term caloric restriction, slows the rate of biological aging in midlife humans",https://reporter.nih.gov/project-details/1R01AG061378-01
reporter:5K01AG055664-03,reporter,2020,US,National Institute on Aging,125309,USD,108099.55,Kin Networks and Old-Age Survival During the Demographic Transition,ambiguous,ambiguous,0.8,Kinship and social ties are associated with longer lives among older adults.,https://reporter.nih.gov/project-details/5K01AG055664-03
reporter:5K08HL141590-05,reporter,2024,US,National Heart Lung and Blood Institute,170748,USD,147298.14,Syndecan-1 regulation of lung fibrosis,fundamental_aging,age_related_disease,0.65,mechanisms of lung fibrosis pathogenesis with the long-term goal to identify the cellular target(s) for a novel therapeutic option for lung fibrosis,https://reporter.nih.gov/project-details/5K08HL141590-05
reporter:1R03AG078946-01,reporter,2022,US,National Institute on Aging,157500,USD,135869.57,Markers of Biological Aging in Multiple Sclerosis,fundamental_aging,fundamental_aging,0.78,Markers of Biological Aging in Multiple Sclerosis,https://reporter.nih.gov/project-details/1R03AG078946-01
reporter:4R01AG079149-02,reporter,2025,US,National Institute on Aging,1192643,USD,1028850.07,Plasma Proteomic Signatures for Alzheimer's Disease and Related Dementias,age_related_disease,age_related_disease,0.95,The objective of this study is to improve understanding of the proteomics of AD and related dementias (ADRD),https://reporter.nih.gov/project-details/4R01AG079149-02
reporter:1ZIAAG000362-14,reporter,2021,US,National Institute on Aging,47279,USD,40785.89,Aging and CR effects on the Plasma Membrane Redox System,fundamental_aging,fundamental_aging,0.7,"the plasma membrane redox system is, at least in part, responsible of the maintenance of the antioxidant capacity during oxidative stress challenges induced by the diet and aging",https://reporter.nih.gov/project-details/1ZIAAG000362-14
reporter:5P41EB015871-34,reporter,2020,US,National Institute of Biomedical Imaging and Bioengineering,160968,USD,138861.28,Multimodal multifocal confocal Raman and phase microscopy with enhanced resolution,age_related_disease,ambiguous,0.88,developing a high-speed multimodal confocal Raman and phase microscopy with enhanced resolution to enhance cellular mechanobiology studies,https://reporter.nih.gov/project-details/5P41EB015871-34
reporter:3R00AG052604-04S1,reporter,2020,US,National Institute on Aging,139448,USD,120296.76,Epigenetic Age Measures to Predict COVID-19 Symptom Progression and Severity,age_related_disease,fundamental_aging,0.88,"our group has helped develop some of the most robust biomarkers available, namely the epigenetic clocks. These measures estimate biological age",https://reporter.nih.gov/project-details/3R00AG052604-04S1
reporter:2P01AG029531-11A1,reporter,2023,US,National Institute on Aging,323389,USD,278976.02,Project 2: Role of Glycosylation in FSH Signaling in FSH Target Cells,fundamental_aging,fundamental_aging,0.86,The process of ovarian aging may lead to modifications within the transcriptome of ovarian cells,https://reporter.nih.gov/project-details/2P01AG029531-11A1
reporter:5U01AG045829-12,reporter,2025,US,National Institute on Aging,579091,USD,499560.9,Caenorhabditis Intervention Testing Program at Oregon,age_related_disease,intervention,0.95,coordinately test pharmacological interventions for their ability to extend healthy aging and promote longevity in nematodes,https://reporter.nih.gov/project-details/5U01AG045829-12
reporter:4R01AG011085-23,reporter,2016,US,National Institute on Aging,395546,USD,341223.26,Ubiquitin-mediated proteolysis and cell cycle control,ambiguous,fundamental_aging,0.7,the CRL system controls many facets of biology that impinge on disease and aging,https://reporter.nih.gov/project-details/4R01AG011085-23
reporter:1ZIAAA000125-06,reporter,2021,US,National Institute on Alcohol Abuse and Alcoholism,619324,USD,534268.46,Neuroimaging of Alcohol Addiction,ambiguous,ambiguous,0.95,Neuroimaging of Alcohol Addiction,https://reporter.nih.gov/project-details/1ZIAAA000125-06
reporter:5F31HL154782-03,reporter,2022,US,National Heart Lung and Blood Institute,38875,USD,33536.06,Nicotinamide Riboside Supplementation for Decreasing Inflammation in Middle-Aged and Older Adults,age_related_disease,fundamental_aging,0.65,Decreasing Inflammation in Middle-Aged and Older Adults,https://reporter.nih.gov/project-details/5F31HL154782-03
reporter:2T32DK007203-44,reporter,2023,US,National Institute of Diabetes and Digestive and Kidney Diseases,252329,USD,217675.12,Training Grant in Diabetes and Endocrinology to Enhance Metabolic Healthspan,age_related_disease,age_related_disease,0.82,Training Grant in Diabetes and Endocrinology to Enhance Metabolic Healthspan,https://reporter.nih.gov/project-details/2T32DK007203-44
reporter:5R01AG052978-02,reporter,2018,US,National Institute on Aging,515013,USD,444283.13,The Anti-Aging Role of Klotho in Skeletal Muscle Regeneration,fundamental_aging,fundamental_aging,0.9,"Much of this healing defect has been attributed to an age-related decrease in muscle stem, or satellite, cell (MuSC) functionality.",https://reporter.nih.gov/project-details/5R01AG052978-02
reporter:5R01HL140924-04,reporter,2021,US,National Heart Lung and Blood Institute,754578,USD,650947.2,Population-based pharmacogenomic assessment of QT prolongation,ambiguous,age_related_disease,0.65,"Cardiotoxicity of commonly prescribed medications, typically assessed by electrocardiographic features such as prolongation of the QT interval",https://reporter.nih.gov/project-details/5R01HL140924-04
reporter:5U01CA263684-04,reporter,2024,US,National Cancer Institute,348162,USD,300346.79,Aging-associated mammary cancer-initiating cells,fundamental_aging,fundamental_aging,0.82,the cellular and molecular mechanisms underlying the age-related increase in breast cancer incidence are poorly understood,https://reporter.nih.gov/project-details/5U01CA263684-04
reporter:7R01AR065493-07,reporter,2018,US,National Institute of Arthritis and Musculoskeletal and Skin Diseases,217285,USD,187443.93,Psychosocial Factors and Lupus Disease Progression Among African American Women,care,age_related_disease,0.7,Psychosocial Factors and Lupus Disease Progression Among African American Women,https://reporter.nih.gov/project-details/7R01AR065493-07
reporter:5R35GM139484-03,reporter,2023,US,National Institute of General Medical Sciences,543835,USD,469146.83,Genomic and systemic approaches to evolutionary mechanisms,ambiguous,ambiguous,0.95,This proposal centers on two related themes that are of fundamental importance to evolution: epistasis and pleiotropy.,https://reporter.nih.gov/project-details/5R35GM139484-03
reporter:5R01AG058464-05,reporter,2022,US,National Institute on Aging,687363,USD,592963.25,Imaging Genomics of the Aging Brain,ambiguous,fundamental_aging,0.85,"characterize the genetic and environmental influences on normal aging-related changes in neuroanatomic, neurophysiologic and neurocognitive indices",https://reporter.nih.gov/project-details/5R01AG058464-05
reporter:5P01AG062413-04,reporter,2022,US,National Institute on Aging,2835446,USD,2446036.92,Targeting Cellular Senescence to Extend Healthspan,fundamental_aging,intervention,0.82,reducing the burden of senescent cells in chronologically-aged mice extended healthspan,https://reporter.nih.gov/project-details/5P01AG062413-04
reporter:5R01AG041360-05,reporter,2015,US,National Institute on Aging,278248,USD,240034.51,"Estrogens, Ovarian Aging and Calcium Channel Modulation",age_related_disease,fundamental_aging,0.85,rat model of ovarian aging and menopause to test the non-genomic estrogenic mechanisms that control Ga2+ and synaptic function,https://reporter.nih.gov/project-details/5R01AG041360-05
reporter:5R01GM104231-06,reporter,2017,US,National Institute of General Medical Sciences,69641,USD,60076.78,Mechanisms of transcription initiation in mitochondria,age_related_disease,ambiguous,0.72,"Moreover, mitochondria are implicated in age-related pathology, senescence and cancer and thus represent a rational but understudied therapeutic target.",https://reporter.nih.gov/project-details/5R01GM104231-06
reporter:1R36AG087309-01,reporter,2024,US,National Institute on Aging,52082,USD,44929.26,Lamin A/C is required for maintaining subsynaptic myonuclei integrity,age_related_disease,fundamental_aging,0.84,"NMJs exhibit structural and functional disruptions including a complete loss of innervation during aging, but the mechanisms for this detrimental phenotype remain unknown.",https://reporter.nih.gov/project-details/1R36AG087309-01
reporter:5R01NS094535-06,reporter,2021,US,National Institute of Neurological Disorders and Stroke,464753,USD,400925.64,Novel Carbon Nanozyme Mechanisms for Traumatic Brain Injury,fundamental_aging,ambiguous,0.74,mechanistic understanding of the chemical basis for the excellent therapeutic actions in mild traumatic brain injury (TBI),https://reporter.nih.gov/project-details/5R01NS094535-06
reporter:271201000006I-P00002-27100008-1,reporter,2022,US,National Institute on Drug Abuse,253243,USD,218463.6,MULTIGENOTYPIC AGED MOUSE COLONY,ambiguous,fundamental_aging,0.85,"standing colony of aged, genetically defined laboratory mice for use by investigators in studies of aging",https://reporter.nih.gov/project-details/271201000006I-P00002-27100008-1
reporter:5P30AG010129-30,reporter,2020,US,National Institute on Aging,1573469,USD,1357374.91,UC Davis Alzheimer's Disease Core Center,age_related_disease,age_related_disease,0.96,The principal aim of the UC Davis ADC (UCD ADC) is to measure trajectories of cognitive change and transition to dementia,https://reporter.nih.gov/project-details/5P30AG010129-30
reporter:1R56AG059578-01,reporter,2018,US,National Institute on Aging,409375,USD,353153.04,Pre-osteoclasts in Vascular Aging,age_related_disease,fundamental_aging,0.85,bone marrow POCs from old mice (vs. young mice) underwent senescence and secreted much more PDGF-BB,https://reporter.nih.gov/project-details/1R56AG059578-01
reporter:1R43CA246874-01A1,reporter,2020,US,National Cancer Institute,384570,USD,331754.66,Metal Organic Frameworks-Based Next-Generation Sunscreens for Cancer Prevention,age_related_disease,age_related_disease,0.85,will demonstrate a promising next-generation skin cancer prevention technology,https://reporter.nih.gov/project-details/1R43CA246874-01A1
reporter:1ZIAAG000015-61,reporter,2019,US,National Institute on Aging,4887196,USD,4216007.59,The Baltimore Longitudinal Study of Aging,age_related_disease,fundamental_aging,0.95,the major research program on human aging supported by the Intramural Research Program of the NIA,https://reporter.nih.gov/project-details/1ZIAAG000015-61
reporter:1S10OD032474-01A1,reporter,2023,US,NIH Office of the Director,295000,USD,254485.85,Spatial Molecular Imager for Translational Research,age_related_disease,ambiguous,0.85,This proposal details a funding request for a commercially available NanoString Spatial Molecular Imaging (SMI) instrument,https://reporter.nih.gov/project-details/1S10OD032474-01A1
reporter:5R01AG062623-03,reporter,2021,US,National Institute on Aging,724888,USD,625334.71,Understanding Alzheimer's Disease in the Context of the Aging,age_related_disease,fundamental_aging,0.76,heterogeneous and shared mechanisms in normal aging and Alzheimer’s disease (AD),https://reporter.nih.gov/project-details/5R01AG062623-03
reporter:5R01AG038747-05,reporter,2015,US,National Institute on Aging,432777,USD,373341.1,NOVEL APPROACHES FOR REGULATION OF IGF-1 LEVELS THROUGHOUT THE LIFESPAN,age_related_disease,fundamental_aging,0.92,GH)-IGF-1 axis is a conserved pathway important for determination of both healthspan and lifespan in diverse organisms,https://reporter.nih.gov/project-details/5R01AG038747-05
reporter:5R01AG058615-03,reporter,2020,US,National Institute on Aging,324843,USD,280230.33,Dynamic imaging to guide wearable robotic intervention for enhanced mobility in aging,ambiguous,age_related_disease,0.7,"Older adults walk slower and with higher metabolic energy cost than younger adults, changes that reduce independence and quality of life.",https://reporter.nih.gov/project-details/5R01AG058615-03
reporter:5R01ES012512-16,reporter,2020,US,National Institute of Environmental Health Sciences,307800,USD,265527.95,Roles of Lig3 and XRCC1 Genes in Genome Stability,fundamental_aging,ambiguous,0.65,Roles of Lig3 and XRCC1 Genes in Genome Stability,https://reporter.nih.gov/project-details/5R01ES012512-16
reporter:5R01EY033734-03,reporter,2025,US,National Eye Institute,373390,USD,322110.08,Chromatin connects metabolism to circadian gene regulation in the aging eye,fundamental_aging,fundamental_aging,0.96,Methionine metabolism is strongly linked to aging across multiple species because restricting methionine intake extends lifespan,https://reporter.nih.gov/project-details/5R01EY033734-03
reporter:5F31CA254067-03,reporter,2022,US,National Cancer Institute,42350,USD,36533.82,Identification of a GABP Feedback Loop and its Role in Tumor Cell Immortality,fundamental_aging,age_related_disease,0.85,A fundamental hallmark of human cancers is their ability to overcome replicative senescence and achieve cellular immortality.,https://reporter.nih.gov/project-details/5F31CA254067-03
reporter:1R21AG078638-01,reporter,2022,US,National Institute on Aging,226113,USD,195059.52,Role of PD1 blockade and IL-10 during infection in aging,fundamental_aging,fundamental_aging,0.86,"immunosenescence, including inflammaging and the dysfunctional immune system, play a causal role in morbidity to infections in the elderly",https://reporter.nih.gov/project-details/1R21AG078638-01
reporter:7R33AG083302-03,reporter,2025,US,National Institute on Aging,1280881,USD,1104969.81,AI-powered cross-level cross-species omics data integration to elucidate mechanisms of EL,age_related_disease,fundamental_aging,0.95,identify the molecular causes of complicated traits such as exceptional longevity (EL),https://reporter.nih.gov/project-details/7R33AG083302-03
reporter:1R15AG053879-01,reporter,2016,US,National Institute on Aging,432774,USD,373338.51,Role of Circadian Clock Components in Apoptosis and Tauopathy in Drosophila,age_related_disease,age_related_disease,0.85,Role of Circadian Clock Components in Apoptosis and Tauopathy in Drosophila,https://reporter.nih.gov/project-details/1R15AG053879-01
reporter:5U54CA274374-04,reporter,2025,US,National Cancer Institute,315942,USD,272551.76,"The gut microbiome, interactions with primed colon states, and effects on adenoma formation and progression",fundamental_aging,age_related_disease,0.98,"colorectal adenomas, the established early lesions in colorectal cancer (CRC)",https://reporter.nih.gov/project-details/5U54CA274374-04
reporter:2P30AG062715-06,reporter,2024,US,National Institute on Aging,427625,USD,368896.65,Core F - Inclusion of Underrepresented Groups Core,age_related_disease,ambiguous,0.82,identify and resolve the barriers to research participation for African and Native Americans,https://reporter.nih.gov/project-details/2P30AG062715-06
reporter:5R01DK131175-02,reporter,2022,US,National Institute of Diabetes and Digestive and Kidney Diseases,587541,USD,506850.41,Elucidating hallmarks of aging in the development of lower urinary tract dysfunction (LUTD),fundamental_aging,fundamental_aging,0.92,Elucidating hallmarks of aging in the development of lower urinary tract dysfunction (LUTD),https://reporter.nih.gov/project-details/5R01DK131175-02
reporter:5I01RX002100-02,reporter,2019,US,Veterans Affairs,,USD,,Developing novel stem cell-based epigenetic approaches to treat hearing loss,care,age_related_disease,0.75,use stem cell-based approaches to regenerate the damaged auditory system to treat hearing loss and other inner ear disorders,https://reporter.nih.gov/project-details/5I01RX002100-02
reporter:5K01AG044462-05,reporter,2017,US,National Institute on Aging,126899,USD,109471.19,"Late life sleep disturbances: Effects on cell stress, telomerase, inflammation",fundamental_aging,fundamental_aging,0.92,"Both inflammation and cellular stress, which contribute to aging of cells, are proposed biological pathways through which sleep loss influences disease.",https://reporter.nih.gov/project-details/5K01AG044462-05
reporter:5P01AG049665-08,reporter,2022,US,National Institute on Aging,372412,USD,321266.39,"Monitoring the aging lung using genomics, proteomics and informatics",fundamental_aging,fundamental_aging,0.88,revealed the importance of both proteostasis sensitive pathways and the mitochondria in management of the aging lung,https://reporter.nih.gov/project-details/5P01AG049665-08
reporter:5P30AG059307-07,reporter,2024,US,National Institute on Aging,213175,USD,183898.38,"Longevity, Equity, and Aging Research Network (L.E.A.R.N.) Consortium Research Education Core",ambiguous,ambiguous,0.88,training promising scientists from diverse and underrepresented groups for sustained careers in research on aging with a specific focus on ‘ethnogeriatric health disparities’,https://reporter.nih.gov/project-details/5P30AG059307-07
reporter:1ZIAAG000465-02,reporter,2025,US,National Institute on Aging,68188,USD,58823.33,Analysis GPNMB + Macrophages in Skeletal Muscle Aging,fundamental_aging,fundamental_aging,0.92,We hypothesize that this cluster of GPNMB+ MΦs represent senescent SKM macrophages that may contribute to age-related SKM phenotypes.,https://reporter.nih.gov/project-details/1ZIAAG000465-02
reporter:7R01AR074079-03,reporter,2020,US,National Institute of Arthritis and Musculoskeletal and Skin Diseases,186945,USD,161270.7,Mitochondria and TFAM in Osteoblast Biology,ambiguous,age_related_disease,0.72,Mitochondria and TFAM in Osteoblast Biology ... severe low bone mass phenotype with spontaneous fractures,https://reporter.nih.gov/project-details/7R01AR074079-03
reporter:5F32HL136196-02,reporter,2018,US,National Heart Lung and Blood Institute,61174,USD,52772.6,Chromatin Content and Regenerative Potential of Cardiac Progenitor Cells,fundamental_aging,fundamental_aging,0.7,overriding senescence-induced cell cycle arrest,https://reporter.nih.gov/project-details/5F32HL136196-02
reporter:5U19AG051426-03,reporter,2018,US,National Institute on Aging,273522,USD,235957.56,Project 4 - Psychosocial Influences on Gene Expressioin in a National Sample,ambiguous,ambiguous,0.6,we will begin identifying the specific pathways that integrate the effects of genes and psychosocial environments to jointly influence targeted biological risk factors for aging-related diseases,https://reporter.nih.gov/project-details/5U19AG051426-03
reporter:5R01AG069901-02,reporter,2022,US,National Institute on Aging,566897,USD,489041.58,TargetAD: A systems multi-omics approach to drug repositioning in Alzheimer's disease,age_related_disease,age_related_disease,0.96,"Late-onset Alzheimer's Disease (AD) is a slowly progressing, untreatable neurodegenerative disorder",https://reporter.nih.gov/project-details/5R01AG069901-02
reporter:5R01CA190477-05,reporter,2020,US,National Cancer Institute,366000,USD,315734.99,Regulation of SLC7A11 by p53 in cancer metabolism,fundamental_aging,age_related_disease,0.96,Regulation of SLC7A11 by p53 in cancer metabolism,https://reporter.nih.gov/project-details/5R01CA190477-05
reporter:1R21ES033327-01,reporter,2021,US,National Institute of Environmental Health Sciences,234125,USD,201971.19,Cr(VI)-Induced DNA Damage Contributes to Brain Aging,fundamental_aging,fundamental_aging,0.86,Cr(VI)-Induced DNA Damage Contributes to Brain Aging,https://reporter.nih.gov/project-details/1R21ES033327-01
reporter:5R21HL121890-02,reporter,2015,US,National Heart Lung and Blood Institute,257085,USD,221777.95,T memory stem cell aging in HIV-1 infection,fundamental_aging,fundamental_aging,0.88,mechanisms responsible for premature immune senescence in HIV-1 infection are insufficiently understood,https://reporter.nih.gov/project-details/5R21HL121890-02
reporter:5R01AG058630-02,reporter,2019,US,National Institute on Aging,601787,USD,519139.92,Revealing muscle stem cell heterogeneity in mice and humans through deep single-cell analysis,fundamental_aging,fundamental_aging,0.92,"The dysfunction of aged MuSCs is characterized by a shift from reversible quiescence to cellular senescence, driven by elevation of the p16Ink4a cell-cycle inhibitor",https://reporter.nih.gov/project-details/5R01AG058630-02
reporter:1ZIAAG000497-01,reporter,2022,US,National Institute on Aging,55851,USD,48180.64,Impact of atherosclerosis-induced cellular senescence on vascular cognitive impairment and dementia (VCID) (Alzheimers disease),fundamental_aging,fundamental_aging,0.86,Impact of atherosclerosis-induced cellular senescence on vascular cognitive impairment and dementia (VCID),https://reporter.nih.gov/project-details/1ZIAAG000497-01
reporter:5P30AG013280-25,reporter,2019,US,National Institute on Aging,536439,USD,462766.56,Core C:  Invertebrate Longevity and Healthspan,fundamental_aging,fundamental_aging,0.92,Core C will develop new approaches and provide a range of functional assays that are highly relevant to studies of aging and healthspan in invertebrate model organisms,https://reporter.nih.gov/project-details/5P30AG013280-25
reporter:5U54AG075934-04,reporter,2024,US,National Institute on Aging,1500000,USD,1293995.86,Washington University Senescence Tissue Mapping Center (WU-SN-TMC),fundamental_aging,fundamental_aging,0.98,Cellular senescence has been characterized as a state of irreversible cell-cycle arrest coupled with a secretory program that can profoundly impact the tissue microenvironment.,https://reporter.nih.gov/project-details/5U54AG075934-04
reporter:5R01HL123160-02,reporter,2016,US,National Heart Lung and Blood Institute,746311,USD,643815.56,Ultrasound Shockwave Therapy for Post-Stenotic Microvascular Remodeling,age_related_disease,age_related_disease,0.88,Microvascular disease associated with hypertension and peripheral vascular disease is becoming increasingly common in the aging population,https://reporter.nih.gov/project-details/5R01HL123160-02
reporter:1R15GM117522-01A1,reporter,2016,US,National Institute of General Medical Sciences,432023,USD,372690.65,Novel functions of PrimPol in ribonucleotide-induced genome instability,age_related_disease,fundamental_aging,0.72,"Genome instability has long been implicated as a main causal factor in cancer, neurodegeneration and aging.",https://reporter.nih.gov/project-details/1R15GM117522-01A1
reporter:1R21AG085140-01,reporter,2024,US,National Institute on Aging,464750,USD,400923.05,Molecular mechanisms of pathological aging of human brain and adipose and their inter-organ communication,age_related_disease,fundamental_aging,0.95,Molecular mechanisms associated with pathological tissue aging can be learned by comparing the differential gene regulations between the two major subgroups.,https://reporter.nih.gov/project-details/1R21AG085140-01
reporter:5R01HL141810-04,reporter,2021,US,National Heart Lung and Blood Institute,483750,USD,417313.66,Managing the Folding Landscape in Alpha1 Liver-Lung Disease,fundamental_aging,age_related_disease,0.78,role of liver-derived plasma AAT in variant driven AATD liver and lung (chronic obstructive pulmonary disease (COPD)/emphysema (EPS)) disorders,https://reporter.nih.gov/project-details/5R01HL141810-04
reporter:5I01BX005816-04,reporter,2025,US,Veterans Affairs,,USD,,Promotion of photocarcinogenesis by the senescent field and mechanisms for field persistence,fundamental_aging,age_related_disease,0.82,Promotion of photocarcinogenesis by the senescent field and mechanisms for field persistence,https://reporter.nih.gov/project-details/5I01BX005816-04
reporter:1F30DK143709-01,reporter,2025,US,National Institute of Diabetes and Digestive and Kidney Diseases,40384,USD,34837.82,Cellular senescence in the pathogenesis of benign prostatic hyperplasia and associated lower urinary tract dysfunction,fundamental_aging,fundamental_aging,0.88,I hypothesize that age-mediated cellular senescence within the prostate drives prostatic fibrosis and therefore contributes to the development of lower urinary tract dysfunction (LUTD) and BPH.,https://reporter.nih.gov/project-details/1F30DK143709-01
reporter:1R21AG058038-01A1,reporter,2018,US,National Institute on Aging,243750,USD,210274.33,Transcriptional Regulation of Autophagy in Promoting Proteostasis Upon Hormetic Stress,fundamental_aging,fundamental_aging,0.88,"autophagy, a homeostatic cellular recycling process that plays important roles in aging and age-related diseases",https://reporter.nih.gov/project-details/1R21AG058038-01A1
reporter:3R01GM115973-07S1,reporter,2021,US,National Institute of General Medical Sciences,120626,USD,104059.7,AGE-DEPENDENT MECHANISMS OF METABOLIC RECOVERY IN HEMORRHAGIC SHOCK,ambiguous,fundamental_aging,0.72,"humanin, a mitochondrial derived peptide with putative cytoprotective properties in aging",https://reporter.nih.gov/project-details/3R01GM115973-07S1
reporter:5R01GM122080-04,reporter,2019,US,National Institute of General Medical Sciences,316399,USD,272946.0,Deciphering the Regulatory Role of Small RNAs on Alternative Splicing,age_related_disease,ambiguous,0.8,The overarching goal of this project is to develop a set of novel statistical tools to advance our knowledge of the regulatory role of small RNAs on alternative splicing.,https://reporter.nih.gov/project-details/5R01GM122080-04
reporter:1R21CA234851-01,reporter,2019,US,National Cancer Institute,208800,USD,180124.22,FoxM1 as a Novel Therapeutic Target to Overcome Ibrutinib Resistance in Mantle Cell Lymphoma,fundamental_aging,age_related_disease,0.95,FoxM1 as a Novel Therapeutic Target to Overcome Ibrutinib Resistance in Mantle Cell Lymphoma,https://reporter.nih.gov/project-details/1R21CA234851-01
reporter:5R01AG068193-04,reporter,2023,US,National Institute on Aging,595538,USD,513749.14,"Cognitive Aging, Alzheimers disease, and Cancer-related Cognitive Decline",age_related_disease,age_related_disease,0.86,test if older breast cancer survivors with CRCD have clinical-pathological features of AD,https://reporter.nih.gov/project-details/5R01AG068193-04
reporter:5R21AR078424-02,reporter,2022,US,National Institute of Arthritis and Musculoskeletal and Skin Diseases,170471,USD,147059.18,Mechanistic Determinants of Dietary Polyphenol Bioactivity in Bone,age_related_disease,age_related_disease,0.8,"bone-resorbing osteoclast formation, a key driver of bone loss in all major bone diseases, including osteoporosis",https://reporter.nih.gov/project-details/5R21AR078424-02
reporter:1ZIAAG000723-14,reporter,2021,US,National Institute on Aging,683558,USD,589680.81,DNA repair dysfunction in neurodegeneration and Alzheimer's Disease,fundamental_aging,age_related_disease,0.8,Our goal here is to determine whether changes in the formation or processing of oxidative DNA damage are associated with neurodegeneration and Alzheimers Disease (AD).,https://reporter.nih.gov/project-details/1ZIAAG000723-14
reporter:1R01HL128536-01A1,reporter,2017,US,National Heart Lung and Blood Institute,391475,USD,337711.35,A Novel Role for cMyc in Vascular Homeostasis,fundamental_aging,fundamental_aging,0.86,molecular mechanisms that regulate vascular aging and inflammation,https://reporter.nih.gov/project-details/1R01HL128536-01A1
reporter:1R03CA223619-01,reporter,2018,US,National Cancer Institute,79750,USD,68797.45,"Predicted lean body mass, fat mass, and risk of lung, pancreatic, colorectal, breast, and prostate cancers",age_related_disease,age_related_disease,0.96,explore the association between lean body mass and fat mass and the risk of major cancers,https://reporter.nih.gov/project-details/1R03CA223619-01
reporter:5R01AG055501-03,reporter,2020,US,National Institute on Aging,370700,USD,319789.51,"Human tissue specific age-related gene expression changes, their genetic regulations and the link to human diseases",ambiguous,fundamental_aging,0.95,we will define human aging gene expression signatures in more than 40 tissue types,https://reporter.nih.gov/project-details/5R01AG055501-03
reporter:5R01GM114170-05,reporter,2019,US,National Institute of General Medical Sciences,288206,USD,248624.91,Mechanistic understanding of age-dependent genetic architecture,ambiguous,fundamental_aging,0.85,Finally we will study how epistasis and aging are shaped by the function of the underlying neural circuit responsible for regulation of reproduction.,https://reporter.nih.gov/project-details/5R01GM114170-05
reporter:1R01AG049953-01,reporter,2015,US,National Institute on Aging,400288,USD,345314.01,A life course approach to integrating trauma and cognitive aging: A cohort of 9/11 responders,age_related_disease,age_related_disease,0.72,"14% screen positive for mild cognitive impairment, which precedes dementia in over 80% of cases",https://reporter.nih.gov/project-details/1R01AG049953-01
reporter:2I01RX000559-05,reporter,2015,US,Veterans Affairs,,USD,,Longitudinal Changes in Auditory Function Among Veterans with Diabetes,fundamental_aging,age_related_disease,0.86,Diabetes Mellitus (DM) is a metabolic disease that causes microvascular and neurologic complications and affects 20-30% of Veterans.,https://reporter.nih.gov/project-details/2I01RX000559-05
reporter:1ZIAAG000771-11,reporter,2018,US,National Institute on Aging,344613,USD,297285.2,Factors mediating age-associated systemic inflammation,age_related_disease,fundamental_aging,0.95,These changes are collectively referred to as inflammaging.,https://reporter.nih.gov/project-details/1ZIAAG000771-11
reporter:6RF1AG057341-02,reporter,2017,US,National Institute on Aging,642486,USD,554249.48,Systems Modeling of Alzheimers Disease in C. elegans,age_related_disease,age_related_disease,0.92,Alzheimer’s Disease (AD) is a major aging-related neurological disorder,https://reporter.nih.gov/project-details/6RF1AG057341-02
reporter:1R01AG057739-01A1,reporter,2018,US,National Institute on Aging,735027,USD,634081.26,Leveraging Neuroimaging Biomarkers to Understand the Role of Social Networks in Alzheimer's Disease,age_related_disease,age_related_disease,0.96,understand the role of personal social network dynamics in the etiology and clinical progression of mild cognitive impairment (MCI) and Alzheimer disease (AD),https://reporter.nih.gov/project-details/1R01AG057739-01A1
reporter:5R01MH115127-02,reporter,2019,US,National Institute of Mental Health,763856,USD,658951.0,Multi-component Intervention for Diabetes in Adults with Serious Mental Illness (MIDAS),age_related_disease,age_related_disease,0.86,Multi-component Intervention for Diabetes in Adults with Serious Mental Illness (MIDAS),https://reporter.nih.gov/project-details/5R01MH115127-02
reporter:2R15CA149958-02,reporter,2019,US,National Cancer Institute,406477,USD,350653.04,"Effect of the Spiroiminodihydantoin Lesion on DNA Base Pair Opening Dynamics, Nucleosome Assembly, and Base Excision Repair",age_related_disease,age_related_disease,0.7,"produces the same types of mutations found in some human lung tumors, and it has also been correlated with the progression of color cancer in mice",https://reporter.nih.gov/project-details/2R15CA149958-02
reporter:3D43TW012280-02S1,reporter,2023,US,John E. Fogarty International Center for Advanced Study in the Health Sciences,100000,USD,86266.39,Expanding the pool of Independent Investigators in Implementation Science in Nigeria throug h HIV research training (EXPAND),fundamental_aging,age_related_disease,0.7,facility-based screening for Hypertension and Associated Non-communicable Diseases in young adults living with HIV/AIDS,https://reporter.nih.gov/project-details/3D43TW012280-02S1
reporter:1R01AG052258-01,reporter,2016,US,National Institute on Aging,375000,USD,323498.96,Use of viral-vectors for studying effects of chronic inflammation on executive function,age_related_disease,fundamental_aging,0.7,role of chronic inflammation in cognitive decline during aging and Alzheimer’s disease,https://reporter.nih.gov/project-details/1R01AG052258-01
reporter:5R01MH132059-03,reporter,2025,US,National Institute of Mental Health,688776,USD,594182.19,Leucine as a Probe of Kynurenine-Induced Glutamate and Neural Circuit Dysfunction in Midlife Depression,age_related_disease,age_related_disease,0.75,Chronic inflammation and glutamate dysregulation are pathological processes that precede and hasten brain aging and degeneration in major depression (MD).,https://reporter.nih.gov/project-details/5R01MH132059-03
reporter:1R01HL172046-01,reporter,2024,US,National Heart Lung and Blood Institute,422401,USD,364390.1,"Engineered models of age-related biochemical, biophysical, and hormonal changes to elucidate mechanisms of aortic valve disease onset",fundamental_aging,age_related_disease,0.88,create in vitro tissue-engineered models that incorporate both age-related and sex-specific features in order to elucidate mechanisms responsible for the onset of AVS hallmarks,https://reporter.nih.gov/project-details/1R01HL172046-01
reporter:5R21OD033664-02,reporter,2024,US,NIH Office of the Director,195000,USD,168219.46,Danionella cerebrum as a transparent vertebrate adult model for studying immune-related biological processes and diseases,fundamental_aging,ambiguous,0.72,studying immune-related biological processes and their impact on disease progression,https://reporter.nih.gov/project-details/5R21OD033664-02
reporter:2P50AG008702-26,reporter,2015,US,National Institute on Aging,174880,USD,150862.66,Project 1 - Hippocampal circuitry and white matter abnormalities in aging and AD,age_related_disease,age_related_disease,0.78,"differences between pathological aging and normal aging, defined as having cerebrospinal fluid evidence of AD or not",https://reporter.nih.gov/project-details/2P50AG008702-26
reporter:4K25EB012236-05,reporter,2016,US,National Institute of Biomedical Imaging and Bioengineering,156982,USD,135422.71,Statistical Methods for Whole-Brain Connectivety Networks,ambiguous,ambiguous,0.78,"conditions such as aging, dyslexia, and substance abuse",https://reporter.nih.gov/project-details/4K25EB012236-05
reporter:1ZIAEY000281-25,reporter,2017,US,National Eye Institute,1417669,USD,1222971.88,Clinical/molecular Studies In Families With Congenital Or Hereditary Cataracts,ambiguous,age_related_disease,0.86,Age related cataracts are being studied by association analysis and sequencing of candidate genes,https://reporter.nih.gov/project-details/1ZIAEY000281-25
reporter:5R01DK132535-02,reporter,2023,US,National Institute of Diabetes and Digestive and Kidney Diseases,426979,USD,368339.37,Elucidating and targeting beta-cell senescence and its SASP,fundamental_aging,fundamental_aging,0.85,"elucidate the mechanisms of β-cell senescence, an aging hallmark",https://reporter.nih.gov/project-details/5R01DK132535-02
reporter:5R01AG068279-03,reporter,2022,US,National Institute on Aging,378018,USD,326102.48,Uncoupling Age- Versus Cognitive-Related Cellular Senescence in Alzheimer's Disease,fundamental_aging,fundamental_aging,0.75,Uncoupling Age- Versus Cognitive-Related Cellular Senescence in Alzheimer's Disease,https://reporter.nih.gov/project-details/5R01AG068279-03
reporter:5R01CA207130-03,reporter,2018,US,National Cancer Institute,643101,USD,554780.02,"Sleep Disturbance, Inflammation, and Cellular Aging in Breast Cancer Survivors",fundamental_aging,fundamental_aging,0.88,biological aging outcomes of cellular and transcriptional markers of inflammation and telomere erosion,https://reporter.nih.gov/project-details/5R01CA207130-03
reporter:5F99NS129108-02,reporter,2023,US,National Institute of Neurological Disorders and Stroke,35994,USD,31050.72,The contribution of cellular senescence in epileptogenesis,fundamental_aging,fundamental_aging,0.88,The contribution of cellular senescence in epileptogenesis,https://reporter.nih.gov/project-details/5F99NS129108-02
reporter:5R01HL160003-03,reporter,2024,US,National Heart Lung and Blood Institute,663087,USD,572021.22,Long-Term Endothelial Effects of COVID-19 in Obesity,fundamental_aging,age_related_disease,0.7,long-term cardiovascular effects remain unclear,https://reporter.nih.gov/project-details/5R01HL160003-03
reporter:5R01AR056019-16,reporter,2025,US,National Institute of Arthritis and Musculoskeletal and Skin Diseases,621687,USD,536306.94,Biomarkers of Tissue Tolerance and Behavior in a Rat Model,fundamental_aging,ambiguous,0.65,Repetitive overuse induced musculoskeletal injuries (MSKls) are the leading cause of pain and physical disability worldwide,https://reporter.nih.gov/project-details/5R01AR056019-16
reporter:5P40OD010964-17,reporter,2021,US,NIH Office of the Director,346618,USD,299014.84,A Resource Center for Tetrahymena Thermophila,age_related_disease,ambiguous,0.85,"including cancer, infertility, aging, respiratory and neuroendocrine dysfunction",https://reporter.nih.gov/project-details/5P40OD010964-17
reporter:1F31AG090006-01,reporter,2024,US,National Institute on Aging,45618,USD,39353.0,The Influence of Admixture on Biological Aging in the Context of Alzheimer’s Disease,fundamental_aging,fundamental_aging,0.88,"Methylation clocks, which leverage the methylation levels of multiple CpG sites across the genome have been developed to measure biological age in an individual.",https://reporter.nih.gov/project-details/1F31AG090006-01
reporter:1R56AG080101-01A1,reporter,2024,US,National Institute on Aging,381507,USD,329112.32,Role of ULK2 in selective protein degradation and protection against sarcopenia,fundamental_aging,fundamental_aging,0.82,selective degradation of toxic protein aggregates becomes defective with aging contributing to muscle dysfunction,https://reporter.nih.gov/project-details/1R56AG080101-01A1
reporter:5P50AG047270-02,reporter,2016,US,National Institute on Aging,228575,USD,197183.4,Adminstrative Core of Yale ADRC,age_related_disease,age_related_disease,0.95,to achieve its goal of understanding the cellular basis of Alzheimer's disease and translating this knowledge into effective therapy,https://reporter.nih.gov/project-details/5P50AG047270-02
reporter:5F31AG062099-02,reporter,2020,US,National Institute on Aging,45520,USD,39268.46,REGULATION OF MITOCHONDRIAL DNA-MEDIATED SIGNALING AND ITS CONTRIBUTION TO CELLULAR AND ORGANISMAL AGING,fundamental_aging,fundamental_aging,0.95,REGULATION OF MITOCHONDRIAL DNA-MEDIATED SIGNALING AND ITS CONTRIBUTION TO CELLULAR AND ORGANISMAL AGING,https://reporter.nih.gov/project-details/5F31AG062099-02
reporter:1R21AG053066-01A1,reporter,2016,US,National Institute on Aging,242500,USD,209196.0,The role of advanced glycation end products in modulating healthspan using C. elegans,ambiguous,fundamental_aging,0.86,preventing α-DC and AGE buildup is of quintessential importance for slowing aging and limiting the progression of various age-related diseases,https://reporter.nih.gov/project-details/1R21AG053066-01A1
reporter:5R01NS110776-03,reporter,2021,US,National Institute of Neurological Disorders and Stroke,366695,USD,316334.54,TRANSCRIPTIONAL DETERMINANTS OF THE FATE TRAJECTORIES OF SINGLE HUMAN GLIAL PROGENITOR CELLS IN RESPONSE TO DEMYELINATION IN VIVO,fundamental_aging,ambiguous,0.7,mitotic senescence,https://reporter.nih.gov/project-details/5R01NS110776-03
reporter:1K99NS109286-01,reporter,2018,US,National Institute of Neurological Disorders and Stroke,80838,USD,69736.02,Autophagy in aging and neurodegeneration,age_related_disease,fundamental_aging,0.83,Understanding how all stages of autophagy change with age and how autophagy is regulated during aging will be important for developing treatments for age-related neurodegenerative diseases.,https://reporter.nih.gov/project-details/1K99NS109286-01
reporter:5R01AG076515-02,reporter,2023,US,National Institute on Aging,475727,USD,410392.51,Defining the interactions of senescent immune cells and skeletal cells,fundamental_aging,fundamental_aging,0.94,Cellular senescence is now recognized as one of the fundamental aging mechanisms contributing to multiple age-related degenerative conditions,https://reporter.nih.gov/project-details/5R01AG076515-02
reporter:1ZIAHL006119-05,reporter,2015,US,National Heart Lung and Blood Institute,758899,USD,654674.78,Heatshock response and energy metabolism,age_related_disease,ambiguous,0.78,"Genetic instability plays a prominent role in biology and medicine. It is associated with diverse biological processes such as aging, developmental defects and tumorigenesis.",https://reporter.nih.gov/project-details/1ZIAHL006119-05
reporter:5R01NS119980-03,reporter,2025,US,National Institute of Neurological Disorders and Stroke,430103,USD,371034.33,Dynamin-Related Protein 1 and Mitochondrial Fission Adapters Regulate Presynaptic Function,fundamental_aging,fundamental_aging,0.65,"ameliorate neurotransmission defects due to mitochondrial dysfunction, as a way to stop disease progression to later degenerative stages, increasing healthspan",https://reporter.nih.gov/project-details/5R01NS119980-03
reporter:1R01AG082811-01,reporter,2023,US,National Institute on Aging,820469,USD,707788.99,"Cytosolic DNA, Telomeres/Subtelomeres, and Epigenetics: A Longitudinal Twin Study to Assess the Role of Genetics and Environment on their Frequency and Inter-relationships",fundamental_aging,fundamental_aging,0.95,chronicle associations between aging hallmarks and the acquisition of cyDNA,https://reporter.nih.gov/project-details/1R01AG082811-01
reporter:1F31AG055326-01,reporter,2016,US,National Institute on Aging,43576,USD,37591.44,Mitochondria-cytoskeleton communication and function in aging,fundamental_aging,fundamental_aging,0.96,Mitochondria-cytoskeleton communication and function in aging,https://reporter.nih.gov/project-details/1F31AG055326-01
reporter:5R01GM137605-04,reporter,2023,US,National Institute of General Medical Sciences,314168,USD,271021.39,Nuclear mechanobiology in confined migration,fundamental_aging,ambiguous,0.75,The central goal of this proposal is to identify the characteristic changes in chromatin organization associated with confined migration,https://reporter.nih.gov/project-details/5R01GM137605-04
reporter:1K23AG041214-01A1,reporter,2015,US,National Institute on Aging,132300,USD,114130.43,Relation of estrogen pathway genes to cognitive decline in elderly women and men,age_related_disease,age_related_disease,0.95,Relation of estrogen pathway genes to cognitive decline in elderly women and men,https://reporter.nih.gov/project-details/1K23AG041214-01A1
reporter:7R01MH115953-04,reporter,2021,US,National Institute of Mental Health,745964,USD,643516.22,THE SENDEP STUDY: LINKING MOLECULAR SENESCENCE CHANGES TO DEPRESSION AND COGNITIVE IMPAIRMENT IN LATE LIFE,fundamental_aging,fundamental_aging,0.88,LINKING MOLECULAR SENESCENCE CHANGES TO DEPRESSION AND COGNITIVE IMPAIRMENT IN LATE LIFE,https://reporter.nih.gov/project-details/7R01MH115953-04
reporter:5R01AG066162-02,reporter,2020,US,National Institute on Aging,544498,USD,469718.77,Accelerated non-atherosclerotic brain arterial aging relationship to Alzheimer's disease,age_related_disease,age_related_disease,0.78,non-atherosclerotic BAA relates to Alzheimer pathology independent of atherosclerosis and brain infarcts,https://reporter.nih.gov/project-details/5R01AG066162-02
reporter:1R56AG054207-01,reporter,2016,US,National Institute on Aging,519580,USD,448222.91,Sirtuins: novel determinants and therapeutic target in systemic sclerosis,ambiguous,ambiguous,0.65,Recent evidence suggests a biological connection between fibrosis and sirtuin (SIRT)-mediated cellular processes that govern aging.,https://reporter.nih.gov/project-details/1R56AG054207-01
reporter:1R56AG069126-01A1,reporter,2021,US,National Institute on Aging,582543,USD,502538.82,Optimizing generalizability of biomarker studies for Alzheimer’s disease and related dementias with epidemiologic tools,age_related_disease,age_related_disease,0.95,Optimizing generalizability of biomarker studies for Alzheimer’s disease and related dementias with epidemiologic tools,https://reporter.nih.gov/project-details/1R56AG069126-01A1
reporter:5P20GM130447-03,reporter,2022,US,National Institute of General Medical Sciences,314371,USD,271196.51,The Impact of Aging on the Neural and Behavioral Bases of Empathy,age_related_disease,fundamental_aging,0.78,characterizing the mechanisms underlying age-related declines in the subtypes of empathy,https://reporter.nih.gov/project-details/5P20GM130447-03
reporter:1R01CA298839-01,reporter,2025,US,National Cancer Institute,634061,USD,546981.54,Tumor-associated pDC (TApDC) in liver cancer with HIV infection,fundamental_aging,age_related_disease,0.92,liver cancer or hepatocellular carcinoma (HCC) during HIV infection and immunotherapy,https://reporter.nih.gov/project-details/1R01CA298839-01
reporter:5P01HD057877-08,reporter,2017,US,Eunice Kennedy Shriver National Institute of Child Health and Human Development,353997,USD,305380.43,AKT Pathway and Cell Fate in Uterine Leiomyomas,fundamental_aging,age_related_disease,0.65,AKT Pathway and Cell Fate in Uterine Leiomyomas,https://reporter.nih.gov/project-details/5P01HD057877-08
reporter:5R01AG075996-04,reporter,2024,US,National Institute on Aging,928646,USD,801109.39,Microbial Impact on NeuroDegeneration in Alzheimer's Dementia: MIND-AD,fundamental_aging,age_related_disease,0.85,"with: (a) cognitive decline, and adjudicated mild cognitive impairment (MCI) and dementia diagnoses; (b) plasma biomarkers of Alzheimer’s disease",https://reporter.nih.gov/project-details/5R01AG075996-04
reporter:1F32AG074641-01,reporter,2021,US,National Institute on Aging,68562,USD,59145.96,Investigation of compartmental PDHX during cellular senescence,fundamental_aging,fundamental_aging,0.98,"Cellular senescence, the process where a cell limits its proliferative ability and ceases to divide is a hallmark of aging and implicated in age-related diseases.",https://reporter.nih.gov/project-details/1F32AG074641-01
reporter:1P01AG051428-01,reporter,2016,US,National Institute on Aging,1646449,USD,1420332.13,Exploring the impact of inflammaging on immune function during M. tb infection,fundamental_aging,fundamental_aging,0.88,specific changes in inflammatory pathways (termed inflammaging) mediate unique and sub-optimal re-programming in pulmonary and systemic immunity during aging,https://reporter.nih.gov/project-details/1P01AG051428-01
reporter:5P30GM154610-02,reporter,2025,US,National Institute of General Medical Sciences,262134,USD,226133.54,Comparative Genomics and Data Science Core,ambiguous,ambiguous,0.7,provided essential support to investigators working in the Kathryn W. Davis Center for Regenerative Biology and Aging,https://reporter.nih.gov/project-details/5P30GM154610-02
reporter:5K23AG084848-02,reporter,2025,US,National Institute on Aging,161671,USD,139467.74,Associations of biological aging with outcomes and immune dysregulation in multiple sclerosis,fundamental_aging,fundamental_aging,0.85,no studies to date have investigated the role of biological aging in MS using established markers of cellular senescence (p16INK4a) and epigenetic aging,https://reporter.nih.gov/project-details/5K23AG084848-02
reporter:5R25MH108389-08,reporter,2025,US,National Institute of Mental Health,209974,USD,181136.99,Sustained Training in Aging and HIV Research (STAHR),ambiguous,ambiguous,0.85,"This application proposes to continue to develop, implement, and evaluate the highly successful ... research training program",https://reporter.nih.gov/project-details/5R25MH108389-08
reporter:3K01MH112683-03S1,reporter,2019,US,National Institute of Mental Health,127238,USD,109763.63,Depression in dementia caregivers: Linking brain structure and sleep-wake risks,age_related_disease,age_related_disease,0.75,understanding why dCGs also have higher dementia risk,https://reporter.nih.gov/project-details/3K01MH112683-03S1
reporter:1P01AG055369-01A1,reporter,2018,US,National Institute on Aging,400209,USD,345245.86,Role of the Mitochondrial Peptide Humanin in Regulating Aging and Healthspan,fundamental_aging,fundamental_aging,0.9,"humanin is a central connecting link between dietary restriction, IGF reduction, and H2S expression, integrating stress resistance and fitness during aging",https://reporter.nih.gov/project-details/1P01AG055369-01A1
reporter:5K00AG079790-03,reporter,2025,US,National Institute on Aging,76155,USD,65696.17,Elucidating the role of endocrine aging as a risk factor for Alzheimer's Disease,age_related_disease,age_related_disease,0.8,Elucidating the role of endocrine aging as a risk factor for Alzheimer's Disease,https://reporter.nih.gov/project-details/5K00AG079790-03
reporter:3R01GM121567-06S1,reporter,2022,US,National Institute of General Medical Sciences,206000,USD,177708.76,Folding and Chaperone Interactions of Multi-domain Proteins,ambiguous,fundamental_aging,0.72,define principles of co-translational folding and chaperone function to better understand how complex multi-domain proteins robustly reach their functional structures,https://reporter.nih.gov/project-details/3R01GM121567-06S1
reporter:1R21HD097763-01,reporter,2019,US,Eunice Kennedy Shriver National Institute of Child Health and Human Development,245489,USD,211774.5,Evaluating the Efficacy of a Service Dog Training Program for Military Veterans with PTSD,age_related_disease,ambiguous,0.95,Evaluating the Efficacy of a Service Dog Training Program for Military Veterans with PTSD,https://reporter.nih.gov/project-details/1R21HD097763-01
reporter:7R35GM150858-03,reporter,2024,US,National Institute of General Medical Sciences,168170,USD,145074.19,The role of mito-nuclear communication in the adaptation to mitochondrial dysfunction and stress resistance,fundamental_aging,fundamental_aging,0.88,age- and disease-associated increase of heteroplasmic mtDNA ... Disrupted mitonuclear interaction results in mitochondrial dysfunction,https://reporter.nih.gov/project-details/7R35GM150858-03
reporter:5R21AG057977-02,reporter,2019,US,National Institute on Aging,209375,USD,180620.26,Identification of Genes Important for Rejuvenation of Aged Hematopoietic Stem Cells,ambiguous,fundamental_aging,0.93,HSCs undergo complex changes in gene expression during aging. Whether these changes are responsible for HSC aging...,https://reporter.nih.gov/project-details/5R21AG057977-02
reporter:5U19AG056278-05,reporter,2020,US,National Institute on Aging,422572,USD,364537.61,Characterization of mouse models of aging carrying the identified variants associated with human longevity,fundamental_aging,fundamental_aging,0.92,use mouse models of accelerated and natural aging to not only validate the rare variants and miRNAs identified,https://reporter.nih.gov/project-details/5U19AG056278-05
reporter:1ZIAAI001382-01,reporter,2024,US,National Institute of Allergy and Infectious Diseases,553044,USD,477091.1,Genomic underpinnings of human health and disease in the context of health disparities,fundamental_aging,fundamental_aging,0.78,measures of biological aging that can be correlates of aging-related diseases and outcomes,https://reporter.nih.gov/project-details/1ZIAAI001382-01
reporter:5R01HL070241-18,reporter,2024,US,National Heart Lung and Blood Institute,665154,USD,573804.35,Insulin-Like Growth Factor-1 and Atherosclerosis,fundamental_aging,age_related_disease,0.86,IGF-1 reduces atherosclerotic burden and promotes features of plaque stability,https://reporter.nih.gov/project-details/5R01HL070241-18
reporter:1R56AG066911-01A1,reporter,2021,US,National Institute on Aging,316162,USD,272741.55,"Understanding the role of cellular senescence in osteoarthritis: dynamics, clearance, and mechanisms of induction",fundamental_aging,fundamental_aging,0.82,"The objectives are to quantify the senescence burden, examine the causal role of cell division in senescence induction, and determine the effect of senolytic clearance in aging mice.",https://reporter.nih.gov/project-details/1R56AG066911-01A1
reporter:5R21AG080339-02,reporter,2024,US,National Institute on Aging,236573,USD,204082.99,Driving Rehabilitation and Innovation for Evaluating Risk in Post-Intensive Care Unit Survivors (DRIVE-PICS),age_related_disease,age_related_disease,0.65,"Older adults are at risk for ICU-acquired cognitive decline discernible from clinical, biological, and imaging-related changes in the brain following delirium and critical illness.",https://reporter.nih.gov/project-details/5R21AG080339-02
reporter:5R01AG062328-05,reporter,2022,US,National Institute on Aging,382500,USD,329968.94,Comparative analysis of geroprotective interventions in established and novel mouse models of Alzheimer's disease,age_related_disease,intervention,0.85,"we will rigorously test four geroprotectors covering a broad range of mechanisms including the inhibition of mTOR, the activation of AMPK, and the induction of sirtuins",https://reporter.nih.gov/project-details/5R01AG062328-05
reporter:5U19AG033655-12,reporter,2020,US,National Institute on Aging,217702,USD,187803.66,Core A Admin,age_related_disease,age_related_disease,0.93,The overall objectives of the project are to further advance the study of preclinical Alzheimer’s disease,https://reporter.nih.gov/project-details/5U19AG033655-12
reporter:5P30AG083196-02,reporter,2024,US,National Institute on Aging,695521,USD,600000.86,Massachusetts Center for Alzheimer and dEmeNtia behaVIoral reSearch In minOrity agiNg (Mass-ENVISION),age_related_disease,age_related_disease,0.93,"behavioral interventions across hospital and community settings, for racial and ethnic minority older adults with Alzheimer’s Disease and Related Disorders (ADRD)",https://reporter.nih.gov/project-details/5P30AG083196-02
reporter:5F31CA294618-02,reporter,2025,US,National Cancer Institute,34934,USD,30136.3,Elucidating Glutamine Metabolism in Breast to Bone Metastasis,fundamental_aging,age_related_disease,0.92,Elucidating Glutamine Metabolism in Breast to Bone Metastasis,https://reporter.nih.gov/project-details/5F31CA294618-02
reporter:5R01CA172169-03,reporter,2015,US,National Cancer Institute,319073,USD,275252.76,PREVENTION OF PROSTATE CARCINOGENESIS BY NEXT-GENERATION SELENIUM,fundamental_aging,age_related_disease,0.95,PREVENTION OF PROSTATE CARCINOGENESIS BY NEXT-GENERATION SELENIUM,https://reporter.nih.gov/project-details/5R01CA172169-03
reporter:1R21CA297739-01A1,reporter,2025,US,National Cancer Institute,386612,USD,333516.22,"Socio-environmental Factors, Accelerated Aging, and Cancer Risks and Outcomes in Middle-Aged and Older Adults",age_related_disease,age_related_disease,0.78,"link PAC acceleration to total cancer risk, risk of smoking-related cancers, and frailty and mortality in cancer survivors",https://reporter.nih.gov/project-details/1R21CA297739-01A1
reporter:5R01AG064223-03,reporter,2022,US,National Institute on Aging,555217,USD,478965.67,Role of rare damaging mutations in aging,ambiguous,fundamental_aging,0.91,We hypothesize that burden of rare damaging variants influences lifespan and that this effect can be quantified.,https://reporter.nih.gov/project-details/5R01AG064223-03
reporter:5P20GM125503-02,reporter,2019,US,National Institute of General Medical Sciences,301166,USD,259805.04,Understanding the Negative Prognostic Impact of Intraosseous Focal Lesions in Multiple Myeloma,fundamental_aging,age_related_disease,0.96,Multiple myeloma (MM) is a plasma cell malignancy that is located in the bone marrow (BM) and remains fatal for the majority of patients.,https://reporter.nih.gov/project-details/5P20GM125503-02
reporter:1U54AG089335-01,reporter,2025,US,National Institute on Aging,1822579,USD,1572273.12,Human Virome Characterization Center for the Oral-Gut-Brain Axis,ambiguous,ambiguous,0.85,characterization of the virome and other microbiome components present in diverse sample types,https://reporter.nih.gov/project-details/1U54AG089335-01
reporter:1R21AG048176-01A1,reporter,2015,US,National Institute on Aging,248842,USD,214667.01,Myelin markers and modifiable risks of vascular aging in African Americans,age_related_disease,fundamental_aging,0.75,The aim of this research project is to address minority health disparities in vascular brain aging and to begin to identify modifiable factors,https://reporter.nih.gov/project-details/1R21AG048176-01A1
reporter:1R21DA050085-01A1,reporter,2020,US,National Institute on Drug Abuse,224250,USD,193452.38,Establishing the Neurostructural and Clinical Impact of Brain Iron Dysregulation in Cocaine Use Disorder,ambiguous,ambiguous,0.92,Cocaine use disorder (CUD) is among the few substance use disorders without an effective pharmacotherapy.,https://reporter.nih.gov/project-details/1R21DA050085-01A1
reporter:5U01AG077921-04,reporter,2024,US,National Institute on Aging,517800,USD,446687.37,Impact of the aging niche on cancer phenotypes probed using mouse cancer models produced by somatic engineering.,fundamental_aging,age_related_disease,0.82,Impact of the aging niche on cancer phenotypes probed using mouse cancer models produced by somatic engineering.,https://reporter.nih.gov/project-details/5U01AG077921-04
reporter:5F31DK117588-03,reporter,2020,US,National Institute of Diabetes and Digestive and Kidney Diseases,20124,USD,17360.25,Sirt6 NAD+-Dependent Protein Deacetylase Inhibition by Cysteine S-nitrosation,intervention,age_related_disease,0.86,The overall goal of this proposal is to elucidate the response of Sirt6 to inflammatory conditions in beta cells.,https://reporter.nih.gov/project-details/5F31DK117588-03
reporter:5R01ES027488-03,reporter,2019,US,National Institute of Environmental Health Sciences,475517,USD,410211.35,Mechanisms of AHR Metabolic Toxicity,intervention,ambiguous,0.82,This research will address a major knowledge gap in aryl hydrocarbon receptor (AHR) biology,https://reporter.nih.gov/project-details/5R01ES027488-03
reporter:1R21NR019532-01,reporter,2020,US,National Institute of Nursing Research,253875,USD,219008.8,Defining and leveraging nutritional and circadian dependencies to augment acute leukemia therapy,age_related_disease,age_related_disease,0.95,Defining and leveraging nutritional and circadian dependencies to augment acute leukemia therapy,https://reporter.nih.gov/project-details/1R21NR019532-01
reporter:1ZIAAG000993-07,reporter,2022,US,National Institute on Aging,109662,USD,94601.45,Development and validation of an epigenetic clock in Fischer 344 rats.,fundamental_aging,fundamental_aging,0.97,"epigenetic clocks are thought to estimate biological age, independently from chronological age, and predict adverse health and functional outcomes",https://reporter.nih.gov/project-details/1ZIAAG000993-07
reporter:1R21HD099573-01A1,reporter,2020,US,Eunice Kennedy Shriver National Institute of Child Health and Human Development,273630,USD,236050.72,"Heart and vascular responses across the lifespan in Ts65Dn mice, a model of Down syndrome",age_related_disease,age_related_disease,0.65,cardiovascular alterations and pulmonary hypertension,https://reporter.nih.gov/project-details/1R21HD099573-01A1
reporter:5R01EY028859-02,reporter,2019,US,National Eye Institute,498044,USD,429644.58,Exercise-induced Retinal Neuroprotection,age_related_disease,age_related_disease,0.7,exercise has protective effects on visual outcomes in disease and during aging,https://reporter.nih.gov/project-details/5R01EY028859-02
reporter:5R01AG039753-05,reporter,2015,US,National Institute on Aging,307223,USD,265030.19,Nrf2 as a regulator of health span and aging,intervention,fundamental_aging,0.9,"to provide new information on general principles of aging using Nrf2 as a specific, experimentally tractable example",https://reporter.nih.gov/project-details/5R01AG039753-05
reporter:1R56AG081351-01A1,reporter,2024,US,National Institute on Aging,400000,USD,345065.56,Multiomic methods for the characterization of cellular aging,fundamental_aging,fundamental_aging,0.98,A hallmark of cellular aging is stochastic epigenetic drift,https://reporter.nih.gov/project-details/1R56AG081351-01A1
reporter:5R01NS109910-03,reporter,2021,US,National Institute of Neurological Disorders and Stroke,322637,USD,278327.29,Novel therpeautic interventions to treat ischemic stroke,age_related_disease,age_related_disease,0.95,Novel therpeautic interventions to treat ischemic stroke,https://reporter.nih.gov/project-details/5R01NS109910-03
reporter:5R35GM139622-02,reporter,2022,US,National Institute of General Medical Sciences,395000,USD,340752.24,Control of cellular resource allocation across biological scales in microorganisms,fundamental_aging,ambiguous,0.85,Homeostasis is a fundamental feature of physiological control in all cells.,https://reporter.nih.gov/project-details/5R35GM139622-02
reporter:5R01CA192564-03,reporter,2017,US,National Cancer Institute,395434,USD,341126.64,Aging mammary stem cells and breast cancer prevention,fundamental_aging,fundamental_aging,0.78,significantly elevated senescence-associated inflammatory response (SIR) in aging mammary stromal cells and significantly elevated immune and inflammatory responses in aging MaSCs,https://reporter.nih.gov/project-details/5R01CA192564-03
reporter:5R01CA154809-05,reporter,2015,US,National Cancer Institute,479871,USD,413967.39,Non-coding RNAs for Epigenetic Transcriptional Silencing in Prostate Cancer,fundamental_aging,age_related_disease,0.91,"The long-term goal of our research is to determine the fundamental molecular mechanisms of epigenetic gene transcription in human biology and disease, particularly human prostate cancer.",https://reporter.nih.gov/project-details/5R01CA154809-05
reporter:4K00AG079792-03,reporter,2025,US,National Institute on Aging,69550,USD,59998.27,Integrating Polygenic Risk and Environmental Exposures to Uncover Biological Mechanisms Underlying Dementia in a Diverse Cohort,age_related_disease,age_related_disease,0.97,Alzheimer’s disease (AD) is a leading cause of death in developed countries.,https://reporter.nih.gov/project-details/4K00AG079792-03
reporter:3R01MH131194-02S1,reporter,2023,US,National Institute of Mental Health,249723,USD,215427.02,In Vivo Targeting of Neuroactive Steroid and Immune Networks for Depression in People Living with HIV.,age_related_disease,age_related_disease,0.75,Older people with HIV (PWH) in the United States are a rapidly expanding group and are at increased risk for depression and cognitive impairment,https://reporter.nih.gov/project-details/3R01MH131194-02S1
reporter:5R01AG068290-03,reporter,2022,US,National Institute on Aging,403750,USD,348300.55,Progranulin deficiency and microglia senescence in neurodegeneration,age_related_disease,age_related_disease,0.76,dominant mutation in human Progranulin (GRN) gene is a major cause for frontotemporal dementia (FTD),https://reporter.nih.gov/project-details/5R01AG068290-03
reporter:5K01AG080164-02,reporter,2024,US,National Institute on Aging,134535,USD,116058.49,"The Mito-Frail Trial: Effects of MitoQ on Vasodilation, Mobility and Cognitive Performance in Frail Older Adults",fundamental_aging,intervention,0.9,geroscience-guided clinical trials that have the potential to extend healthy lifespan by targeting biological aging,https://reporter.nih.gov/project-details/5K01AG080164-02
reporter:2T32AG021885-21,reporter,2024,US,National Institute on Aging,471164,USD,406456.18,Pitt Integrated Clinical and Geroscience Research Training Program,fundamental_aging,ambiguous,0.8,integrated clinical and biological perspective on aging,https://reporter.nih.gov/project-details/2T32AG021885-21
reporter:5R01AG057429-05,reporter,2020,US,National Institute on Aging,342350,USD,295332.99,Optimizing resilience assays for biology of aging research in mice,age_related_disease,fundamental_aging,0.92,Optimizing resilience assays for biology of aging research in mice,https://reporter.nih.gov/project-details/5R01AG057429-05
reporter:5P01AG051459-08,reporter,2024,US,National Institute on Aging,550744,USD,475106.97,Project 1 - Dixit,fundamental_aging,fundamental_aging,0.86,The mechanism driving of thymic aging and endogenous targets that can delay or reverse thymic involution remain unknown.,https://reporter.nih.gov/project-details/5P01AG051459-08
reporter:7RF1AG063507-02,reporter,2019,US,National Institute on Aging,1469265,USD,1267481.88,Plasma Proteome and Risk of Alzheimer Dementia and Related Endophenotypes in the Framingham Study,age_related_disease,age_related_disease,0.96,The burden of cognitive impairment and Alzheimer disease (AD) is increasing rapidly with the aging of the US population.,https://reporter.nih.gov/project-details/7RF1AG063507-02
reporter:5R01HL149352-03,reporter,2021,US,National Heart Lung and Blood Institute,788759,USD,680433.92,Nutritional Omics of Pulmonary Function Decline,age_related_disease,age_related_disease,0.85,The goal of the proposed research is to discover genetic and epigenetic factors that underlie lung function decline in middle-aged to older adults,https://reporter.nih.gov/project-details/5R01HL149352-03
reporter:1RF1AG054070-01,reporter,2016,US,National Institute on Aging,9227171,USD,7959947.38,Offpsring Study of Mechanisms for Racial Disparities in Alzheimer's Disease,age_related_disease,age_related_disease,0.9,"identify underlying biological and sociocultural mechanisms of racial/ethnic disparities in cognitive function among a middle-aged cohort of 3,000 offspring whose parents do and do not have Alzheimer's Disease (AD)",https://reporter.nih.gov/project-details/1RF1AG054070-01
reporter:1ZIAES049028-24,reporter,2020,US,National Institute of Environmental Health Sciences,43716,USD,37712.22,Environmental Exposures And Risk For Cancer and Chronic Diseases In Adults,fundamental_aging,age_related_disease,0.72,Environmental Exposures And Risk For Cancer and Chronic Diseases In Adults,https://reporter.nih.gov/project-details/1ZIAES049028-24
reporter:1R01NS114227-01A1,reporter,2021,US,National Institute of Neurological Disorders and Stroke,496397,USD,428223.78,Deep gray matter iron and disease progression in multiple sclerosis,ambiguous,age_related_disease,0.75,disease progression is linked to iron-related oligodendroglia dysfunction in the deep gray matter,https://reporter.nih.gov/project-details/1R01NS114227-01A1
reporter:5R01AG070138-02,reporter,2023,US,National Institute on Aging,613423,USD,529177.88,Adult Cognitive and Neurobiological Indicators of Aging: Impact of Adversity and Social Support,fundamental_aging,fundamental_aging,0.85,adult biobehavioral markers of aging ... accelerating aging processes ... origins of adult aging processes,https://reporter.nih.gov/project-details/5R01AG070138-02
reporter:5R01NS089737-04,reporter,2017,US,National Institute of Neurological Disorders and Stroke,339063,USD,292497.41,Regulation of Mitochondrial Quality Through Mitophagy in Alzheimer's Disease,age_related_disease,age_related_disease,0.95,Alzheimer's disease (AD) is an age-related progressive neurodegenerative disease that affects a staggering percentage of the aging population,https://reporter.nih.gov/project-details/5R01NS089737-04
reporter:1R01CA300302-01A1,reporter,2025,US,National Cancer Institute,513542,USD,443014.15,The role of p53 in regulating chaperone-mediated autophagy,fundamental_aging,age_related_disease,0.96,the consequences of this regulation on tumorigenesis. p53 holds the distinction of being the most frequently mutated gene in human tumors.,https://reporter.nih.gov/project-details/1R01CA300302-01A1
reporter:5R01AG066474-03,reporter,2022,US,National Institute on Aging,769682,USD,663976.88,Investigating the role of adipose tissue in mobility and aging (SOMMA-AT),fundamental_aging,fundamental_aging,0.88,"Cellular senescence, a phenomenon by which normal healthy cells cease to divide and therefore become programmed for cellular death, occurs in adipose tissue and is as-sociated with poorer mobility.",https://reporter.nih.gov/project-details/5R01AG066474-03
reporter:1R01GM149666-01,reporter,2023,US,National Institute of General Medical Sciences,318283,USD,274571.26,The roles of p53 and MYC dynamics in regulating heterogeneous cell fate responses to genotoxic stress,fundamental_aging,age_related_disease,0.76,their mutation predisposes human cells to cancer,https://reporter.nih.gov/project-details/1R01GM149666-01
reporter:5P20GM125526-02,reporter,2020,US,National Institute of General Medical Sciences,843067,USD,727283.47,Clinical and Translational Core,ambiguous,fundamental_aging,0.86,"provide an easily accessible, modern, and local resource for translational studies of aging",https://reporter.nih.gov/project-details/5P20GM125526-02
reporter:5R21NS109770-02,reporter,2020,US,National Institute of Neurological Disorders and Stroke,199512,USD,172111.8,Impact of radiation-induced senescence on the glioblastoma microenvironment,fundamental_aging,age_related_disease,0.82,"Radiation therapy is standard management for glioblastoma (GBM); however, these tumors invariably recur, frequently in a more aggressive and treatment-resistant manner",https://reporter.nih.gov/project-details/5R21NS109770-02
reporter:5P60AA009803-26,reporter,2019,US,National Institute on Alcohol Abuse and Alcoholism,132187,USD,114032.95,RC3: Alcohol Use Disorder & Aging in HIV: The Role of the Microbiota & Inflamm-aging,age_related_disease,fundamental_aging,0.88,We propose a model of alcohol-induced aging by which HIV and AUD interact to accelerate the rate of aging through their overlapping effects on the gastrointestinal tract microbiota,https://reporter.nih.gov/project-details/5P60AA009803-26
reporter:5R01AG067331-05,reporter,2024,US,National Institute on Aging,910978,USD,785867.84,Lowering Mitochondrial ATP Synthase Activity Slows Aging and Alzheimer's Disease,age_related_disease,intervention,0.93,"To develop geroprotectors, drugs that target aging and could be used to treat ADRDs we developed a neuro-centric geroscience platform",https://reporter.nih.gov/project-details/5R01AG067331-05
reporter:5R13AG059320-02,reporter,2019,US,National Institute on Aging,1,USD,0.86,Fourteenth & Fifteenth International Symposia on Neurobiology & Neuroendocrinology of Aging,fundamental_aging,fundamental_aging,0.9,"mechanisms of aging, with particular emphasis on CNS aging, neuroprotection and neurodegenerative disease",https://reporter.nih.gov/project-details/5R13AG059320-02
reporter:5R21EY033961-02,reporter,2024,US,National Eye Institute,192500,USD,166062.8,MIR182 and Ocular Hypertension.,fundamental_aging,age_related_disease,0.92,Lowering intraocular pressure (IOP) is the only clinical treatment for primary open-angle glaucoma (POAG),https://reporter.nih.gov/project-details/5R21EY033961-02
reporter:5F31NR016621-02,reporter,2017,US,National Institute of Nursing Research,18510,USD,15967.91,Chronic Stress and Reproductive Function in Female Cancer Survivors,age_related_disease,age_related_disease,0.7,"examine ovarian function in survivors of childhood cancer, a population at increased risk of reproductive dysfunction due to late effects of cancer treatment",https://reporter.nih.gov/project-details/5F31NR016621-02
reporter:3U54AG075941-05S1,reporter,2025,US,National Institute on Aging,342784,USD,295707.38,Extracellular Vesicles for Gaining Insights into Tissue Senescent Signatures: A SenNET Pilot and Exploratory Project,fundamental_aging,fundamental_aging,0.98,"mapping cellular senescence and its associated secretory phenotype in the healthy human kidney, adipose tissues, pancreas and placenta",https://reporter.nih.gov/project-details/3U54AG075941-05S1
reporter:2U19AG056278-07A1,reporter,2023,US,National Institute on Aging,563840,USD,486404.42,Validation and characterization of the identified variants associated with human longevity in mouse models,fundamental_aging,fundamental_aging,0.96,mechanism by which these variant gene products extend healthspan and lifespan still need to be discovered and validated in model systems,https://reporter.nih.gov/project-details/2U19AG056278-07A1
reporter:2P01AG009524-21A1,reporter,2016,US,National Institute on Aging,158896,USD,137073.84,Structure and Function Services Core,ambiguous,age_related_disease,0.88,"investigation of the neural and molecular bases of presbycusis, (age-related hearing loss – ARHL)",https://reporter.nih.gov/project-details/2P01AG009524-21A1
reporter:5R01AG059013-04,reporter,2022,US,National Institute on Aging,752143,USD,648846.62,The role of inflammation in the association between diet and Alzheimer's disease,age_related_disease,age_related_disease,0.95,The role of inflammation in the association between diet and Alzheimer's disease,https://reporter.nih.gov/project-details/5R01AG059013-04
reporter:1R01CA298935-01,reporter,2025,US,National Cancer Institute,676550,USD,583635.27,Socioeconomic and adversity-associated immunobiologic influences on pediatric hematopoietic cell transplant outcomes,fundamental_aging,age_related_disease,0.86,Socioeconomic and adversity-associated immunobiologic influences on pediatric hematopoietic cell transplant outcomes,https://reporter.nih.gov/project-details/1R01CA298935-01
reporter:1K76AG054864-01,reporter,2016,US,National Institute on Aging,167078,USD,144132.16,Long Term Outcomes of Physical Activity in Older Adults with Critical Illness,care,ambiguous,0.7,Long Term Outcomes of Physical Activity in Older Adults with Critical Illness,https://reporter.nih.gov/project-details/1K76AG054864-01
reporter:1R03AG056458-01,reporter,2017,US,National Institute on Aging,113625,USD,98020.19,Exploring the Cognitive and Quality of Life Impact of Cochlear Implantation in Older Adults,age_related_disease,age_related_disease,0.86,Age-related hearing loss and Alzheimer's disease dementia (AD) are distinct neurologic conditions that affect millions of older adults worldwide.,https://reporter.nih.gov/project-details/1R03AG056458-01
reporter:5P30AG072947-03,reporter,2023,US,National Institute on Aging,307816,USD,265541.75,Data Core,fundamental_aging,age_related_disease,0.92,focused on identifying the causes of Alzheimer’s disease and related disorders (ADRD),https://reporter.nih.gov/project-details/5P30AG072947-03
reporter:1UG3MH137353-01,reporter,2024,US,National Institute of Mental Health,1370657,USD,1182416.32,Biotype-assigned Augmentation Approach in Resistant late life Depression (BAARD),fundamental_aging,age_related_disease,0.9,"Up to half of depressed older adults do not respond to an initial antidepressant, and fewer than 20% achieve remission.",https://reporter.nih.gov/project-details/1UG3MH137353-01
reporter:5K01GM109312-03,reporter,2015,US,National Institute of General Medical Sciences,162150,USD,139880.95,Metabolomics of Aging,ambiguous,fundamental_aging,0.98,"Our research interests are in understanding dynamics of metabolites during the aging process, especially accumulation of molecular damage.",https://reporter.nih.gov/project-details/5K01GM109312-03
reporter:5F30CA180601-02,reporter,2015,US,National Cancer Institute,29766,USD,25678.05,The Role of p120ctn in Pancreatic Ductal Morphogenesis and Adenocarcinoma,fundamental_aging,age_related_disease,0.95,The Role of p120ctn in Pancreatic Ductal Morphogenesis and Adenocarcinoma,https://reporter.nih.gov/project-details/5F30CA180601-02
reporter:1R03AG085241-01,reporter,2023,US,National Institute on Aging,329056,USD,283864.73,The impact of segregation and the mediating effects of vascular risk on 10-year cognitive and functional outcomes in Black/African American older  adults enrolled in the ACTIVE study,age_related_disease,age_related_disease,0.8,"greater prevalence of Alzheimer’s disease and related dementias, as well as cardiovascular disease, among Black/African American older adults",https://reporter.nih.gov/project-details/1R03AG085241-01
reporter:4R37MH101495-10,reporter,2023,US,National Institute of Mental Health,753654,USD,650150.1,Psychobiological Mechanisms Underlying the Association Between Early Life Stress and Depression Across Adolescence,fundamental_aging,ambiguous,0.8,Association Between Early Life Stress and Depression Across Adolescence,https://reporter.nih.gov/project-details/4R37MH101495-10
reporter:1S10OD030295-01A1,reporter,2022,US,NIH Office of the Director,437500,USD,377415.46,XtremeCT II high-resolution peripheral quantitative computed tomography (HR-pQCT) scanner,age_related_disease,age_related_disease,0.75,assessing compartment-specific volumetric bone mineral density (vBMD) and bone microarchitecture in the peripheral skeleton to estimate bone strength and fracture risk,https://reporter.nih.gov/project-details/1S10OD030295-01A1
reporter:5R01AG051649-02,reporter,2017,US,National Institute on Aging,312789,USD,269831.78,Modulation of aging through mechanisms of nutrient demand and reward,age_related_disease,fundamental_aging,0.92,advances in understanding the basic biology of aging would have tremendous general health benefits,https://reporter.nih.gov/project-details/5R01AG051649-02
reporter:5R03AG067064-02,reporter,2021,US,National Institute on Aging,79937,USD,68958.76,Early life influences on Epigenetic Aging in Mexican-American children,fundamental_aging,fundamental_aging,0.9,Epigenetic clocks are highly accurate DNA methylation-based biomarkers of biological aging.,https://reporter.nih.gov/project-details/5R03AG067064-02
reporter:5R01GM141406-02,reporter,2023,US,National Institute of General Medical Sciences,328448,USD,283340.23,Uncovering the substrate recognition mechanisms of the E3 ligase adaptor cereblon,ambiguous,ambiguous,0.65,may be generated directly on the substrate during protein aging,https://reporter.nih.gov/project-details/5R01GM141406-02
reporter:5R01HL092122-07,reporter,2015,US,National Heart Lung and Blood Institute,420594,USD,362831.26,Mitochondrial Modulation of Endothelia Function,fundamental_aging,ambiguous,0.72,The long-term objective of this investigative program is to understand how mitochondria modulate endothelial function,https://reporter.nih.gov/project-details/5R01HL092122-07
reporter:5R01AG065229-02,reporter,2022,US,National Institute on Aging,617273,USD,532499.14,Comprehensive functional genomic analysis of the multi-disease associated CDKN2A/B locus,age_related_disease,fundamental_aging,0.82,"this locus may modulate these conditions by promoting aging itself, perhaps via induction of cellular senescence as a common mechanism",https://reporter.nih.gov/project-details/5R01AG065229-02
reporter:5R21AG080216-02,reporter,2024,US,National Institute on Aging,310097,USD,267509.49,The effect of aging on neurotransmitters and motor performance in a primate model,age_related_disease,fundamental_aging,0.88,"The aging brain undergoes fluctuations in neurotransmitters and gene expression, volumetric atrophy, cellular senescence",https://reporter.nih.gov/project-details/5R21AG080216-02
reporter:1ZIADK057812-10,reporter,2016,US,National Institute of Diabetes and Digestive and Kidney Diseases,447210,USD,385791.93,Mammalian L1 retrotransposons as genetic characters,age_related_disease,ambiguous,0.82,USING L1 INSERTS TO DETERMINE THE FACTORS THAT AFFECT MUTATION RATE,https://reporter.nih.gov/project-details/1ZIADK057812-10
reporter:5R01GM134716-04,reporter,2022,US,National Institute of General Medical Sciences,302725,USD,261149.93,Global Measurements of Protein Folding Stability for Characterization of Aging and Disease,age_related_disease,fundamental_aging,0.78,thermodynamic measurements of protein stability to characterize different biological states including those associated with aging and cancer,https://reporter.nih.gov/project-details/5R01GM134716-04
reporter:3P01AG054407-03S1,reporter,2020,US,National Institute on Aging,429778,USD,370753.97,Proteostasis in Aging and Neurodegenerative Disease,age_related_disease,fundamental_aging,0.91,"aging is associated with the declining capability of the protein quality control machinery, leading to protein misfolding and aggregation",https://reporter.nih.gov/project-details/3P01AG054407-03S1
reporter:1K99AG084860-01A1,reporter,2024,US,National Institute on Aging,101925,USD,87927.02,Investigating the link between propionate metabolism and aging,age_related_disease,fundamental_aging,0.95,The function of this pathway and its metabolites in cell senescence and aging remains to be identified.,https://reporter.nih.gov/project-details/1K99AG084860-01A1
reporter:5R01GM063904-21,reporter,2025,US,National Institute of General Medical Sciences,530072,USD,457273.98,Systematic Vertebrate Functional Genomics,ambiguous,ambiguous,0.72,"mitochondria have integral functions in metabolism, organ homeostasis, apoptosis and aging",https://reporter.nih.gov/project-details/5R01GM063904-21
reporter:1R35NS111604-01,reporter,2019,US,National Institute of Neurological Disorders and Stroke,1081024,USD,932560.39,Environmental biosensors in the oligodendrocyte lineage,ambiguous,ambiguous,0.72,Studying the basic mechanisms regulating the progression of progenitors into myelinating oligodendrocytes in the developing and adult brain,https://reporter.nih.gov/project-details/1R35NS111604-01
reporter:5R01DK110390-04,reporter,2020,US,National Institute of Diabetes and Digestive and Kidney Diseases,422500,USD,364475.5,Aging of the beta cell and type 2 diabetes,fundamental_aging,fundamental_aging,0.86,"Our preliminary data suggest the existence of a senescent subpopulation of beta cells that accumulates with age, expresses a unique senescence signature and displays functional decline.",https://reporter.nih.gov/project-details/5R01DK110390-04
reporter:3P20GM139760-03S2,reporter,2023,US,National Institute of General Medical Sciences,867011,USD,747939.1,Delaware Center for Musculoskeletal Research - Wang,age_related_disease,intervention,0.86,pharmaceutical clearance of senescent cells is being actively pursued in both fields using various senolytic compounds,https://reporter.nih.gov/project-details/3P20GM139760-03S2
reporter:5U19AI116491-02,reporter,2016,US,National Institute of Allergy and Infectious Diseases,436994,USD,376978.95,Gastroids and Colonoids as 4D Models of Gastrointestinal Infection,ambiguous,ambiguous,0.85,interrogate the role of human aging and biological rhythms in GI homeostatic responses to infection,https://reporter.nih.gov/project-details/5U19AI116491-02
reporter:7R01AG085469-02,reporter,2025,US,National Institute on Aging,756427,USD,652542.27,Brain and blood N-glycome profiling in Alzheimer's disease,age_related_disease,age_related_disease,0.96,Brain and blood N-glycome profiling in Alzheimer's disease,https://reporter.nih.gov/project-details/7R01AG085469-02
reporter:5R01HL114541-03,reporter,2015,US,National Heart Lung and Blood Institute,503875,USD,434674.78,Atheroprotective Gene Therapy,age_related_disease,age_related_disease,0.98,"The broad, long-term objective of this project is to develop a novel therapy that decreases the morbidity and mortality of atherosclerosis.",https://reporter.nih.gov/project-details/5R01HL114541-03
reporter:3R01AG074076-04S1,reporter,2025,US,National Institute on Aging,549581,USD,474103.69,"Late Life Learning, Dementia, and Overall Health: An Investigation of The University for Seniors in Beirut.",age_related_disease,age_related_disease,0.93,identifying factors that may confer protection for Alzheimer’s disease and related dementias (ADRD) is a global public health priority,https://reporter.nih.gov/project-details/3R01AG074076-04S1
reporter:5R00GM102372-04,reporter,2015,US,National Institute of General Medical Sciences,279874,USD,241437.2,Dynamics of cellular senescence in single human cells,fundamental_aging,fundamental_aging,0.98,The goal of this proposal is to investigate the timing and control of cellular senescence in single human cells.,https://reporter.nih.gov/project-details/5R00GM102372-04
reporter:2RF1AG032289-11,reporter,2020,US,National Institute on Aging,5127088,USD,4422953.76,Biological predictors of brain aging trajectories,age_related_disease,fundamental_aging,0.85,The better we understand the biological mechanisms that influences if and how aging affects brain structure and function,https://reporter.nih.gov/project-details/2RF1AG032289-11
reporter:1ZIAAG000359-03,reporter,2024,US,National Institute on Aging,140820,USD,121480.33,Evaluating the Cell-Type Specificity and Cellular Targets of Senotherapuetic Compounds with Unknown Mechanisms,intervention,intervention,0.88,We screened eight flavonoids for senolytic activity,https://reporter.nih.gov/project-details/1ZIAAG000359-03
reporter:1P50MD017341-01,reporter,2021,US,National Institute on Minority Health and Health Disparities,697044,USD,601314.7,"Project 1: Addressing Sleep Duration, Regularity, and Efficiency: A Multidimensional Sleep Health Intervention for Reducing Ethnic Disparities in Cardiometabolic Health (The DREAM Study)",age_related_disease,age_related_disease,0.88,Reducing Ethnic Disparities in Cardiometabolic Health (The DREAM Study),https://reporter.nih.gov/project-details/1P50MD017341-01
reporter:1T32HD083185-01,reporter,2015,US,Eunice Kennedy Shriver National Institute of Child Health and Human Development,327616,USD,282622.5,Graduate Training in Developmental Biology,fundamental_aging,ambiguous,0.8,Graduate Training in Developmental Biology,https://reporter.nih.gov/project-details/1T32HD083185-01
reporter:1R21AG047931-01A1,reporter,2015,US,National Institute on Aging,221938,USD,191457.9,Cell cycle re-entry in the aging adult brain,ambiguous,fundamental_aging,0.93,this project seeks to establish Drosophila as a genetically tractable and quickly aging model system to study and manipulate cell cycle re-entry in the aging brain,https://reporter.nih.gov/project-details/1R21AG047931-01A1
reporter:1R01AG082800-01,reporter,2023,US,National Institute on Aging,533952,USD,460621.12,Harnessing CAR T cells to deconstruct the interconnectivity among hallmarks of aging,fundamental_aging,fundamental_aging,0.86,deconstruct the interconnectivity among hallmarks of aging,https://reporter.nih.gov/project-details/1R01AG082800-01
reporter:5R01AG044376-03,reporter,2015,US,National Institute on Aging,304081,USD,262319.7,The role of cellular senescence in intervertebral disc aging,fundamental_aging,fundamental_aging,0.95,The role of cellular senescence in intervertebral disc aging,https://reporter.nih.gov/project-details/5R01AG044376-03
reporter:5U24AG056052-02,reporter,2018,US,National Institute on Aging,44957,USD,38782.78,Caenorhabditis Intervention Testing Program - Data Coordination Center,age_related_disease,intervention,0.95,test pharmacological interventions for the ability to extend healthy aging and promote longevity in nematodes,https://reporter.nih.gov/project-details/5U24AG056052-02
reporter:2I01BX004538-05,reporter,2024,US,Veterans Affairs,,USD,,Does Necroptosis Play A Role in Inflammation And Aging?,fundamental_aging,fundamental_aging,0.9,"Chronic, low-grade inflammation (inflammaging) is a hallmark of aging",https://reporter.nih.gov/project-details/2I01BX004538-05
reporter:5R01HD086487-04,reporter,2019,US,Eunice Kennedy Shriver National Institute of Child Health and Human Development,527303,USD,454885.27,Risk Profiles and Mechanisms of Disease in Maltreated Children,age_related_disease,ambiguous,0.85,Risk Profiles and Mechanisms of Disease in Maltreated Children,https://reporter.nih.gov/project-details/5R01HD086487-04
reporter:1R01DK115403-01A1,reporter,2018,US,National Institute of Diabetes and Digestive and Kidney Diseases,310797,USD,268113.35,The role of DNA damage response in chronic kidney disease,fundamental_aging,age_related_disease,0.85,The role of DNA damage response in chronic kidney disease,https://reporter.nih.gov/project-details/1R01DK115403-01A1
reporter:1R41AG080953-01A1,reporter,2023,US,National Institute on Aging,299428,USD,258305.73,Innovative medical device to treat nonunion fracture for older adults,fundamental_aging,age_related_disease,0.78,Innovative medical device to treat nonunion fracture for older adults,https://reporter.nih.gov/project-details/1R41AG080953-01A1
reporter:5R01AI108472-05,reporter,2017,US,National Institute of Allergy and Infectious Diseases,538397,USD,464455.66,Antibody Responses in HIV and Aging,fundamental_aging,fundamental_aging,0.85,"presence of HIV infection greatly increases ""inflammaging"", immune senescence",https://reporter.nih.gov/project-details/5R01AI108472-05
reporter:5U01AG086145-02,reporter,2025,US,National Institute on Aging,640435,USD,552480.16,Impact of Circadian-Microbiome Interaction on the Gut-Pancreas Axis in Aging,fundamental_aging,fundamental_aging,0.92,"why the intestinal barrier becomes dysfunctional as we age, what drives the changes in microbiome with aging and how these factors affect the quality of aging are unknown",https://reporter.nih.gov/project-details/5U01AG086145-02
reporter:2R01CA066980-21,reporter,2015,US,National Cancer Institute,365573,USD,315366.63,Biological Activity of HPV E7 in Human Epithelial Cells,fundamental_aging,age_related_disease,0.95,High-risk human papillomaviruses (HPVs) cause approximately 5% of all human cancers.,https://reporter.nih.gov/project-details/2R01CA066980-21
reporter:5F31AG084146-02,reporter,2024,US,National Institute on Aging,40203,USD,34681.68,Determining the neural mechanisms of mechanosensory food perception in DR-mediated longevity,fundamental_aging,intervention,0.95,"One of the most studied of these interventions is Dietary Restriction (DR), or a reduction in nutrient intake that does not cause malnutrition. DR can extend lifespan and healthspan across taxa",https://reporter.nih.gov/project-details/5F31AG084146-02
reporter:5R01DE028258-04,reporter,2021,US,National Institute of Dental and Craniofacial Research,378813,USD,326788.3,Post-Transcriptional Control of Aging-Associated Inflammation and Bone Homeostasis,fundamental_aging,fundamental_aging,0.9,This chronic activation of inflammation associated with aging or `inflammaging',https://reporter.nih.gov/project-details/5R01DE028258-04
reporter:3R01GM103369-04S1,reporter,2015,US,National Institute of General Medical Sciences,20533,USD,17713.08,Protein quality control mechanisms of novel soluble substrates,fundamental_aging,fundamental_aging,0.78,Protein quality control mechanisms are required for normal cellular health to prevent disease and avoid premature senescence.,https://reporter.nih.gov/project-details/3R01GM103369-04S1
reporter:5P30AG038072-10,reporter,2018,US,National Institute on Aging,77438,USD,66802.97,Einstein's Nathan Shock Center of Excellence in Basic Biology of Aging,fundamental_aging,fundamental_aging,0.88,strengthen biology of aging research for the members of the Einstein-Nathan Shock Center,https://reporter.nih.gov/project-details/5P30AG038072-10
reporter:5R21AG070356-02,reporter,2022,US,National Institute on Aging,180568,USD,155769.5,Patterns of Aging and the Role of Biomarkers of Senescence,fundamental_aging,fundamental_aging,0.96,"cellular senescence as the nexus linking subcellular changes due to epigenetic changes, DNA damage, and mitochondria dysfunction with a decline in health",https://reporter.nih.gov/project-details/5R21AG070356-02
reporter:1R41AG080990-01,reporter,2023,US,National Institute on Aging,252130,USD,217503.45,A Novel Pharmacological Inhibitor of Adenylyl Cyclase Type 5 to Treat Alzheimer's Disease,age_related_disease,age_related_disease,0.95,A Novel Pharmacological Inhibitor of Adenylyl Cyclase Type 5 to Treat Alzheimer's Disease,https://reporter.nih.gov/project-details/1R41AG080990-01
reporter:3R21AG084042-02S1,reporter,2024,US,National Institute on Aging,122066,USD,105301.93,"Dissecting connections between diet, the microbiome and Alzheimers disease",age_related_disease,age_related_disease,0.96,"Alzheimer’s Disease (AD), an age-associated illness",https://reporter.nih.gov/project-details/3R21AG084042-02S1
reporter:5F31AG082504-03,reporter,2025,US,National Institute on Aging,49538,USD,42734.64,Regulation of cellular senescence and metabolic health by dietary protein,fundamental_aging,fundamental_aging,0.82,"A hallmark of aging, cellular senescence (CS), is an apoptotic-resistant, cell-cycle arrested state induced by various stressors.",https://reporter.nih.gov/project-details/5F31AG082504-03
reporter:2R01AG030593-16,reporter,2024,US,National Institute on Aging,455571,USD,393004.66,Modulation of aging by Sensory Perception,intervention,fundamental_aging,0.94,define a mechanistic framework for sensory modulation of aging by revealing neural circuits and signaling pathways,https://reporter.nih.gov/project-details/2R01AG030593-16
reporter:1ZIAAG000456-01,reporter,2019,US,National Institute on Aging,54095,USD,46665.8,Dysfunctional lipid metabolism in Alzheimer's Disease,fundamental_aging,age_related_disease,0.96,Dysfunctional lipid metabolism in Alzheimer's Disease,https://reporter.nih.gov/project-details/1ZIAAG000456-01
reporter:5R21AI172772-02,reporter,2024,US,National Institute of Allergy and Infectious Diseases,230250,USD,198628.36,Irreversible Proviral Silencing in Myeloid Cells,ambiguous,ambiguous,0.9,"In the pursuit of strategies with which to cure HIV-1 infection, most of the attention has been on mechanisms that govern HIV-1 persistence in CD4+ T cell reservoirs",https://reporter.nih.gov/project-details/5R21AI172772-02
reporter:5U01AG075227-05,reporter,2025,US,National Institute on Aging,381504,USD,329109.73,Role of senescence in multiple myeloma tumorigenesis,fundamental_aging,fundamental_aging,0.62,aging and tumorigenesis exhibit shared mechanisms. One of these shared mechanisms is cellular senescence.,https://reporter.nih.gov/project-details/5U01AG075227-05
reporter:5T32AG023482-14,reporter,2018,US,National Institute on Aging,142848,USD,123229.81,Aging Health and Health Services Research Training,ambiguous,care,0.75,integration of Epidemiological and Biostatistics methods into Health Services Research with applications in aging,https://reporter.nih.gov/project-details/5T32AG023482-14
reporter:5R01EY027011-04,reporter,2020,US,National Eye Institute,113722,USD,98103.86,Molecular Mechanisms of Glaucoma,fundamental_aging,age_related_disease,0.86,"Glaucoma is a group of optic neuropathies characterized by slow, progressive loss of retinal ganglion cells (RGCs), optic nerve degeneration and as a consequence, vision loss.",https://reporter.nih.gov/project-details/5R01EY027011-04
reporter:1R13AG055294-01,reporter,2016,US,National Institute on Aging,50000,USD,43133.2,Biological Sciences Program at the Gerontological Society of America's Annual Scientific Meeting,ambiguous,fundamental_aging,0.9,highlight the highest-quality research with translational potential in the biology of aging,https://reporter.nih.gov/project-details/1R13AG055294-01
reporter:1R01AG059743-01,reporter,2018,US,National Institute on Aging,402495,USD,347217.91,"Economic distress and growing educational disparities in life expectancy: Weathering, high effort coping, and despair",fundamental_aging,ambiguous,0.78,"Economic distress and growing educational disparities in life expectancy: Weathering, high effort coping, and despair",https://reporter.nih.gov/project-details/1R01AG059743-01
reporter:5U19AG057377-02,reporter,2019,US,National Institute on Aging,857239,USD,739509.14,Project 3: Systems Biology Multi-Omic Studies Of Healthy Aging In Companion Dogs,ambiguous,fundamental_aging,0.95,"using the companion dog as a powerful new model of aging, and focusing on several key mechanisms linking genetic and environmental factors to aging phenotypes",https://reporter.nih.gov/project-details/5U19AG057377-02
reporter:5P01AG017242-26,reporter,2021,US,National Institute on Aging,433338,USD,373825.05,Genome maintenance and cell fate responses,fundamental_aging,fundamental_aging,0.95,DNA damage and its sequelae are now recognized as major drivers of aging.,https://reporter.nih.gov/project-details/5P01AG017242-26
reporter:1RF1AG083801-01,reporter,2023,US,National Institute on Aging,2399582,USD,2070032.78,Alzheimer's disease-specific extracellular vesicles: from pathology to novel biomarker discovery,age_related_disease,age_related_disease,0.96,Alzheimer’s disease (AD) is one of the most devastating neurological diseases characterized by progressive cognitive impairments,https://reporter.nih.gov/project-details/1RF1AG083801-01
reporter:5R21AG078630-02,reporter,2023,US,National Institute on Aging,155500,USD,134144.24,Stress-stimulated immune profiles and cardiometabolic risk during the menopausal transition,ambiguous,age_related_disease,0.85,"predict cardiometabolic risk in perimenopausal women, an aging population characterized by high stress burden",https://reporter.nih.gov/project-details/5R21AG078630-02
reporter:1RF1AG088009-01,reporter,2024,US,National Institute on Aging,2288528,USD,1974230.5,Mild Cognitive Impairment and Alzheimer's Disease and Related Dementias: Cross-national longitudinal prognosis and risk factors,age_related_disease,age_related_disease,0.97,Mild Cognitive Impairment and Alzheimer's Disease and Related Dementias: Cross-national longitudinal prognosis and risk factors,https://reporter.nih.gov/project-details/1RF1AG088009-01
reporter:3R01AG027060-12S1,reporter,2022,US,National Institute on Aging,421229,USD,363379.05,"FOXO3 Genotype, InflammAging, Cardiovascular Disease, and Dementia. Kuakini Hawaii Lifespan Study III. Administrative Supplement.",age_related_disease,fundamental_aging,0.85,Hypothesis: FOXO3 reduces mortality through a cytokine-mediated anti-inflammatory pathway.,https://reporter.nih.gov/project-details/3R01AG027060-12S1
reporter:5P30MH090333-05,reporter,2015,US,National Institute of Mental Health,1543178,USD,1331243.96,ACISR for Late-Life Depression Prevention,care,age_related_disease,0.78,ACISR for Late-Life Depression Prevention,https://reporter.nih.gov/project-details/5P30MH090333-05
reporter:5R01AG054130-02,reporter,2017,US,National Institute on Aging,462821,USD,399258.97,INtervention for Cognitive Reserve Enhancement in delaying the onset of Alzheimer’s Symptomatic Expression: The INCREASE study,age_related_disease,age_related_disease,0.96,Alzheimer's disease (AD) represents one of the most important public health issues our society is facing today.,https://reporter.nih.gov/project-details/5R01AG054130-02
reporter:5F32AG087622-02,reporter,2025,US,National Institute on Aging,50690,USD,43728.43,"Determining the influence of metformin treatment on mitochondrial calcium flux during aerobic exercise training of healthy, aging rats",fundamental_aging,intervention,0.92,"Metformin (MET), the most widely prescribed medication for treating type 2 diabetes, is increasingly recognized for its healthspan extension effects.",https://reporter.nih.gov/project-details/5F32AG087622-02
reporter:5R01GM120430-02,reporter,2018,US,National Institute of General Medical Sciences,376355,USD,324667.87,"High-resolution, genome-scale mapping of natural variation between reproductively isolated individuals",ambiguous,fundamental_aging,0.82,we will uncover alleles that have arisen in wild species to boost healthspan and stress resistance,https://reporter.nih.gov/project-details/5R01GM120430-02
reporter:5R35CA197289-06,reporter,2020,US,National Cancer Institute,854225,USD,736909.08,Bio-behavioral Research At The Intersection of Cancer and Aging,age_related_disease,age_related_disease,0.85,"Most of these older survivors are interested in and will benefit from systemic therapies. However, these treatments often have adverse effects on function",https://reporter.nih.gov/project-details/5R35CA197289-06
reporter:1UG3CA275697-01,reporter,2022,US,National Cancer Institute,475000,USD,409765.36,Spatially-resolved proteome mapping of senescent cells and their tissue microenvironment at single-cell resolution,fundamental_aging,fundamental_aging,0.95,Cellular senescence is a permanent state of cell cycle arrest induced by many different stresses.,https://reporter.nih.gov/project-details/1UG3CA275697-01
reporter:5R01AG084206-03,reporter,2025,US,National Institute on Aging,600317,USD,517871.81,Molecular and Cell Biological Foundations of Proteostress-Induced Neuronal Extrusion,fundamental_aging,fundamental_aging,0.72,Healthy aging of the brain is highly dependent upon a range of protein quality control systems,https://reporter.nih.gov/project-details/5R01AG084206-03
reporter:5R00AG075327-04,reporter,2025,US,National Institute on Aging,244020,USD,210507.25,"Identity influences on psychosocial traits, biologic age, and cardiovascular disease disparities",fundamental_aging,fundamental_aging,0.78,"Epigenetic “clocks”, or measures of DNA methylation-based predictors of chronological age, health, and mortality may serve as useful markers",https://reporter.nih.gov/project-details/5R00AG075327-04
reporter:1R21AR084251-01,reporter,2024,US,National Institute of Arthritis and Musculoskeletal and Skin Diseases,199496,USD,172098.0,Pathways regulating profibrotic macrophages in a novel explant model of systemic sclerosis-associated interstitial lung disease,fundamental_aging,age_related_disease,0.65,Pathways regulating profibrotic macrophages in a novel explant model of systemic sclerosis-associated interstitial lung disease,https://reporter.nih.gov/project-details/1R21AR084251-01
reporter:5R01AG081734-03,reporter,2025,US,National Institute on Aging,634169,USD,547074.71,Role of DNA damage and cellular senescence in osteoarthritis pathophysiology,fundamental_aging,fundamental_aging,0.86,"Senescent cells within joint tissues contribute to OA, but there is a knowledge gap regarding the triggers by which decades of aging initiate cellular senescence.",https://reporter.nih.gov/project-details/5R01AG081734-03
reporter:5K25AG083057-03,reporter,2025,US,National Institute on Aging,148581,USD,128175.47,Identification and characterization of molecular subtypes of Alzheimer's disease associated with cognitive function through cross-omics data integration,age_related_disease,age_related_disease,0.96,Identification and characterization of molecular subtypes of Alzheimer's disease associated with cognitive function through cross-omics data integration,https://reporter.nih.gov/project-details/5K25AG083057-03
reporter:5R01AG046231-04,reporter,2019,US,National Institute on Aging,634965,USD,547761.39,Reduced Glomerular Progenitors Impair Regeneration in Aged Kidney,fundamental_aging,fundamental_aging,0.93,"The goal of this grant proposal is to identify novel mechanisms underlying changes in the aging kidney, with a focus on the glomerulus",https://reporter.nih.gov/project-details/5R01AG046231-04
reporter:6K23AG051148-02,reporter,2015,US,National Institute on Aging,122040,USD,105279.5,Effect of longevity genomes on the GH/IGF-1 phenotype and disease-free survival,age_related_disease,fundamental_aging,0.9,discovery of genomic mechanisms that protect against age-associated diseases,https://reporter.nih.gov/project-details/6K23AG051148-02
reporter:5U01AG012495-24,reporter,2017,US,National Institute on Aging,1350947,USD,1165413.22,Study of Women's Health Across the Nation (SWAN) V: Central Laboratory,age_related_disease,fundamental_aging,0.7,characterize the chronology of the biological and psychosocial antecedents and sequelae of the menopausal transition,https://reporter.nih.gov/project-details/5U01AG012495-24
reporter:5R01AG079990-03,reporter,2025,US,National Institute on Aging,188964,USD,163012.42,"The impact of early-life nutrition on socioeconomic status, physical health and cognitive function  through middle age",ambiguous,ambiguous,0.75,whether early-life nutrition affects the pace of these declines,https://reporter.nih.gov/project-details/5R01AG079990-03
reporter:5K01AG043417-03,reporter,2016,US,National Institute on Aging,123929,USD,106909.08,How Does Marriage Get Under the Skin? An Integrative Social and Biological Approa,age_related_disease,ambiguous,0.7,understand the biological process of marital relationships that affect health,https://reporter.nih.gov/project-details/5K01AG043417-03
reporter:5P20GM130457-05,reporter,2024,US,National Institute of General Medical Sciences,224249,USD,193451.52,The impact of p53 variants on liver disease,fundamental_aging,age_related_disease,0.92,"Over 30% of these mice developed hepatocellular carcinoma (HCC), the most common type of liver cancer.",https://reporter.nih.gov/project-details/5P20GM130457-05
reporter:1I01BX006508-01A1,reporter,2025,US,Veterans Affairs,,USD,,BCCMA: Recovery of Aged Muscle After Disuse Atrophy (REMEDY): Targeting energetics and proteostasis in recovery from disuse atrophy,fundamental_aging,fundamental_aging,0.82,"other protein quality control (i.e., proteostatic) mechanisms fail in old muscle",https://reporter.nih.gov/project-details/1I01BX006508-01A1
reporter:5U01AG022308-15,reporter,2018,US,National Institute on Aging,1749997,USD,1509659.25,Interventions that Retard Mammalian Aging,intervention,intervention,0.98,The NIA Interventions Testing Program is a multi-site translational research program to evaluate agents hypothesized to extend mouse lifespan,https://reporter.nih.gov/project-details/5U01AG022308-15
reporter:5R21AG065748-02,reporter,2021,US,National Institute on Aging,187641,USD,161871.12,Monoalleleic autosomal spreading of a novel family of nucleolus-localized ncRNAs,fundamental_aging,fundamental_aging,0.82,There is growing evidence ascribing an essential role for the nucleolus in cellular aging.,https://reporter.nih.gov/project-details/5R21AG065748-02
reporter:5R01AG084156-03,reporter,2025,US,National Institute on Aging,606677,USD,523358.35,The regulation of cancer and aging by methionine,age_related_disease,intervention,0.9,"methionine restriction (MR), a dietary intervention that extends longevity and improves metabolic health in mice",https://reporter.nih.gov/project-details/5R01AG084156-03
reporter:2P30AG028740-11,reporter,2017,US,National Institute on Aging,130190,USD,112310.21,Metabolism and Translational Science Core (RC 2),fundamental_aging,fundamental_aging,0.86,conducts translational research with biomarkers to determine mechanisms of this age-related mobility loss,https://reporter.nih.gov/project-details/2P30AG028740-11
reporter:5R01AG056144-02,reporter,2019,US,National Institute on Aging,453868,USD,391535.54,KLF4 in joint degradation and regeneration,age_related_disease,age_related_disease,0.91,Aging and Osteoarthritis (OA) related changes in joint tissues are in part due to an imbalance in expression of cartilage matrix genes,https://reporter.nih.gov/project-details/5R01AG056144-02
reporter:5R01AR082307-03,reporter,2025,US,National Institute of Arthritis and Musculoskeletal and Skin Diseases,621147,USD,535841.1,"Novel mechanisms of muscle and bone loss with HIV infection, antiretroviral therapy, and aging.",age_related_disease,fundamental_aging,0.86,Recent studies identify the aryl hydrocarbon receptor (AhR) as playing a key role in regulating organismal aging and lifespan.,https://reporter.nih.gov/project-details/5R01AR082307-03
reporter:7R01AG071228-02,reporter,2021,US,National Institute on Aging,613840,USD,529537.61,Exosome biology in Alzheimer's disease and concussion,age_related_disease,age_related_disease,0.9,The overall hypothesis of this project is that exosome alterations after repeated mTBIs reflect and contribute to long-term risk for AD/ADRD.,https://reporter.nih.gov/project-details/7R01AG071228-02
reporter:1F31LM014194-01,reporter,2023,US,National Library of Medicine,47694,USD,41143.89,Machine learning methods for the analysis and modeling of spatial proteomics data,age_related_disease,ambiguous,0.82,"critical for studying human-related processes and biological systems such as development, aging, and disease",https://reporter.nih.gov/project-details/1F31LM014194-01
reporter:2R01HL098028-05A1,reporter,2017,US,National Heart Lung and Blood Institute,429529,USD,370539.16,Multi-Scale Integration of Extracellular Matrix Mechanics in Vascular Remodeling,age_related_disease,age_related_disease,0.88,Increased stiffness in large elastic arteries is a significant contributor to the progression of cardiovascular disease.,https://reporter.nih.gov/project-details/2R01HL098028-05A1
reporter:1C06OD028362-01,reporter,2019,US,NIH Office of the Director,8000000,USD,6901311.25,Renovation and Construction for New Translational Research Animal Facility,age_related_disease,ambiguous,0.82,"four key thematic areas of research: cancer, diabetes, geroscience, and infectious diseases",https://reporter.nih.gov/project-details/1C06OD028362-01
reporter:3P51OD011092-57S2,reporter,2016,US,NIH Office of the Director,198340,USD,171100.76,SUPPORT FOR NATIONAL PRIMATE RESEARCH CENTER,age_related_disease,ambiguous,0.78,support is requested in eight broad areas,https://reporter.nih.gov/project-details/3P51OD011092-57S2
reporter:5P30DK079307-13,reporter,2020,US,National Institute of Diabetes and Digestive and Kidney Diseases,85109,USD,73420.46,Animal and Translational Core,age_related_disease,age_related_disease,0.82,mitochondrial dysfunction is considered a fundamental process underlying age-related kidney disease,https://reporter.nih.gov/project-details/5P30DK079307-13
reporter:5R01AG049789-05,reporter,2019,US,National Institute on Aging,1333647,USD,1150489.13,Neural signatures of healthy and unhealthy aging,age_related_disease,fundamental_aging,0.78,Neural signatures of healthy and unhealthy aging,https://reporter.nih.gov/project-details/5R01AG049789-05
reporter:5P01AG026572-13,reporter,2018,US,National Institute on Aging,374562,USD,323121.12,Animal Core B,age_related_disease,fundamental_aging,0.6,discover biological transformations in brain that occur during the perimenopausal transition,https://reporter.nih.gov/project-details/5P01AG026572-13
reporter:5R01CA220254-03,reporter,2020,US,National Cancer Institute,796841,USD,687405.97,Contextual and Health Behavior Effects on Epigenetic Aging Among African Americans,ambiguous,fundamental_aging,0.93,"epigenetic aging (epi-A) —i.e., the difference between chronological age, and biological age, based on epigenetic changes in DNA methylation.",https://reporter.nih.gov/project-details/5R01CA220254-03
reporter:5R01AG074345-03,reporter,2025,US,National Institute on Aging,381011,USD,328684.44,"Epigenetic Aging Biomarkers of Mild Cognitive Impairment, Alzheimer's Disease and Related Dementias, and Brain Aging",age_related_disease,fundamental_aging,0.85,"Epigenetic Aging Biomarkers of Mild Cognitive Impairment, Alzheimer's Disease and Related Dementias, and Brain Aging",https://reporter.nih.gov/project-details/5R01AG074345-03
reporter:1R01AG064877-01A1,reporter,2021,US,National Institute on Aging,2243331,USD,1935240.68,Genetic Architecture of Alzheimer’s disease Proteinopathies,age_related_disease,age_related_disease,0.92,In order to enhance and focus research on Alzheimer's disease (AD)-specific proteinopathies,https://reporter.nih.gov/project-details/1R01AG064877-01A1
reporter:1R21OD030107-01,reporter,2021,US,NIH Office of the Director,282750,USD,243918.22,"Building transgenic tools in Acomys cahirinus, an emerging model for mammalian regenerative biology and healthy aging",ambiguous,fundamental_aging,0.75,an emerging model for mammalian regenerative biology and healthy aging,https://reporter.nih.gov/project-details/1R21OD030107-01
reporter:5R21AG066552-02,reporter,2021,US,National Institute on Aging,254250,USD,219332.3,Clonal Hematopoeisis in HIV and Aging,age_related_disease,fundamental_aging,0.86,Our overarching hypothesis is that CH is more prevalent in PLWH and contributes to accentuated/accelerated aging.,https://reporter.nih.gov/project-details/5R21AG066552-02
reporter:1ZIAAG000931-07,reporter,2025,US,National Institute on Aging,164269,USD,141708.94,ALZHEIMERS RESEARCH PROJECT:  Genetic Variants Associated with Alzheimer's disease and Related Dementias,age_related_disease,age_related_disease,0.9,ALZHEIMERS RESEARCH PROJECT: Genetic Variants Associated with Alzheimer's disease and Related Dementias,https://reporter.nih.gov/project-details/1ZIAAG000931-07
reporter:5U19AG066567-03,reporter,2023,US,National Institute on Aging,1622000,USD,1399240.86,Adult Changes in Thought (ACT) Research Program Core F:  Data and Analysis Core,age_related_disease,age_related_disease,0.82,brain aging and factors across the life course that influence cognitive outcomes and dementia,https://reporter.nih.gov/project-details/5U19AG066567-03
reporter:1R01AG082785-01,reporter,2023,US,National Institute on Aging,557108,USD,480596.96,Nucleus-to-cytoplasm trafficking of chromatin fragments in senescence and aging,fundamental_aging,fundamental_aging,0.98,Cellular senescence is a stable form of cell cycle arrest program associated with pro-inflammatory responses.,https://reporter.nih.gov/project-details/1R01AG082785-01
reporter:5R01AG081223-03,reporter,2025,US,National Institute on Aging,657178,USD,566923.74,A population-based study of deep learning derived organ and tissue measures for accelerated aging using repurposed abdominal CT images,fundamental_aging,fundamental_aging,0.94,"Quantitative measures of the organs and tissues on abdominal CT may predict organ-specific diseases, or in combination, may be used to calculate biological age",https://reporter.nih.gov/project-details/5R01AG081223-03
reporter:5R13AG085942-02,reporter,2025,US,National Institute on Aging,1,USD,0.86,Sixteenth and Seventeenth International Symposia on Neurobiology and Neuroendocrinology of Aging,fundamental_aging,fundamental_aging,0.95,"the study of mechanisms of aging, with particular emphasis on CNS aging, neuroprotection, and neurodegenerative disease",https://reporter.nih.gov/project-details/5R13AG085942-02
reporter:5R01HL131782-03,reporter,2019,US,National Heart Lung and Blood Institute,533815,USD,460502.93,Monomeric G-proteins and Cardioprotection from Heart Failure,fundamental_aging,age_related_disease,0.85,Monomeric G-proteins and Cardioprotection from Heart Failure,https://reporter.nih.gov/project-details/5R01HL131782-03
reporter:5R16GM145482-03,reporter,2024,US,National Institute of General Medical Sciences,147296,USD,127066.94,Intergenerational Effects of Stress among Low-Income Pregnant Mothers & their Infants,fundamental_aging,fundamental_aging,0.7,telomeres (DNA segments that measure disease risk and biological aging),https://reporter.nih.gov/project-details/5R16GM145482-03
reporter:5R01GM120762-08,reporter,2018,US,National Institute of General Medical Sciences,521578,USD,449946.51,Pharmacologic Treatment of Mitochondrial Complex I Dysfunction in C. Elegans,intervention,ambiguous,0.65,Pharmacologic Treatment of Mitochondrial Complex I Dysfunction in C. Elegans,https://reporter.nih.gov/project-details/5R01GM120762-08
reporter:5R01EY033765-02,reporter,2023,US,National Eye Institute,457393,USD,394576.43,The role of epigenetics in RPE heterogeneity with early AMD,ambiguous,age_related_disease,0.95,The role of epigenetics in RPE heterogeneity with early AMD,https://reporter.nih.gov/project-details/5R01EY033765-02
reporter:5R33AG058738-04,reporter,2021,US,National Institute on Aging,792718,USD,683849.21,Interdisciplinary Infrastructure for Aging Research: Rochester Epidemiology Project,intervention,fundamental_aging,0.7,developing new approaches to collecting data to answer important scientific questions about mechanisms of aging,https://reporter.nih.gov/project-details/5R33AG058738-04
reporter:5R01AG068937-04,reporter,2024,US,National Institute on Aging,573923,USD,495102.66,Social Circumstances and Epigenomics Promoting Health in Three Countries,age_related_disease,fundamental_aging,0.82,The project will also examine how epigenetic changes in turn are associated with health after age 50.,https://reporter.nih.gov/project-details/5R01AG068937-04
reporter:3R35GM139653-02S1,reporter,2022,US,National Institute of General Medical Sciences,248711,USD,214554.0,Interplay Between Nuclear Organization and Function,age_related_disease,ambiguous,0.85,Interplay Between Nuclear Organization and Function,https://reporter.nih.gov/project-details/3R35GM139653-02S1
reporter:5R01AG041870-04,reporter,2015,US,National Institute on Aging,333073,USD,287330.06,Molecular mechanisms of nervous system protection,fundamental_aging,fundamental_aging,0.95,"elucidate the mechanisms by which neurons age, how brain function is affected by aging and how, in turn, this is related to aging of the whole body",https://reporter.nih.gov/project-details/5R01AG041870-04
reporter:1R13CA216980-01,reporter,2017,US,National Cancer Institute,15000,USD,12939.96,2017 Polyamines Gordon Research Conference and Gordon Research Seminar,age_related_disease,age_related_disease,0.78,A major focus for the 2017 Polyamines GRC is targeting polyamine pathways in cancer development and in other pathogenic and infectious diseases.,https://reporter.nih.gov/project-details/1R13CA216980-01
reporter:1R01HL146442-01A1,reporter,2019,US,National Heart Lung and Blood Institute,699682,USD,603590.41,PIMT1 in Red Blood Cell aging in vivo and in vitro,fundamental_aging,fundamental_aging,0.92,we propose to study the role of PIMT1 in cellular aging,https://reporter.nih.gov/project-details/1R01HL146442-01A1
reporter:5R01HD107034-02,reporter,2023,US,Eunice Kennedy Shriver National Institute of Child Health and Human Development,235138,USD,202845.07,Cellular metabolism at the crossroads of skeletal regeneration,ambiguous,ambiguous,0.65,"mice exhibit impaired regeneration during aging, and that this impairment is linked to increased expression of glycolysis and oxidative phosphorylation (OxPhos) genes",https://reporter.nih.gov/project-details/5R01HD107034-02
reporter:1F32AG052275-01,reporter,2015,US,National Institute on Aging,56042,USD,48345.41,A new proteostasis checkpoint in Drosophila intestinal stem cells: implications for age-related tissue dysfunction,age_related_disease,fundamental_aging,0.96,Loss of proteostasis is a hallmark of aging.,https://reporter.nih.gov/project-details/1F32AG052275-01
reporter:3R01AG060931-04S1,reporter,2022,US,National Institute on Aging,73689,USD,63568.84,Social modifiers of the pace of aging across multiple domains and tissues,fundamental_aging,fundamental_aging,0.95,Social modifiers of the pace of aging across multiple domains and tissues,https://reporter.nih.gov/project-details/3R01AG060931-04S1
reporter:2R35GM118109-06,reporter,2021,US,National Institute of General Medical Sciences,719438,USD,620633.2,Mechanisms linking replication stress to genome instability in fission yeast,age_related_disease,ambiguous,0.7,"Such instability is characteristic of cancer, as well as certain developmental and neurological defects, and aging.",https://reporter.nih.gov/project-details/2R35GM118109-06
reporter:5R01AG047245-04,reporter,2020,US,National Institute on Aging,484344,USD,417826.09,Sex-specific adaptation to different resistance exercise programs in older adults,ambiguous,intervention,0.7,development of exercise interventions to optimally improve skeletal muscle function in older adults,https://reporter.nih.gov/project-details/5R01AG047245-04
reporter:1K23NS114167-01A1,reporter,2020,US,National Institute of Neurological Disorders and Stroke,191432,USD,165141.48,The Role of Alzheimer's Disease Genetic Risk in Predicting Parkinson's Disease Dementia,age_related_disease,age_related_disease,0.95,The Role of Alzheimer's Disease Genetic Risk in Predicting Parkinson's Disease Dementia,https://reporter.nih.gov/project-details/1K23NS114167-01A1
reporter:5R01AG066192-09,reporter,2024,US,National Institute on Aging,347475,USD,299754.14,NAD Metabolism in Aging and Disease: Dysfunction and Intervention,fundamental_aging,fundamental_aging,0.82,"deficits in NAD+ metabolism as a potentially pleiotropic effector leading to downstream dysfunctions in cellular, tissue and organism health",https://reporter.nih.gov/project-details/5R01AG066192-09
reporter:1ZIAAG000579-04,reporter,2023,US,National Institute on Aging,1986094,USD,1713331.61,Investigation of the intracellular and extracellular mechanisms underlying the process of aging,fundamental_aging,fundamental_aging,0.97,Investigation of the intracellular and extracellular mechanisms underlying the process of aging,https://reporter.nih.gov/project-details/1ZIAAG000579-04
reporter:5P20GM103629-08,reporter,2019,US,National Institute of General Medical Sciences,2287704,USD,1973519.67,Mentoring Research Excellence in Aging and Regenerative Medicine,fundamental_aging,fundamental_aging,0.78,biomedical science targeting aging is practiced,https://reporter.nih.gov/project-details/5P20GM103629-08
reporter:1F32HL140821-01,reporter,2018,US,National Heart Lung and Blood Institute,61174,USD,52772.6,Synthetic hydrogel for satellite cell delivery to the dystrophic diaphragm,care,ambiguous,0.78,Duchenne muscular dystrophy is an X-linked genetic disorder ... deliver and engraft muscle satellite cells to the diaphragm,https://reporter.nih.gov/project-details/1F32HL140821-01
reporter:5K01AG073614-03,reporter,2023,US,National Institute on Aging,120156,USD,103654.24,"Midlife Obesity, Neurovascular Senescence and Cognitive Decline",fundamental_aging,fundamental_aging,0.78,explore the role of midlife obesity on neurovascular senescence as it relates to the development of vascular cognitive impairment and related dementias,https://reporter.nih.gov/project-details/5K01AG073614-03
reporter:5R01AG068102-02,reporter,2021,US,National Institute on Aging,452504,USD,390358.87,"Muscle Fatigue, Gait Alterations and Increased Energy Cost of Walking in Aging",ambiguous,fundamental_aging,0.6,"How muscle fatigue compounds age- or impairment-related muscle weakness to alter gait neuromechanics, and the connections to cost of walking and fatigability",https://reporter.nih.gov/project-details/5R01AG068102-02
reporter:3R35GM129294-06S1,reporter,2024,US,National Institute of General Medical Sciences,125829,USD,108548.14,Administrative Supplements for Equipment Purchases for R35GM129294 Regulation of mitochondrial surveillance,age_related_disease,fundamental_aging,0.85,"Disruption of mitochondrial homeostasis contributes to a number of chronic diseases, including metabolic, neurodegenerative, and cardiovascular disorders, cancer, and even aging.",https://reporter.nih.gov/project-details/3R35GM129294-06S1
reporter:3R01EY031248-01S1,reporter,2020,US,National Eye Institute,120399,USD,103863.87,Novel mechanism controlling calcium signaling to treat and prevent neurodegeneration in early stage glaucoma,ambiguous,age_related_disease,0.95,targets a novel mechanism of neuroprotection utilizing intracellular calcium channels as drug targets to treat neurodegeneration in glaucoma,https://reporter.nih.gov/project-details/3R01EY031248-01S1
reporter:1R01AG079913-01,reporter,2023,US,National Institute on Aging,548154,USD,472872.67,Role of adipose tissue inflammaging and metabolic dysfunction during sepsis,fundamental_aging,fundamental_aging,0.88,age-related inflammation mediated by the vWAT contributes to risk of sepsis,https://reporter.nih.gov/project-details/1R01AG079913-01
reporter:5R00AG052666-05,reporter,2021,US,National Institute on Aging,234718,USD,202482.75,Targeting mechanisms of inter-organelle communication to promote healthy aging,age_related_disease,fundamental_aging,0.93,"it is increasingly clear that the biological processes of aging are malleable, thus the rate and quality of aging may be improved.",https://reporter.nih.gov/project-details/5R00AG052666-05
reporter:5R01AG044007-05,reporter,2016,US,National Institute on Aging,639519,USD,551689.96,Biological and neural mechanisms of falls,age_related_disease,age_related_disease,0.8,Current falls research in aging is mostly focused on clinical predictors of falls and there is a knowledge gap regarding underlying biological and neural mechanisms of falls.,https://reporter.nih.gov/project-details/5R01AG044007-05
reporter:5R01AG069865-04,reporter,2023,US,National Institute on Aging,352994,USD,304515.18,Lipid signaling in cellular senescence and tissue aging,fundamental_aging,fundamental_aging,0.88,Lipid signaling in cellular senescence and tissue aging,https://reporter.nih.gov/project-details/5R01AG069865-04
reporter:5R01GM108022-08,reporter,2015,US,National Institute of General Medical Sciences,284970,USD,245833.33,DNA-Protein Dynamics in Base Excision DNA Repair,ambiguous,ambiguous,0.66,Failure to correct this damage leads to somatic mutations that underlie many diseases associated with aging.,https://reporter.nih.gov/project-details/5R01GM108022-08
reporter:5T32HL166132-02,reporter,2025,US,National Heart Lung and Blood Institute,458181,USD,395256.21,Training Program in the Biology of Aging and Lung Diseases,fundamental_aging,fundamental_aging,0.78,integrate basic mechanistic investigation of pulmonary disease and the biology of aging,https://reporter.nih.gov/project-details/5T32HL166132-02
reporter:1R01AG089497-01,reporter,2024,US,National Institute on Aging,2840883,USD,2450727.23,"A Proteomic Comparison of Sporadic Early-Onset, Late-Onset, and Autosomal Dominant Alzheimer's Disease",age_related_disease,age_related_disease,0.96,"A Proteomic Comparison of Sporadic Early-Onset, Late-Onset, and Autosomal Dominant Alzheimer's Disease",https://reporter.nih.gov/project-details/1R01AG089497-01
reporter:5R01GM052872-19,reporter,2018,US,National Institute of General Medical Sciences,348750,USD,300854.04,Regulation of RNA metabolism and cell growth control by SR protein kinases,fundamental_aging,age_related_disease,0.86,attack novel tumorigenic mechanisms associated with altered SRPK1 function,https://reporter.nih.gov/project-details/5R01GM052872-19
reporter:5R01CA284623-03,reporter,2025,US,National Cancer Institute,663373,USD,572267.94,The Impact of Biologic Aging on Immunity-Related Cervical Cancer Outcome Disparities Among Women Living with HIV in Zambia,fundamental_aging,fundamental_aging,0.92,The Impact of Biologic Aging on Immunity-Related Cervical Cancer Outcome Disparities,https://reporter.nih.gov/project-details/5R01CA284623-03
reporter:1ZIAAG000237-17,reporter,2024,US,National Institute on Aging,48664,USD,41980.68,Age-Associated Changes in Arterial Proteome and Aortic Smooth Muscle Signaling,fundamental_aging,fundamental_aging,0.95,Signaling network analysis reveals that angiotensin II (Ang II) associated proinflammation is the key to arterial aging.,https://reporter.nih.gov/project-details/1ZIAAG000237-17
reporter:1R56AG076144-01A1,reporter,2022,US,National Institute on Aging,319800,USD,275879.92,Regulatory role of APA in pulmonary fibrosis during aging,fundamental_aging,fundamental_aging,0.85,"Cellular senescence has been widely implicated in the pathogenesis of IPF. However, the mechanism promoting senescence in IPF... is poorly understood.",https://reporter.nih.gov/project-details/1R56AG076144-01A1
reporter:5R01AG067289-05,reporter,2024,US,National Institute on Aging,764623,USD,659612.66,Role of Lifespan Intervention on the Regulation and Progression of Alzheimer's Disease,age_related_disease,age_related_disease,0.82,Our long-term goal is to identify therapeutic agents that can prevent the pathogenesis of Alzheimer’s disease (AD).,https://reporter.nih.gov/project-details/5R01AG067289-05
reporter:4R01AG068121-02,reporter,2024,US,National Institute on Aging,638570,USD,550871.29,Longitudinal Neurometabolic Outcomes of Traumatic Stress-Related Accelerated Cellular Aging,fundamental_aging,fundamental_aging,0.92,"acceleration in the underlying pace of biological aging, as indicated by changes in peripheral DNA methylation patterns",https://reporter.nih.gov/project-details/4R01AG068121-02
reporter:5K23AG062807-04,reporter,2023,US,National Institute on Aging,150763,USD,130057.8,Utility of Centrally Acting Angiotensin Converting Enzyme Inhibitors to slow the progression of Dementia,age_related_disease,age_related_disease,0.82,Utility of Centrally Acting Angiotensin Converting Enzyme Inhibitors to slow the progression of Dementia,https://reporter.nih.gov/project-details/5K23AG062807-04
reporter:5R01CA201536-02,reporter,2017,US,National Cancer Institute,369834,USD,319042.44,Targeting the Brk-p27-cdk4 axis in cancer,fundamental_aging,age_related_disease,0.96,Targeting the Brk-p27-cdk4 axis in cancer,https://reporter.nih.gov/project-details/5R01CA201536-02
reporter:1R21AG078601-01,reporter,2022,US,National Institute on Aging,420750,USD,362965.84,Novel experimental models to study the effect of extracellular vesicles on neurons,age_related_disease,age_related_disease,0.78,spreading of pathogenic factors by EVs in Alzheimer’s disease (AD) and Parkinson’s Disease (PD),https://reporter.nih.gov/project-details/1R21AG078601-01
reporter:5R01AG068295-02,reporter,2021,US,National Institute on Aging,362500,USD,312715.67,Age-related vascular cognitive impairment: role of endothelial senescence,fundamental_aging,fundamental_aging,0.92,elucidate the mechanistic role of senescence-related endothelial dysfunction in cognitive impairment,https://reporter.nih.gov/project-details/5R01AG068295-02
reporter:1R21EY037045-01,reporter,2025,US,National Eye Institute,234000,USD,201863.35,Enhancing Stem Cell Restoration of IOP Homeostasis by Senolytic Treatments,fundamental_aging,age_related_disease,0.78,"Glaucoma, a major blinding optic neuropathy, is a progressive, debilitating disease with visual field loss.",https://reporter.nih.gov/project-details/1R21EY037045-01
reporter:1R15GM144954-01,reporter,2022,US,National Institute of General Medical Sciences,426000,USD,367494.82,Telomere and telomerase evolution in S. cerevisiae,fundamental_aging,fundamental_aging,0.85,"Telomeres have been shown to shorten with age, acting as a “biological clock” limiting the rounds of division a cell can undergo.",https://reporter.nih.gov/project-details/1R15GM144954-01
reporter:1ZIAAG000365-11,reporter,2015,US,National Institute on Aging,673491,USD,580996.38,Functional Genomic Study of Aging and Aging Interventions,age_related_disease,fundamental_aging,0.9,elucidating molecular mechanisms of aging and in developing effective interventions for promoting healthy aging,https://reporter.nih.gov/project-details/1ZIAAG000365-11
reporter:1R21AG049447-01A1,reporter,2017,US,National Institute on Aging,302567,USD,261013.63,The role of spin genes in autophagy and lifespan in C. elegans,fundamental_aging,fundamental_aging,0.96,autophagy has emerged as a common mechanism contributing to longevity,https://reporter.nih.gov/project-details/1R21AG049447-01A1
reporter:4R01CA160331-05,reporter,2016,US,National Cancer Institute,394250,USD,340105.24,Role of BRCA1 Pathway in Regulating Oncogene-Induced Senescence,fundamental_aging,fundamental_aging,0.95,Role of BRCA1 Pathway in Regulating Oncogene-Induced Senescence,https://reporter.nih.gov/project-details/4R01CA160331-05
reporter:3R01GM120430-06S1,reporter,2023,US,National Institute of General Medical Sciences,87845,USD,75780.71,Mapping deep evolutionary divergences in cellular models of stress response,fundamental_aging,ambiguous,0.75,"In this supplement, we propose to provide training to Abel Duarte ... to extend our analyses to the budding yeast Kluyveromyces.",https://reporter.nih.gov/project-details/3R01GM120430-06S1
reporter:5R01AG052387-03,reporter,2019,US,National Institute on Aging,397174,USD,342627.67,High throughput genetic and functional screens for restoring stem cell potential,fundamental_aging,fundamental_aging,0.9,This proposal seeks to address this challenge in the context of stem cell senescence and differentiation.,https://reporter.nih.gov/project-details/5R01AG052387-03
reporter:5R01DK057993-18,reporter,2020,US,National Institute of Diabetes and Digestive and Kidney Diseases,357750,USD,308618.01,Pathophysiology of Biliary Disease,fundamental_aging,fundamental_aging,0.8,cellular senescence (cell cycle arrest) and the senescence associated secretory phenotype (SASP) are features of cholangiocytes in PSC patients and animal models,https://reporter.nih.gov/project-details/5R01DK057993-18
reporter:5R01AG050567-03,reporter,2018,US,National Institute on Aging,301350,USD,259963.77,Histone H4 Lysine16 Acetylation in Aging and Lung Fibrosis,fundamental_aging,fundamental_aging,0.78,"age-related histone modifications, in particular H4K16Ac, mediates fibrotic cell phenotype, promotes senescence",https://reporter.nih.gov/project-details/5R01AG050567-03
reporter:5R01AG070704-04,reporter,2024,US,National Institute on Aging,1162941,USD,1003227.23,Early risk factors of accelerated neural aging trajectories and cognitive decline: a nonhuman primate longitudinal model,fundamental_aging,fundamental_aging,0.85,identify early biomarkers/pathways and underlying mechanisms of ELA-related accelerated neural aging trajectories,https://reporter.nih.gov/project-details/5R01AG070704-04
reporter:1R01AG058767-01,reporter,2018,US,National Institute on Aging,353236,USD,304723.95,OLFACTORY IMPAIRMENT IN OFFSPRING STUDY OF RACIAL DISPARITIES IN ALZHEIMER'S DISEASE,age_related_disease,age_related_disease,0.95,OLFACTORY IMPAIRMENT IN OFFSPRING STUDY OF RACIAL DISPARITIES IN ALZHEIMER'S DISEASE,https://reporter.nih.gov/project-details/1R01AG058767-01
reporter:1R41CA224497-01A1,reporter,2018,US,National Cancer Institute,300000,USD,258799.17,DNA Quadruplex Control of hTERT Transcription: A New Therapy for Taxotere Resistant Prostate Cancer,fundamental_aging,age_related_disease,0.93,DNA Quadruplex Control of hTERT Transcription: A New Therapy for Taxotere Resistant Prostate Cancer,https://reporter.nih.gov/project-details/1R41CA224497-01A1
reporter:3R00AG070102-03S1,reporter,2024,US,National Institute on Aging,37277,USD,32157.52,Development of a Predictive Frailty Clock & Longitudinal Investigation of its Epigenetic Determinants,age_related_disease,fundamental_aging,0.9,Development of a Predictive Frailty Clock & Longitudinal Investigation of its Epigenetic Determinants,https://reporter.nih.gov/project-details/3R00AG070102-03S1
reporter:1ZIAAG000741-18,reporter,2018,US,National Institute on Aging,360419,USD,310920.46,Roles Of DNA Helicases In Pathways Required For Maintenance Of Genomic Stability,age_related_disease,fundamental_aging,0.76,mutations in genes of the RecQ family of DNA helicases result in chromosomal instability diseases of premature aging,https://reporter.nih.gov/project-details/1ZIAAG000741-18
reporter:5R21AG060269-02,reporter,2020,US,National Institute on Aging,206250,USD,177924.43,Psychosocial stressors and the hippocampal memory system in African American seniors,age_related_disease,age_related_disease,0.88,A larger percentage of African Americans than Americans of European ancestry have Alzheimer's disease (AD).,https://reporter.nih.gov/project-details/5R21AG060269-02
reporter:1R21AG071436-01A1,reporter,2021,US,National Institute on Aging,212451,USD,183273.81,Identifying metabolic mechanisms that regulate appetite and foodintake,ambiguous,fundamental_aging,0.72,AMPK is a key sensor of low energy states that inhibits growth signals and promotes catabolic processes and is of great interest in the aging field.,https://reporter.nih.gov/project-details/1R21AG071436-01A1
reporter:2R01GM055694-22,reporter,2017,US,National Institute of General Medical Sciences,399787,USD,344881.82,Integrating experiment and theory for predicting protein folding pathways and structure,ambiguous,ambiguous,0.72,"Protein folding and dynamics are integral to many biological activities, including chaperone action, degradation, amyloid diseases and aging.",https://reporter.nih.gov/project-details/2R01GM055694-22
reporter:5R01AG038518-05,reporter,2015,US,National Institute on Aging,306698,USD,264577.29,Lifespan and healthspan regulation by hypoxic response transcription factor HIF-1,fundamental_aging,fundamental_aging,0.96,"We recently identified the hypoxic response transcription factor, HIF-1, as a novel modifier of longevity and healthspan in Caenorhabditis elegans.",https://reporter.nih.gov/project-details/5R01AG038518-05
reporter:5R44AG072994-03,reporter,2023,US,National Institute on Aging,110740,USD,95531.4,Measuring cellular senescence to predict and prevent peripheral neuropathy,age_related_disease,fundamental_aging,0.88,Measuring cellular senescence to predict and prevent peripheral neuropathy,https://reporter.nih.gov/project-details/5R44AG072994-03
reporter:5R01DK133529-02,reporter,2025,US,National Institute of Diabetes and Digestive and Kidney Diseases,700459,USD,604260.7,"Adipogenesis, triglyceride turnover and cellular composition of adipose tissue in response to endurance training (ATLAS)",fundamental_aging,age_related_disease,0.75,Excess adiposity – obesity – causes insulin resistance (IR) in white adipose tissue (WAT) and other tissues.,https://reporter.nih.gov/project-details/5R01DK133529-02
reporter:5I01BX004660-03,reporter,2022,US,Veterans Affairs,,USD,,Pathogenic Role of Malondialdehyde-Acetaldehyde Adducts in Rheumatoid Arthritis,age_related_disease,age_related_disease,0.7,"With an aging and predominantly male veteran population, it is anticipated that the burden posed by RA will grow dramatically",https://reporter.nih.gov/project-details/5I01BX004660-03
reporter:5R01GM026875-38,reporter,2015,US,National Institute of General Medical Sciences,946577,USD,816577.81,Biochemical Studies of Mitosis,fundamental_aging,ambiguous,0.85,"Both types of processes are of importance in embryonic development, cancer, inflammation, and senescence",https://reporter.nih.gov/project-details/5R01GM026875-38
reporter:1R01AG057434-01,reporter,2017,US,National Institute on Aging,304425,USD,262616.46,A sex difference approach to evaluating resilience as a predictor of healthspan in mice,intervention,fundamental_aging,0.86,A sex difference approach to evaluating resilience as a predictor of healthspan in mice,https://reporter.nih.gov/project-details/1R01AG057434-01
reporter:5I01BX001633-03,reporter,2015,US,Veterans Affairs,,USD,,A Novel Pathophysiological Mechanism of Alzheimer's Disease,age_related_disease,age_related_disease,0.9,A Novel Pathophysiological Mechanism of Alzheimer's Disease,https://reporter.nih.gov/project-details/5I01BX001633-03
reporter:5R01AG079477-03,reporter,2024,US,National Institute on Aging,576408,USD,497246.38,MicroRNA regulation of chronic inflammation during aging,age_related_disease,fundamental_aging,0.97,"Chronic inflammation, referred to as ""inflammaging"", is a risk factor for many age-related chronic conditions",https://reporter.nih.gov/project-details/5R01AG079477-03
reporter:1R01ES035773-01,reporter,2024,US,National Institute of Environmental Health Sciences,588000,USD,507246.38,"Early-life environmental exposure mixtures and biological age acceleration in children and adolescents: susceptibility, potential interactions and underlying mechanisms",fundamental_aging,fundamental_aging,0.86,Early-life environmental exposure mixtures and biological age acceleration in children and adolescents,https://reporter.nih.gov/project-details/1R01ES035773-01
reporter:5P01AG051449-03,reporter,2018,US,National Institute on Aging,364288,USD,314258.11,Regulation of retrotransposable element activity in cellular senescence and aging.,fundamental_aging,fundamental_aging,0.97,"retrotransposition is activated during aging and cellular senescence, and hypothesized that it may represent a hitherto unappreciated molecular aging process",https://reporter.nih.gov/project-details/5P01AG051449-03
reporter:5R01DA042691-04,reporter,2019,US,National Institute on Drug Abuse,365570,USD,315364.04,Methylome-wide and mQTL analysis of HIV progression in the context of cocaine use,ambiguous,ambiguous,0.88,Methylome-wide and mQTL analysis of HIV progression in the context of cocaine use,https://reporter.nih.gov/project-details/5R01DA042691-04
reporter:5R01GM084174-08,reporter,2017,US,National Institute of General Medical Sciences,332502,USD,286837.47,Analysis of Protein-Ligand Binding on the Proteomic Scale,age_related_disease,ambiguous,0.8,"in several different age-, disease-",https://reporter.nih.gov/project-details/5R01GM084174-08
reporter:1U01AG066100-01,reporter,2019,US,National Institute on Aging,121438,USD,104760.18,Determinants of CD8+ T Cell Aging and Reduced Function in B Cell Cancer,fundamental_aging,fundamental_aging,0.78,accelerated aging phenotypes and transcriptomic signatures enriched in genes that drive senescence and cell cycle arrest,https://reporter.nih.gov/project-details/1U01AG066100-01
reporter:5R01AG065432-03,reporter,2022,US,National Institute on Aging,665499,USD,574101.97,Spontaneous Speech and Health Disparities in Risk of Cognitive Decline: WHICAP Offspring Ancillary Study,age_related_disease,age_related_disease,0.96,racial/ethnic disparities in Alzheimer's disease (AD) by investigating spontaneous speech,https://reporter.nih.gov/project-details/5R01AG065432-03
reporter:275201400003I-0-759402000003-1,reporter,2020,US,Eunice Kennedy Shriver National Institute of Child Health and Human Development,2805,USD,2419.77,REPOSITORY PULL FOR OXIDATIVE STRESS AND PLACENTAL AGING,fundamental_aging,fundamental_aging,0.88,Altered placental aging is recognized to be a potential mechanism in the pathophysiology of a scope of pregnancy complications related to placental dysfunction.,https://reporter.nih.gov/project-details/275201400003I-0-759402000003-1
reporter:5R21AG089348-02,reporter,2025,US,National Institute on Aging,184385,USD,159062.28,Exploring the role of Imidazole Propionate on Alzheimer’s Disease and Related Dementias,age_related_disease,age_related_disease,0.95,Alzheimer's Disease (AD) and AD Related Dementias (ADRD) continue to present serious challenges in the aging population,https://reporter.nih.gov/project-details/5R21AG089348-02
reporter:5I01BX004921-04,reporter,2023,US,Veterans Affairs,,USD,,Role of EPAC Signaling in Melanoma Progression,fundamental_aging,age_related_disease,0.93,detailed understanding of the molecular mechanisms involved in melanoma tumor progression is critical,https://reporter.nih.gov/project-details/5I01BX004921-04
reporter:5R01AG027012-12,reporter,2018,US,National Institute on Aging,298890,USD,257841.61,Oxidative stress and the pathogenesis of sarcopenia and disability in older women,age_related_disease,age_related_disease,0.92,Oxidative stress and the pathogenesis of sarcopenia and disability in older women,https://reporter.nih.gov/project-details/5R01AG027012-12
reporter:1R21AG081709-01,reporter,2023,US,National Institute on Aging,232500,USD,200569.36,The role of medullary thymic epithelial cell-derived growth factors in regulating thymus growth and atrophy,intervention,fundamental_aging,0.9,Preventing or reversing age-associated thymic atrophy therefore hold great potential for extending the healthspan in the aging population.,https://reporter.nih.gov/project-details/1R21AG081709-01
reporter:5K99AR081401-02,reporter,2024,US,National Institute of Arthritis and Musculoskeletal and Skin Diseases,85918,USD,74118.36,Age Differences and Mechanisms of Ketogenic Diet Induced Bone Loss,age_related_disease,age_related_disease,0.78,KD also causes bone loss and increases fracture risk in children. It is not known if KD causes bone loss in adults.,https://reporter.nih.gov/project-details/5K99AR081401-02
reporter:5K99NR019596-02,reporter,2021,US,National Institute of Nursing Research,94106,USD,81181.85,The Clock is Ticking: Epigenetic Age Acceleration as a Biomarker of Uterine Function in Pregnancy,fundamental_aging,fundamental_aging,0.87,"A robust method of calculating biological age is the Epigenetic Clock, which determines an individual’s Epigenetic Age based on their specific DNA methylation patterns",https://reporter.nih.gov/project-details/5K99NR019596-02
reporter:5P50AG047266-05,reporter,2019,US,National Institute on Aging,135533,USD,116919.43,Core D: Neuropathology Core,age_related_disease,age_related_disease,0.96,definite diagnosis of AD still requires a thorough post-mortem evaluation,https://reporter.nih.gov/project-details/5P50AG047266-05
reporter:1R13CA254452-01,reporter,2020,US,National Cancer Institute,15000,USD,12939.96,"The Society for Integrative Oncology (SIO) 17th International Conference, ""The Science of Living Well With Cancer""",fundamental_aging,age_related_disease,0.95,"a patient-centered, evidence-informed field of cancer care using mind/body practices",https://reporter.nih.gov/project-details/1R13CA254452-01
reporter:2U54AG062334-06,reporter,2025,US,National Institute on Aging,1499999,USD,1293995.0,Emory Specialized Center of Research Excellence (SCORE) on Sex Differences,ambiguous,ambiguous,0.9,advance women’s health through a comprehensive investigation of the influence of sex on infectious diseases,https://reporter.nih.gov/project-details/2U54AG062334-06
reporter:3U01AI170024-04S1,reporter,2025,US,National Institute of Allergy and Infectious Diseases,512715,USD,442300.72,Metabolic impairment plays a critical role in radiation-induced T cell immune dysfunction,fundamental_aging,ambiguous,0.72,Metabolic impairment plays a critical role in radiation-induced T cell immune dysfunction,https://reporter.nih.gov/project-details/3U01AI170024-04S1
reporter:5R01HL119476-04,reporter,2017,US,National Heart Lung and Blood Institute,472872,USD,407929.61,Mechanisms of Telomere-Induced Emphysema,fundamental_aging,age_related_disease,0.82,advance paradigms of emphysema biology in the context of aging mechanisms with the goal of identifying new understanding of disease mechanisms and novel targets for treatment.,https://reporter.nih.gov/project-details/5R01HL119476-04
reporter:5F31HD115324-02,reporter,2025,US,Eunice Kennedy Shriver National Institute of Child Health and Human Development,24450,USD,21092.13,"Associations among maternal stress, infant epigenetics, and behavioral and cognitive development across the first few years of life",fundamental_aging,ambiguous,0.7,incorporate epigenetic aging as a biomarker and potential mechanism to explain the association between maternal stress and behavioral and cognitive development,https://reporter.nih.gov/project-details/5F31HD115324-02
reporter:5F31AG051310-02,reporter,2016,US,National Institute on Aging,43576,USD,37591.44,Using DNA Methylation Data to Understand the Evolutionary Basis of Human Aging,fundamental_aging,fundamental_aging,0.97,Using DNA Methylation Data to Understand the Evolutionary Basis of Human Aging,https://reporter.nih.gov/project-details/5F31AG051310-02
reporter:5R01CA219836-04,reporter,2020,US,National Cancer Institute,376673,USD,324942.2,Role of Senescent Cells in Radiation-induced Pulmonary Fibrosis,fundamental_aging,fundamental_aging,0.82,"senescent cells (SCs) induced by ionizing radiation (IR), particularly senescent type 2 alveolar epithelial cells (AEC2s), are the perpetuators primarily responsible",https://reporter.nih.gov/project-details/5R01CA219836-04
reporter:5K99AG056599-02,reporter,2018,US,National Institute on Aging,132300,USD,114130.43,Life Course Determinants of Epigenetic Age Acceleration and Subsequent Dementia,age_related_disease,fundamental_aging,0.83,epigenetic age acceleration and cognitive decline or Alzheimer's disease,https://reporter.nih.gov/project-details/5K99AG056599-02
reporter:5DP1AG063419-05,reporter,2022,US,National Institute on Aging,1183000,USD,1020531.4,Uncovering molecular effectors of mammalian aging,fundamental_aging,fundamental_aging,0.98,Uncovering molecular effectors of mammalian aging,https://reporter.nih.gov/project-details/5DP1AG063419-05
reporter:5R35CA197262-03,reporter,2018,US,National Cancer Institute,1017000,USD,877329.19,Molecular Biology of Oncogenic Papillomaviruses,fundamental_aging,age_related_disease,0.92,The human papillomaviruses (HPVs) are causally linked to a number of human cancers.,https://reporter.nih.gov/project-details/5R35CA197262-03
reporter:1K76AG083274-01,reporter,2023,US,National Institute on Aging,211567,USD,182511.21,The Role of Hypothalamic Dysfunction in Accelerating Aging in Humans,fundamental_aging,fundamental_aging,0.95,Mechanisms underpinning biological aging in humans remain incompletely understood.,https://reporter.nih.gov/project-details/1K76AG083274-01
reporter:1R01AG086346-01A1,reporter,2025,US,National Institute on Aging,794978,USD,685798.83,Accelerated Epigenetic Aging as a Mechanism in Lifespan Socioeconomic Effects on Midlife Cognitive Decline,age_related_disease,fundamental_aging,0.85,accelerated epigenetic aging as a biological mechanism connecting lifespan individual and community socioeconomic disadvantage to poorer cognitive function,https://reporter.nih.gov/project-details/1R01AG086346-01A1
reporter:5T32AG066574-02,reporter,2021,US,National Institute on Aging,733415,USD,632690.65,Biological Mechanisms of Healthy Aging Training Grant,fundamental_aging,fundamental_aging,0.98,rigorous training in cutting edge research focused on biological mechanisms of healthy aging,https://reporter.nih.gov/project-details/5T32AG066574-02
reporter:1R21AG067368-01,reporter,2020,US,National Institute on Aging,234000,USD,201863.35,Causes of Immune Cell Senescence in Aging Humans,fundamental_aging,fundamental_aging,0.96,Cellular senescence is a stable proliferative arrest that is encountered by mammalian cells in response to cell extrinsic and intrinsic stresses,https://reporter.nih.gov/project-details/1R21AG067368-01
reporter:5U01AI034993-24,reporter,2017,US,National Institute of Allergy and Infectious Diseases,2741542,USD,2365029.33,Chicago WIHS Consortium V (CWC),fundamental_aging,ambiguous,0.83,characterize treated HIV disease in women,https://reporter.nih.gov/project-details/5U01AI034993-24
reporter:1S10OD038262-01,reporter,2025,US,NIH Office of the Director,1205942,USD,1040322.64,A high-resolution tribrid mass spectrometer to amplify bioanalytical capacity at Salk Institute Mass Spectrometry core,age_related_disease,ambiguous,0.78,the purpose of this grant is to address an urgent need: to upgrade the Core’s capabilities by acquiring a cutting-edge mass spectrometer,https://reporter.nih.gov/project-details/1S10OD038262-01
reporter:3R24AG042328-03S1,reporter,2015,US,National Institute on Aging,154498,USD,133279.85,International Registry of Werner Syndrome,fundamental_aging,fundamental_aging,0.9,progeroid phenotypes in order to facilitate the discovery of new biochemical genetic pathways with the potential to modulate mechanisms of intrinsic biological aging,https://reporter.nih.gov/project-details/3R24AG042328-03S1
reporter:5I01RX002790-05,reporter,2023,US,Veterans Affairs,,USD,,Effects of 12-weeks of High-intensity Resistance Aerobic Circuit Exercise Training on Epigenetic Aging and Inflammation in Older HIV-infected Veterans,age_related_disease,intervention,0.9,attenuates processes underlying aging,https://reporter.nih.gov/project-details/5I01RX002790-05
reporter:3R35GM141796-03S1,reporter,2023,US,National Institute of General Medical Sciences,240940,USD,207850.24,Mechanics of cell growth and division,age_related_disease,ambiguous,0.85,Mechanics of cell growth and division,https://reporter.nih.gov/project-details/3R35GM141796-03S1
reporter:5R01AG040178-05,reporter,2015,US,National Institute on Aging,471403,USD,406662.35,Dietary Restriction and Aging in Rhesus Monkeys,age_related_disease,intervention,0.98,to determine whether or not adult-onset DR could slow the aging process in a primate species,https://reporter.nih.gov/project-details/5R01AG040178-05
reporter:2P50CA107399-11A1,reporter,2018,US,National Cancer Institute,281345,USD,242706.18,CMV/CD19 bi-Specific CAR T cells combined with CMV vaccine as post-transplantation immunotherapy for non-Hodgkin lymphoma,fundamental_aging,age_related_disease,0.98,post-transplantation immunotherapy for non-Hodgkin lymphoma,https://reporter.nih.gov/project-details/2P50CA107399-11A1
reporter:1R01AG069690-01,reporter,2020,US,National Institute on Aging,410523,USD,354143.37,Does Metformin Modulate the Pillars of Aging in Older Adults?,fundamental_aging,intervention,0.98,test the hypothesis that metformin modulates critical pillars of aging in older adults to improve healthspan,https://reporter.nih.gov/project-details/1R01AG069690-01
reporter:1R01AG063949-01,reporter,2019,US,National Institute on Aging,1138735,USD,982345.58,"Contribution of child development, biological aging, and beta-amyloid to cognitive function of the Louisville twins at midlife",fundamental_aging,fundamental_aging,0.6,test whether accelerated biological aging at midlife predicts higher levels of preclinical AD biomarkers,https://reporter.nih.gov/project-details/1R01AG063949-01
reporter:3R01MH099987-05S1,reporter,2019,US,National Institute of Mental Health,139363,USD,120223.43,Multi-Dimensional Successful Aging Among HIV-Infected Adults,fundamental_aging,fundamental_aging,0.85,laboratory-based systemic markers of biological aging and HIV disease severity,https://reporter.nih.gov/project-details/3R01MH099987-05S1
reporter:1R21AG086147-01,reporter,2024,US,National Institute on Aging,427187,USD,368518.81,Binding NF-κB essential modulator (NEMO) to Treat Surgical Pain,fundamental_aging,ambiguous,0.62,treating pain with opioids also present challenges with age-related changes in drug metabolism,https://reporter.nih.gov/project-details/1R21AG086147-01
reporter:5I01BX003031-07,reporter,2021,US,Veterans Affairs,,USD,,Mechanisms of synergistic regulation of biliary inflammation and fibrosis,fundamental_aging,age_related_disease,0.62,cholangiocytes display a senescent phenotype during PSC which may contribute to inflammation,https://reporter.nih.gov/project-details/5I01BX003031-07
reporter:5R01NR018147-02,reporter,2020,US,National Institute of Nursing Research,623475,USD,537849.38,Allostatic Load & Epigenetic Mechanisms in Lifecourse Trajectories of Premature Infants at Age 30,fundamental_aging,ambiguous,0.78,Allostatic Load & Epigenetic Mechanisms in Lifecourse Trajectories of Premature Infants at Age 30,https://reporter.nih.gov/project-details/5R01NR018147-02
reporter:5R35GM155365-02,reporter,2025,US,National Institute of General Medical Sciences,364385,USD,314341.79,Molecular mechanisms in the mammalian cell nucleus,age_related_disease,ambiguous,0.85,"understanding the mammalian cell nucleus, including its related and anchored proteins, its chromatin organization and dynamics",https://reporter.nih.gov/project-details/5R35GM155365-02
reporter:5T32AG041688-09,reporter,2020,US,National Institute on Aging,194766,USD,168017.6,Predoctoral Training in the Molecular Biology of Aging,fundamental_aging,fundamental_aging,0.95,understanding and eventually manipulating human aging,https://reporter.nih.gov/project-details/5T32AG041688-09
reporter:1R21AG072663-01,reporter,2021,US,National Institute on Aging,533500,USD,460231.19,Targeting conserved diet-responsive transcriptional networks in neurons to slow neurodegeneration in Alzheimer's disease,age_related_disease,age_related_disease,0.78,The overall goals of this proposal are to understand the mechanisms by which DR influences AD pathology and neurodegeneration.,https://reporter.nih.gov/project-details/1R21AG072663-01
reporter:5R13AG047064-06,reporter,2020,US,National Institute on Aging,49945,USD,43085.75,HIV and Aging: From the Mitochondria to the Metropolis,care,fundamental_aging,0.7,HIV and Aging: From the Mitochondria to the Metropolis,https://reporter.nih.gov/project-details/5R13AG047064-06
reporter:5R01AG046920-05,reporter,2018,US,National Institute on Aging,552261,USD,476415.63,Novel Actions of Metformin to Augment Resistance Training Adaptations in Older Ad,intervention,intervention,0.78,adjuvant metformin may improve the responses to PRT in the elderly by altering the muscle tissue inflammatory environment,https://reporter.nih.gov/project-details/5R01AG046920-05
reporter:1ZIAAG000435-07,reporter,2025,US,National Institute on Aging,1425877,USD,1230052.62,ALZHEIMERS RESEARCH PROJECT: STARRRS: an open rat resource for the study of reserve and resilience against Alzheimer's disease,age_related_disease,age_related_disease,0.82,an open rat resource for the study of reserve and resilience against Alzheimer's disease,https://reporter.nih.gov/project-details/1ZIAAG000435-07
reporter:5R01MD018293-02,reporter,2024,US,National Institute on Minority Health and Health Disparities,655741,USD,565684.09,"Epigenetic aging, social factors, and preterm birth among Black women",fundamental_aging,fundamental_aging,0.86,"Epigenetic age, a measure of cellular or biological aging, reflects influences of past exposures",https://reporter.nih.gov/project-details/5R01MD018293-02
reporter:3P40OD010965-19S2,reporter,2023,US,NIH Office of the Director,217647,USD,187756.21,The Vervet Research Colony as Biomedical Resource,age_related_disease,ambiguous,0.75,"This application is an administrative supplement to the ""Vervet Research Colony as a Biomedical Resource"" (VRC, P40-OD010965). The purpose of this application is to obtain funds to support alterations and",https://reporter.nih.gov/project-details/3P40OD010965-19S2
reporter:1R01AG069819-01,reporter,2020,US,National Institute on Aging,370132,USD,319299.52,"Inflammation, Lipid Metabolism and Senescence",fundamental_aging,fundamental_aging,0.97,"Of the factors defined as mechanistically linked to fundamental processes of aging, often referred to as the “pillars of aging”, inflammation and cellular senescence of adipose tissue take center stage.",https://reporter.nih.gov/project-details/1R01AG069819-01
reporter:1R13NS111914-01,reporter,2019,US,National Institute of Neurological Disorders and Stroke,15000,USD,12939.96,"FASEB SRC on Protein Aggregation, from Structural Variants to in Vivo Sequela",ambiguous,fundamental_aging,0.75,Protein aggregation is a key feature associated with a wide range of neurological and systemic diseases of aging,https://reporter.nih.gov/project-details/1R13NS111914-01
reporter:3U54CA274374-03S4,reporter,2024,US,National Cancer Institute,176000,USD,151828.85,Identifying Gut Microbial Inducers of Biological Aging in the Colon,fundamental_aging,age_related_disease,0.78,we plan to study them as early lesions and to determine the mechanisms involved in the formation and progression of early precancerous lesions,https://reporter.nih.gov/project-details/3U54CA274374-03S4
reporter:1R21AG065884-01A1,reporter,2022,US,National Institute on Aging,247500,USD,213509.32,Mitochondrial-Encoded Regulators of the Nucleus and Cellular Homeostasis,ambiguous,fundamental_aging,0.88,Such mitonuclear communication is vital to cellular fitness and aging,https://reporter.nih.gov/project-details/1R21AG065884-01A1
reporter:4R00AG083239-02,reporter,2025,US,National Institute on Aging,244020,USD,210507.25,The Role of Nuclear Factor Erythroid 2-related factor 2 in Sarcopenic Obesity,age_related_disease,age_related_disease,0.86,"Sarcopenic obesity is a debilitating condition that increases the risk of frailty, loss of autonomy, institutionalization, and death in older adults.",https://reporter.nih.gov/project-details/4R00AG083239-02
reporter:5P01AG066606-03,reporter,2023,US,National Institute on Aging,558347,USD,481665.8,TFEB-mediated lysosome-to-nucleus signaling in aging and lifespan regulation,age_related_disease,fundamental_aging,0.96,Hallmarks of aging are a decline in lysosome-mediated degradation pathways and chromatin dysregulation.,https://reporter.nih.gov/project-details/5P01AG066606-03
reporter:4R01ES022657-04,reporter,2016,US,National Institute of Environmental Health Sciences,19623,USD,16928.05,"Impact of Air Pollution, Weather, and Lifestyle on Health in Older Americans",age_related_disease,age_related_disease,0.82,examine the individual and joint impacts of air quality and lifestyle on cardiovascular and cognitive health in the elderly,https://reporter.nih.gov/project-details/4R01ES022657-04
reporter:5U54AG076043-02,reporter,2022,US,National Institute on Aging,1300000,USD,1121463.08,Yale TMC for Cellular Senescence in Lymphoid Organs,fundamental_aging,fundamental_aging,0.98,"Cell senescence in human tissues is an irreversible cell cycle arrest state in otherwise proliferative cells, which is a hallmark of aging",https://reporter.nih.gov/project-details/5U54AG076043-02
reporter:1K99AG090739-01A1,reporter,2025,US,National Institute on Aging,127019,USD,109574.71,Targeting T follicular helper cells for rejuvenating the aging germinal center,fundamental_aging,fundamental_aging,0.86,"Tfh in secondary lymphoid organs accumulate epigenetic changes with age, resulting in a transcriptional state of reduced metabolic plasticity",https://reporter.nih.gov/project-details/1K99AG090739-01A1
reporter:5R01AG072255-05,reporter,2025,US,National Institute on Aging,462757,USD,399203.76,Molecular signature of parabiosis,fundamental_aging,fundamental_aging,0.86,"common hallmarks of aging, like mitochondrial dysfunction, inflammation, and loss of proteostasis",https://reporter.nih.gov/project-details/5R01AG072255-05
reporter:1IK2CX002694-01,reporter,2023,US,Veterans Affairs,,USD,,"Posttraumatic Stress Disorder, Accelerated Biological Aging, and Veteran Health",fundamental_aging,fundamental_aging,0.9,"Recent studies have shown that PTSD can accelerate biological aging—i.e., the rate at which people evidence gradual physiological decline consistent with chronological aging.",https://reporter.nih.gov/project-details/1IK2CX002694-01
reporter:5F32AG050399-02,reporter,2016,US,National Institute on Aging,53906,USD,46502.76,Defining the role of cellular senescence in osteoarthritis,fundamental_aging,fundamental_aging,0.85,cellular senescence increases in joints during the development or OA associated with aging,https://reporter.nih.gov/project-details/5F32AG050399-02
reporter:5R35GM147482-04,reporter,2025,US,National Institute of General Medical Sciences,372435,USD,321286.23,Membrane reconstitution approach for the investigation of lipid peroxidation mechanisms and its pathological effects,age_related_disease,fundamental_aging,0.75,"Despite their fundamental role in aging and health, the mechanistic nature of lipid peroxidation and its connection to the diseased state in cells remain elusive.",https://reporter.nih.gov/project-details/5R35GM147482-04
reporter:1ZIABC004504-44,reporter,2016,US,National Cancer Institute,1194199,USD,1030192.37,Interacting Signaling Pathways that Initiate Squamous Cell Carcinogenesis,fundamental_aging,age_related_disease,0.92,Interacting Signaling Pathways that Initiate Squamous Cell Carcinogenesis,https://reporter.nih.gov/project-details/1ZIABC004504-44
reporter:1R01AG054466-01,reporter,2016,US,National Institute on Aging,642010,USD,553838.85,"An Experimental Investigation into the Impact of Socioeconomic Context on Biological Markers of Aging, Health and Mortality",fundamental_aging,fundamental_aging,0.85,"biological markers of premature aging (e.g., shorter telomeres, higher cholesterol levels, and higher blood pressure.)",https://reporter.nih.gov/project-details/1R01AG054466-01
reporter:1R03AT011871-01,reporter,2022,US,National Center for Complementary and Integrative Health,74500,USD,64268.46,Centella asiatica effects on neuroinflammatory responses in Drosophila models of acute inflammation and aging,fundamental_aging,intervention,0.86,evaluating the potential of the Ayurvedic plant Centella asiatica (gotu kola) in alleviating age-related neurological changes,https://reporter.nih.gov/project-details/1R03AT011871-01
reporter:1ZIAAG000802-28,reporter,2019,US,National Institute on Aging,100149,USD,86394.93,Effects Of Age And Conditioning Status On Rest And Exercise Cardiac Performance,age_related_disease,fundamental_aging,0.82,Multiple changes in cardiovascular (CV) reserve functions occurring over a lifetime,https://reporter.nih.gov/project-details/1ZIAAG000802-28
reporter:1IS1BX006337-01,reporter,2023,US,Veterans Affairs,,USD,,ShEEP Request for a Multimodal Plate Reader,age_related_disease,ambiguous,0.86,ShEEP Request for a Multimodal Plate Reader,https://reporter.nih.gov/project-details/1IS1BX006337-01
reporter:5R01AG057672-04,reporter,2021,US,National Institute on Aging,472526,USD,407631.12,Building a pathology-validated neuroimaging tool for Alzheimer's Disease,age_related_disease,age_related_disease,0.96,Building a pathology-validated neuroimaging tool for Alzheimer's Disease,https://reporter.nih.gov/project-details/5R01AG057672-04
reporter:1ZIAAG000682-01,reporter,2019,US,National Institute on Aging,27048,USD,23333.33,Molecular analysis of senescent OPC clearance by senolytics in AD,fundamental_aging,fundamental_aging,0.8,A plaques from APP/PS1 mice are highly correlated with senescence.,https://reporter.nih.gov/project-details/1ZIAAG000682-01
reporter:1R56AG069689-01,reporter,2020,US,National Institute on Aging,393958,USD,339853.35,The host-microbe-metformin interplay in the aged gut,fundamental_aging,intervention,0.93,"Metformin is one such drug, tested in clinical trials and are propagated to fulfill one or even all of the promises of anti-aging drugs.",https://reporter.nih.gov/project-details/1R56AG069689-01
reporter:1R01AR077949-01A1,reporter,2021,US,National Institute of Arthritis and Musculoskeletal and Skin Diseases,352000,USD,303657.69,Etiology of musculoskeletal maladies in NF1,fundamental_aging,ambiguous,0.75,"early senescence in Nf1-null osteoprogenitors, which should make them sensitive to “senolytic” drugs",https://reporter.nih.gov/project-details/1R01AR077949-01A1
reporter:5K76AG074903-02,reporter,2022,US,National Institute on Aging,240490,USD,207462.04,Age-related changes in skeletal muscle and lower urinary tract symptoms in older adults,fundamental_aging,fundamental_aging,0.85,"age-related changes in muscle health, and mechanisms shared across syndromes of aging",https://reporter.nih.gov/project-details/5K76AG074903-02
reporter:5R01AG063849-04,reporter,2022,US,National Institute on Aging,769730,USD,664018.29,Clarifying the overlapping pathology of delirium and dementia,age_related_disease,age_related_disease,0.92,Clarifying the overlapping pathology of delirium and dementia,https://reporter.nih.gov/project-details/5R01AG063849-04
reporter:5R01AG065988-04,reporter,2022,US,National Institute on Aging,395000,USD,340752.24,Bioenergetic Mechanisms Underlying Circadian Dietary Intervention,intervention,age_related_disease,0.82,The rise in age-related metabolic disorders and obesity has reached epidemic proportions.,https://reporter.nih.gov/project-details/5R01AG065988-04
reporter:1R21AG068772-01,reporter,2020,US,National Institute on Aging,258045,USD,222606.11,Population subgroup difference in aging trajectory and health: Methods and application,ambiguous,fundamental_aging,0.92,"BA is not directly measureable, but inferred from potential biomarkers of aging.",https://reporter.nih.gov/project-details/1R21AG068772-01
reporter:2R13AG059431-07,reporter,2025,US,National Institute on Aging,101085,USD,87202.38,Summer Training Course in Experimental Aging,fundamental_aging,ambiguous,0.72,"foster career development in the field of aging research, provide trainees with intensive exposure to the latest research in experimental geroscience",https://reporter.nih.gov/project-details/2R13AG059431-07
reporter:5R21CA280994-02,reporter,2024,US,National Cancer Institute,205053,USD,176891.82,The Pacific Aging and Cancer Studies (PACS): An Infrastructure Advancing the Use of Digital Biomarkers and Related Technologies for Research on Functional Aging and Survivorship in Cancer,fundamental_aging,age_related_disease,0.72,Research on Functional Aging and Survivorship in Cancer,https://reporter.nih.gov/project-details/5R21CA280994-02
reporter:5R01GM145852-04,reporter,2025,US,National Institute of General Medical Sciences,317420,USD,273826.78,Mapping Protein Social Network Dynamics with Photoproximity Profiling Platforms,age_related_disease,ambiguous,0.9,develop and validate several complementary light-dependent proximity profiling platforms capable of detecting protein interaction dynamics in live cells,https://reporter.nih.gov/project-details/5R01GM145852-04
reporter:5R21AG064344-02,reporter,2021,US,National Institute on Aging,236550,USD,204063.15,Origins of Genome Instability in Progeria,fundamental_aging,fundamental_aging,0.85,linking genome instability with aging,https://reporter.nih.gov/project-details/5R21AG064344-02
reporter:5R01NS101483-05,reporter,2022,US,National Institute of Neurological Disorders and Stroke,2165588,USD,1868174.6,Reducing Disparities in Dementia and VCID Outcomes in a Multicultural Rural Population,age_related_disease,age_related_disease,0.95,Reducing Disparities in Dementia and VCID Outcomes in a Multicultural Rural Population,https://reporter.nih.gov/project-details/5R01NS101483-05
reporter:5K99HL148511-02,reporter,2020,US,National Heart Lung and Blood Institute,129402,USD,111630.43,Circadian Pattern of Rest-Activity Rhythms and Blood Pressure and the Underlying Epigenetic Mechanisms,fundamental_aging,age_related_disease,0.86,"Nearly half of US adults present with HTN, one of the strongest risk factors for cardiovascular disease (CVD) and a leading cause of CVD mortality.",https://reporter.nih.gov/project-details/5K99HL148511-02
reporter:5R33AG073733-05,reporter,2025,US,National Institute on Aging,759495,USD,655188.92,Development of a Wake Forest Multi-Species NHP Biorepository to Support Interdisciplinary Aging Studies,ambiguous,fundamental_aging,0.95,molecular and cellular mechanisms underlying human aging,https://reporter.nih.gov/project-details/5R33AG073733-05
reporter:5R35GM124684-05,reporter,2021,US,National Institute of General Medical Sciences,392111,USD,338260.01,Causes and functional consequences of chromatin evolution,fundamental_aging,ambiguous,0.8,Causes and functional consequences of chromatin evolution,https://reporter.nih.gov/project-details/5R35GM124684-05
reporter:5F30AG077833-02,reporter,2023,US,National Institute on Aging,34960,USD,30158.73,Modulation of mitochondrial biogenesis by the Integrated Stress Response (ISR),age_related_disease,fundamental_aging,0.88,therapeutic approaches to maintain or recover mitochondrial function may promote healthy aging,https://reporter.nih.gov/project-details/5F30AG077833-02
reporter:1R21AG076470-01A1,reporter,2023,US,National Institute on Aging,254250,USD,219332.3,Tubulin modifications and cytoskeletal alterations in aging,ambiguous,fundamental_aging,0.96,specific defects in PTMs and microtubule networks could be associated with aging,https://reporter.nih.gov/project-details/1R21AG076470-01A1
reporter:2R01HL065176-13A1,reporter,2017,US,National Heart Lung and Blood Institute,404006,USD,348521.39,Disease Mechanisms in Sleep Apnea,fundamental_aging,age_related_disease,0.75,Disease Mechanisms in Sleep Apnea,https://reporter.nih.gov/project-details/2R01HL065176-13A1
reporter:1K99HG007841-01A1,reporter,2015,US,National Human Genome Research Institute,93308,USD,80493.44,Complete Phasing of Methylome in Multiple Human Cell Types and Individuals,age_related_disease,ambiguous,0.72,"DNA methylation is repressive epigenetic marker that associates with normal development, aging process, and diseases such as cancer, mental disorders, and respiratory disorders.",https://reporter.nih.gov/project-details/1K99HG007841-01A1
reporter:5R24ES028529-04,reporter,2020,US,National Institute of Environmental Health Sciences,290464,USD,250572.81,Maintaining and Expanding the CHAMACOS Epidemiology Cohort Infrastructure for Future Generations,ambiguous,ambiguous,0.82,"the CHAMACOS study is one of the longest running cohort studies examining the impact of early life environmental exposures on neurodevelopment, growth, and respiratory disease",https://reporter.nih.gov/project-details/5R24ES028529-04
reporter:5R01GM117135-05,reporter,2020,US,National Institute of General Medical Sciences,317564,USD,273951.0,Coordinating nutrition and energy allocation: mechanisms and evolution,ambiguous,ambiguous,0.65,aging is a necessary consequence of decreased allocation to somatic maintenance,https://reporter.nih.gov/project-details/5R01GM117135-05
reporter:5R35GM141877-03,reporter,2023,US,National Institute of General Medical Sciences,440186,USD,379732.57,Sizing and Scaling in Functional Muscle Cells,age_related_disease,ambiguous,0.76,Our current investigations focus on a fundamental question: what determines muscle cell size?,https://reporter.nih.gov/project-details/5R35GM141877-03
reporter:5R01CA259415-03,reporter,2025,US,National Cancer Institute,423458,USD,365301.93,Cause and Effect Relationships Between Glycation and the Ancestry Specific Tumor Stroma,age_related_disease,age_related_disease,0.9,promotes deadly prostate cancer in African American men,https://reporter.nih.gov/project-details/5R01CA259415-03
reporter:1R21AG067034-01,reporter,2020,US,National Institute on Aging,256963,USD,221672.71,Developing microfluidics and automated image analysis for high-throughput investigation of lifespan and health in a novel invertebrate model for aging,ambiguous,fundamental_aging,0.98,Developing microfluidics and automated image analysis for high-throughput investigation of lifespan and health in a novel invertebrate model for aging,https://reporter.nih.gov/project-details/1R21AG067034-01
reporter:5R21DE025920-02,reporter,2018,US,National Institute of Dental and Craniofacial Research,186875,USD,161210.32,Comprehensive Identification of FXR1 Targets Using pSILAC-BONCAT Proteomics,fundamental_aging,age_related_disease,0.78,progression of oral cancer via the RNA-binding protein FXR1 and its mRNA translational control that govern cellular senescence,https://reporter.nih.gov/project-details/5R21DE025920-02
reporter:3R01AG068025-05S1,reporter,2024,US,National Institute on Aging,115399,USD,99550.55,Geroscience metabolites beta-hydroxybutyrate and NAD+ linking inflammation and neuroenergetic failure in delirium,age_related_disease,age_related_disease,0.78,Delirium is a geriatric syndrome of fluctuating confusion that is a common complication of surgery and hospitalization in older adults,https://reporter.nih.gov/project-details/3R01AG068025-05S1
reporter:5F32CA257210-02,reporter,2022,US,National Cancer Institute,58671,USD,50613.35,The role of cellular senescence in chemotherapy-related cognitive impairment,fundamental_aging,fundamental_aging,0.95,The overall objective of this application is to identify the role of cellular senescence in CRCI,https://reporter.nih.gov/project-details/5F32CA257210-02
reporter:1UG3CA275681-01,reporter,2022,US,National Cancer Institute,550000,USD,474465.15,Three-dimensional maps of senescence in the human pancreas,fundamental_aging,fundamental_aging,0.95,senescent cells accumulate in multiple tissues; their abundance increases in aging and several age-related diseases,https://reporter.nih.gov/project-details/1UG3CA275681-01
reporter:5P30AG066462-05,reporter,2024,US,National Institute on Aging,343652,USD,296456.18,Biomarker Core,age_related_disease,age_related_disease,0.95,The ability to study Alzheimer’s disease (AD) and related disorders has been revolutionized by the development and application of in vivo biomarkers.,https://reporter.nih.gov/project-details/5P30AG066462-05
reporter:1R21DK108782-01,reporter,2015,US,National Institute of Diabetes and Digestive and Kidney Diseases,281800,USD,243098.69,Chemical Genetic Tools for the Spatial and Temporal Modulation of O-GlcNAcylation,age_related_disease,ambiguous,0.72,"progression of diseases which include type II diabetes, cancer, neurodegeneration, heart failure, hypertension and aging",https://reporter.nih.gov/project-details/1R21DK108782-01
reporter:5K99AG081457-02,reporter,2024,US,National Institute on Aging,126792,USD,109378.88,Development and validation of efficient cognitive composite scores of digital tools for the detection of early pathophysiological changes in Alzheimers disease,age_related_disease,age_related_disease,0.92,detection of early pathophysiological changes in Alzheimers disease,https://reporter.nih.gov/project-details/5K99AG081457-02
reporter:1F31AG082521-01A1,reporter,2023,US,National Institute on Aging,47694,USD,41143.89,The Effect of Cytomegalovirus Infection on Daily Stress Processes in Early Adulthood,ambiguous,ambiguous,0.65,"CMV is associated with faster immune system aging and heightened systemic inflammatory biomarkers in older age but may affect health, and increase vulnerability to stress, earlier in life.",https://reporter.nih.gov/project-details/1F31AG082521-01A1
reporter:5U19AG062682-05,reporter,2023,US,National Institute on Aging,435682,USD,375847.14,Core D: Biospecimens and Supplementary Measures,age_related_disease,ambiguous,0.82,The common theme for Core D (Biospecimens & Supplementary Measures) is to conserve and administer existing biospecimens and supplementary data collected during ASPREE,https://reporter.nih.gov/project-details/5U19AG062682-05
reporter:2P50HD089922-06,reporter,2023,US,Eunice Kennedy Shriver National Institute of Child Health and Human Development,720443,USD,621500.17,PROJECT 1:  Penn State University's Translational Center for Child Maltreatment Studies (TCCMS),ambiguous,ambiguous,0.7,"CM increases the risk of many chronic diseases of aging, the roots of which can already be found during childhood and adolescence.",https://reporter.nih.gov/project-details/2P50HD089922-06
reporter:1R13NS103265-01,reporter,2017,US,National Institute of Neurological Disorders and Stroke,5000,USD,4313.32,2017 Modulation of Neural Circuits & Behavior Gordon Research Conference,ambiguous,ambiguous,0.8,Modulation of Neural Circuits & Behavior,https://reporter.nih.gov/project-details/1R13NS103265-01
reporter:3R01AR065424-02S1,reporter,2015,US,National Institute of Arthritis and Musculoskeletal and Skin Diseases,99977,USD,86246.55,Bone Robustness as a Biomarker of Skeletal Aging and Fragility,ambiguous,age_related_disease,0.78,Reducing age-related fragility fractures remains a major objective of musculoskeletal research.,https://reporter.nih.gov/project-details/3R01AR065424-02S1
reporter:4R00HL148511-03,reporter,2021,US,National Heart Lung and Blood Institute,246719,USD,212835.58,CIRCADIAN PATTERN OF REST-ACTIVITY RHYTHMS AND BLOOD PRESSURE AND THE UNDERLYING,fundamental_aging,age_related_disease,0.9,"Nearly half of US adults present with HTN, one of the strongest risk factors for cardiovascular disease (CVD) and a leading cause of CVD mortality.",https://reporter.nih.gov/project-details/4R00HL148511-03
reporter:5R01ES033514-03,reporter,2024,US,National Institute of Environmental Health Sciences,627063,USD,540944.62,Environmental Chemical Body Burden and Prospective Breast Cancer Risk in the Cancer Prevention Study-3 Cohort,age_related_disease,age_related_disease,0.9,concomitant risk of developing invasive breast cancer during the menopausal transition,https://reporter.nih.gov/project-details/5R01ES033514-03
reporter:5I01BX005642-02,reporter,2023,US,Veterans Affairs,,USD,,Skeletal Muscular Swedish Mutant APP in Alzheimer's Disease Development,age_related_disease,age_related_disease,0.95,investigate possible contributions of Swedish mutant amyloid precursor protein (APPswe) in skeletal muscles to the pathogenesis of Alzheimer’s disease (AD),https://reporter.nih.gov/project-details/5I01BX005642-02
reporter:1R21EY036435-01,reporter,2024,US,National Eye Institute,431290,USD,372058.32,The Aging Eyes Study: mitochondrial dysfunction as a driver of age-related vision loss,fundamental_aging,fundamental_aging,0.85,mitochondrial dysfunction as a driver of age-related vision loss,https://reporter.nih.gov/project-details/1R21EY036435-01
reporter:5R01AG051641-05,reporter,2025,US,National Institute on Aging,637997,USD,550376.98,Vitamin K and D and Cognitive Impairment in Older Adults,age_related_disease,age_related_disease,0.92,Identification of dietary factors that delay decline in cognitive function has important implications for reducing the burden of Alzheimer’s dementia (AD),https://reporter.nih.gov/project-details/5R01AG051641-05
reporter:1ZIANS003106-17,reporter,2025,US,National Institute of Neurological Disorders and Stroke,1416128,USD,1221642.51,Roles of Cdk5 in neurodevelopment and neurodegeneration,ambiguous,age_related_disease,0.78,Roles of Cdk5 in neurodevelopment and neurodegeneration,https://reporter.nih.gov/project-details/1ZIANS003106-17
reporter:5F31AG044967-03,reporter,2015,US,National Institute on Aging,23034,USD,19870.6,Mechanistic Analysis of Age-Induced Changes in Protein Hemostasis,fundamental_aging,fundamental_aging,0.97,"identify senescence factors, the specific mechanisms that induce the decline in function associated with age",https://reporter.nih.gov/project-details/5F31AG044967-03
reporter:1R21AI140249-01A1,reporter,2019,US,National Institute of Allergy and Infectious Diseases,241000,USD,207902.0,Engineering Fetal Cell Exosomes to contain HMGB1: Its trafficking and role as an inflammatory activator in uterine cells,fundamental_aging,ambiguous,0.7,"senescent fetal tissues at term, specifically fetal membrane cells, generate damage-associated molecular pattern markers (DAMPs) with proinflammatory properties",https://reporter.nih.gov/project-details/1R21AI140249-01A1
reporter:5UH2AA030186-02,reporter,2023,US,National Institute on Alcohol Abuse and Alcoholism,183694,USD,158466.18,Lifelong impact of PAE on stem cell dynamics and cellular aging,fundamental_aging,fundamental_aging,0.93,premature aging of stem cells as a mechanism that drives systemic aging,https://reporter.nih.gov/project-details/5UH2AA030186-02
reporter:1R13AR075409-01,reporter,2019,US,National Institute of Arthritis and Musculoskeletal and Skin Diseases,22000,USD,18978.61,Advances in Mineral Metabolism(AIMM) 2019 annual meeting,fundamental_aging,ambiguous,0.85,an annual conference that combines presentations on bone and musculoskeletal biology research,https://reporter.nih.gov/project-details/1R13AR075409-01
reporter:1R35GM158423-01,reporter,2025,US,National Institute of General Medical Sciences,416726,USD,359494.48,Chemical Specific Measurements of Cellular Heterogeneity in Organoids,fundamental_aging,ambiguous,0.95,The central theme of this proposal is to develop technologies that will enable the extraction of chemical information from organoids.,https://reporter.nih.gov/project-details/1R35GM158423-01
reporter:1R01CA244328-01A1,reporter,2022,US,National Cancer Institute,707291,USD,610154.42,Neurocognitive and Patient-Reported Outcomes after Chimeric Antigen Receptor T-Cell Therapy: A Controlled Comparison,fundamental_aging,age_related_disease,0.88,investigate longitudinal changes in PROs and CACD ... in the first year after CAR T-cell therapy,https://reporter.nih.gov/project-details/1R01CA244328-01A1
reporter:7R01AG070145-02,reporter,2022,US,National Institute on Aging,306475,USD,264384.92,hiPS cells derived skeletal muscle progenitors and their extracellular vesicles for treatment of sarcopenia,age_related_disease,age_related_disease,0.9,hiPS cells derived skeletal muscle progenitors and their extracellular vesicles for treatment of sarcopenia,https://reporter.nih.gov/project-details/7R01AG070145-02
reporter:5R35GM139621-03,reporter,2023,US,National Institute of General Medical Sciences,377225,USD,325418.39,Control of gene expression by dynamic metabolic oscillations,age_related_disease,ambiguous,0.65,"FOXO3, a key regulator of stress genes that plays a role in aging, and TFEB, a central regulator of lysosome and autophagy genes",https://reporter.nih.gov/project-details/5R35GM139621-03
reporter:1R43AT012449-01A1,reporter,2024,US,National Center for Complementary and Integrative Health,295780,USD,255158.73,Development of a high throughput in vivo screening platform for identifying novel pro-and postbiotic bacterial strains,age_related_disease,ambiguous,0.75,Development of a high throughput in vivo screening platform for identifying novel pro-and postbiotic bacterial strains,https://reporter.nih.gov/project-details/1R43AT012449-01A1
reporter:5F31ES036890-02,reporter,2025,US,National Institute of Environmental Health Sciences,40828,USD,35220.84,The role for cell cycle regulators in trichloroethylene induced Parkinson's dementia,fundamental_aging,age_related_disease,0.95,namely Parkinson’s disease dementia,https://reporter.nih.gov/project-details/5F31ES036890-02
reporter:5R01EY012509-15,reporter,2015,US,National Eye Institute,490505,USD,423140.96,PDGF and PVR,fundamental_aging,ambiguous,0.6,Proliferative vitreoretinopathy is a blinding condition for which available treatment options do not address the needs of all affected patients.,https://reporter.nih.gov/project-details/5R01EY012509-15
reporter:2I01BX000286-09A1,reporter,2020,US,Veterans Affairs,,USD,,Chromatin Regulation by Mammalian SIRT7 in Aging and Disease,fundamental_aging,fundamental_aging,0.97,"This project will study novel mechanisms of SIRT7 in protecting against genomic instability and cellular senescence, fundamental aging mechanisms",https://reporter.nih.gov/project-details/2I01BX000286-09A1
reporter:5R01AG016694-24,reporter,2023,US,National Institute on Aging,613494,USD,529239.13,Effectors of Cellular Senescence States,fundamental_aging,fundamental_aging,0.9,"Cell senescence is an irreversible arrest of proliferation due to a variety of stresses. It is characterized by the secretion of proinflammatory molecules, the senescence associated secretory phenotype (SASP).",https://reporter.nih.gov/project-details/5R01AG016694-24
reporter:3R01AG040178-10S1,reporter,2020,US,National Institute on Aging,172856,USD,149116.63,Caloric Restriction and Aging in Rhesus Monkeys,fundamental_aging,intervention,0.97,"Caloric restriction (CR), undernutrition without malnutrition, offers a powerful way to explore mechanisms of delayed aging.",https://reporter.nih.gov/project-details/3R01AG040178-10S1
reporter:1R15AG074538-01A1,reporter,2023,US,National Institute on Aging,445390,USD,384221.88,Genetic Mechanisms of Circadian Clock-Mediated Dietary Restriction in Drosophila,fundamental_aging,intervention,0.96,"Dietary Restriction (DR), where caloric or diet intake is reduced but not to the point of malnutrition, extends lifespan and healthspan in model organisms",https://reporter.nih.gov/project-details/1R15AG074538-01A1
reporter:5P20GM139760-04,reporter,2024,US,National Institute of General Medical Sciences,2398054,USD,2068714.63,Delaware Center for Musculoskeletal Research,age_related_disease,age_related_disease,0.75,"musculoskeletal disorders (e.g., osteoarthritis, osteoporosis, muscle wasting, post-traumatic repair, degeneration)",https://reporter.nih.gov/project-details/5P20GM139760-04
reporter:5R01AG017644-24,reporter,2023,US,National Institute on Aging,2112558,USD,1822427.54,English Longitudinal Study of Ageing: Renewal 2020,age_related_disease,ambiguous,0.8,key current scientific issues relevant to population aging and public policy,https://reporter.nih.gov/project-details/5R01AG017644-24
reporter:2T32AG052374-06,reporter,2021,US,National Institute on Aging,613099,USD,528898.38,USC-Buck Geroscience Training in the Biology of Aging,fundamental_aging,fundamental_aging,0.9,USC-Buck Geroscience Training in the Biology of Aging,https://reporter.nih.gov/project-details/2T32AG052374-06
reporter:5U19AG062418-03,reporter,2021,US,National Institute on Aging,452682,USD,390512.42,"Project I ""Mechanisms of Pathological aSyn Transmission""",age_related_disease,age_related_disease,0.97,Center On Alpha-synuclein Strains In Alzheimer Disease & Related Dementias,https://reporter.nih.gov/project-details/5U19AG062418-03
reporter:5R01AG071815-04,reporter,2025,US,National Institute on Aging,428973,USD,370059.52,Novel longevity enhancing pathways regulated by mTOR,fundamental_aging,intervention,0.95,Inhibitors of the mTOR pathway are among the most promising interventions to target age-related dysfunction,https://reporter.nih.gov/project-details/5R01AG071815-04
reporter:5R01AG059874-02,reporter,2019,US,National Institute on Aging,619917,USD,534780.02,High resolution mapping of the genetic risk for disease in the aging brain,age_related_disease,age_related_disease,0.78,map out the neurobiological effect of genes that confer risk for dementia,https://reporter.nih.gov/project-details/5R01AG059874-02
reporter:5T32GM149433-02,reporter,2025,US,National Institute of General Medical Sciences,321270,USD,277148.03,Predoctoral Training Program in Biological Data Science at Brown University,ambiguous,ambiguous,0.95,Predoctoral Training Program in Biological Data Science at Brown University,https://reporter.nih.gov/project-details/5T32GM149433-02
reporter:5I01CX002210-03,reporter,2023,US,Veterans Affairs,,USD,,Role of sirtuin 6 in melanoma development and progression,fundamental_aging,age_related_disease,0.95,Role of sirtuin 6 in melanoma development and progression,https://reporter.nih.gov/project-details/5I01CX002210-03
reporter:3U24CA268108-03S2,reporter,2023,US,National Cancer Institute,562350,USD,485119.05,SenNet Supplement - 2 -FY 2024,fundamental_aging,fundamental_aging,0.72,internship award program in cellular senescence based on the NIH criteria,https://reporter.nih.gov/project-details/3U24CA268108-03S2
reporter:5R01AG072791-02,reporter,2022,US,National Institute on Aging,528149,USD,455615.08,Role of Selective Autophagy in Organismal Health,fundamental_aging,fundamental_aging,0.9,"Autophagy is a cellular, homeostatic process with important roles in aging and age-related diseases.",https://reporter.nih.gov/project-details/5R01AG072791-02
reporter:1R01CA255840-01,reporter,2021,US,National Cancer Institute,331688,USD,286135.27,Chemotherapy-induced vascular cognitive impairment: role of endothelial senescence,fundamental_aging,fundamental_aging,0.8,"chemotherapeutic drugs, including paclitaxel (PTX) induce cerebromicrovascular endothelial cells to undergo cellular senescence",https://reporter.nih.gov/project-details/1R01CA255840-01
reporter:5R01HL126952-05,reporter,2019,US,National Heart Lung and Blood Institute,426091,USD,367573.33,Functional implications of fluid shear stress-induced mitochondrial remodeling,fundamental_aging,age_related_disease,0.8,protective mechanism for vascular dysfunction,https://reporter.nih.gov/project-details/5R01HL126952-05
reporter:2R01AG038664-06,reporter,2016,US,National Institute on Aging,399750,USD,344849.9,Regulation of the Autophagy Process in Organismal Aging,ambiguous,fundamental_aging,0.97,Regulation of the Autophagy Process in Organismal Aging,https://reporter.nih.gov/project-details/2R01AG038664-06
reporter:1F31GM149144-01A1,reporter,2024,US,National Institute of General Medical Sciences,48974,USD,42248.1,Disease consequences and regulation of autophagy-independent ATG3 activity,age_related_disease,ambiguous,0.72,"Dysregulation of autophagy is broadly associated with several diseases including cancer, aging, and neurodegeneration.",https://reporter.nih.gov/project-details/1F31GM149144-01A1
reporter:5R01AG054712-03,reporter,2019,US,National Institute on Aging,656963,USD,566738.27,Epigenetic-Genetic Modulations in Aging and Alzheimer's Disease Neurons,age_related_disease,fundamental_aging,0.82,"during aging, the active chromatin in human cortical neurons is gradually modified in a subset of chromosomal loci",https://reporter.nih.gov/project-details/5R01AG054712-03
reporter:1ZIAAG000566-01,reporter,2025,US,National Institute on Aging,104556,USD,90196.69,Identification and characterization of novel LncRNA LncEPCAM2 in Senescence,fundamental_aging,fundamental_aging,0.95,The role of long non-coding RNAs (lncRNAs) in cellular senescence remains an area of intense research.,https://reporter.nih.gov/project-details/1ZIAAG000566-01
reporter:1R21CA283132-01,reporter,2023,US,National Cancer Institute,415257,USD,358227.23,Racial Disparities and Colorectal DNA Methylation- Driven Gene Expression,fundamental_aging,age_related_disease,0.88,Racial disparities in colorectal cancer (CRC) are widening.,https://reporter.nih.gov/project-details/1R21CA283132-01
reporter:5R01DK112808-03,reporter,2019,US,National Institute of Diabetes and Digestive and Kidney Diseases,289800,USD,250000.0,Basic Aspects of Hematopoietic Stem Cells and Aging,fundamental_aging,fundamental_aging,0.98,Changes in hematopoiesis and hematopoietic stem cells are an important component of aging.,https://reporter.nih.gov/project-details/5R01DK112808-03
reporter:5R35GM150992-02,reporter,2024,US,National Institute of General Medical Sciences,378240,USD,326294.0,Mechanistic insights into translesion synthesis-dependent genome instability,fundamental_aging,ambiguous,0.7,regulate cellular metabolic choices of autophagy versus senescence in response to different types of DNA damages,https://reporter.nih.gov/project-details/5R35GM150992-02
reporter:5R01CA174737-09,reporter,2023,US,National Cancer Institute,366581,USD,316236.2,Molecular basis for the impact of sex on brain tumorigenesis,fundamental_aging,age_related_disease,0.82,we now hypothesize that sex differences in cellular senescence contribute to the sex disparity in glioblastoma (GBM) incidence and survival,https://reporter.nih.gov/project-details/5R01CA174737-09
reporter:1F31AG050365-01,reporter,2015,US,National Institute on Aging,43120,USD,37198.07,Activation of retrotransposable elements in cellular senescence and aging,fundamental_aging,fundamental_aging,0.98,"We have reported that retrotransposition is activated during aging and cellular senescence, and hypothesized that it may represent a hitherto unappreciated molecular aging process.",https://reporter.nih.gov/project-details/1F31AG050365-01
reporter:5R21AG075622-02,reporter,2023,US,National Institute on Aging,198210,USD,170988.61,Cellular senescence in chronic pain and aging,fundamental_aging,fundamental_aging,0.92,senescent cells accumulate in many tissues throughout the body and disrupt tissue homeostasis by secreting factors that induce inflammation,https://reporter.nih.gov/project-details/5R21AG075622-02
reporter:1K99AG090817-01A1,reporter,2025,US,National Institute on Aging,107946,USD,93121.12,Ambient Outdoor Heat and Alzheimer's Disease and Related Dementias Risk: A Biopsychosocial Approach to Vulnerability in Older Adults,age_related_disease,age_related_disease,0.96,to determine if high outdoor temperatures increase ADRD risks,https://reporter.nih.gov/project-details/1K99AG090817-01A1
reporter:1R21AG072397-01,reporter,2021,US,National Institute on Aging,231750,USD,199922.36,Aging and the nuclear lamina in mitotic stem cells,fundamental_aging,fundamental_aging,0.96,The long-term goal of these studies is to define contributions of the mitotic nuclear lamina to fGSC homeostasis during aging.,https://reporter.nih.gov/project-details/1R21AG072397-01
reporter:5R01AG073338-04,reporter,2025,US,National Institute on Aging,547695,USD,472476.71,Reparative effect of juvenile factors in aging and injury,age_related_disease,intervention,0.82,Our goal is to develop methods to revitalize the aging,https://reporter.nih.gov/project-details/5R01AG073338-04
reporter:5R03NS111260-02,reporter,2020,US,National Institute of Neurological Disorders and Stroke,71204,USD,61425.12,cGAS-mediated glial responses to DNA damage: A pilot study,fundamental_aging,ambiguous,0.7,Genomic instability is a major driving force for cancer and age-related diseases.,https://reporter.nih.gov/project-details/5R03NS111260-02
reporter:3P30AR069619-07S1,reporter,2022,US,National Institute of Arthritis and Musculoskeletal and Skin Diseases,243750,USD,210274.33,Micro-CT Imaging Core,ambiguous,ambiguous,0.75,"progressive and chronic changes with aging and disease, can be evaluated and quantified",https://reporter.nih.gov/project-details/3P30AR069619-07S1
reporter:5R01CA114336-09,reporter,2015,US,National Cancer Institute,276092,USD,238174.6,Optimization of Tumor Vaccines for the Aged,age_related_disease,age_related_disease,0.86,Optimization of Tumor Vaccines for the Aged,https://reporter.nih.gov/project-details/5R01CA114336-09
reporter:5R01AG062383-04,reporter,2022,US,National Institute on Aging,506186,USD,436668.39,Sialic Acid Modulation of HIV-associated Chronic Inflammaging,fundamental_aging,fundamental_aging,0.9,"HIV infection accelerates the pace of age-associated hypo-sialyation, which contributes to inflammaging.",https://reporter.nih.gov/project-details/5R01AG062383-04
reporter:5U19AG073172-05,reporter,2025,US,National Institute on Aging,1200271,USD,1035430.47,Protective factors and mechanisms,age_related_disease,age_related_disease,0.9,"discover factors and mechanisms protective against cognitive impairment, AD and other dementias",https://reporter.nih.gov/project-details/5U19AG073172-05
reporter:3R01AG064869-04S1,reporter,2023,US,National Institute on Aging,145001,USD,125087.13,Nutrient-sensing GHS-R in macrophage reprogramming and inflamm-aging,ambiguous,fundamental_aging,0.92,novel function of nutrient-sensing ghrelin signaling in inflamm-aging,https://reporter.nih.gov/project-details/3R01AG064869-04S1
reporter:5R01MH110434-02,reporter,2017,US,National Institute of Mental Health,712814,USD,614918.91,Trajectories of Aging in Psychotic Disorders Over 27 Years,ambiguous,fundamental_aging,0.85,One proposed explanation is that psychotic disorders are associated with accelerated aging.,https://reporter.nih.gov/project-details/5R01MH110434-02
reporter:5R01HL168635-03,reporter,2025,US,National Heart Lung and Blood Institute,834918,USD,720253.62,Multiparametric PET/MRI Assessment of Mast Cell Stabilization Effects on Inflammaging and Glucose Utilization in Infarcted Myocardium,fundamental_aging,fundamental_aging,0.82,Cardiac inflammaging post-MI is a state of chronic low-grade sterile inflammation,https://reporter.nih.gov/project-details/5R01HL168635-03
reporter:5R03HD080893-02,reporter,2015,US,Eunice Kennedy Shriver National Institute of Child Health and Human Development,75318,USD,64974.12,Impact of Life Course Socioeconomic Status on the Ovarian Reserve,age_related_disease,fundamental_aging,0.78,accelerated reproductive aging such as cigarette smoking,https://reporter.nih.gov/project-details/5R03HD080893-02
reporter:5R01AG070036-05,reporter,2025,US,National Institute on Aging,1012732,USD,873647.34,Differential Effects of Exercise Modality on Cognition and Brain in Older Adults,age_related_disease,age_related_disease,0.8,exercise prevents cognitive decline or delays the onset of debilitating dementia (e.g. Alzheimer's disease [AD]),https://reporter.nih.gov/project-details/5R01AG070036-05
reporter:5R01AG072694-05,reporter,2025,US,National Institute on Aging,1802239,USD,1554726.54,Resilience and brain health of older adults,fundamental_aging,age_related_disease,0.78,cognitive and emotional health and risk for Alzheimer’s Disease (AD),https://reporter.nih.gov/project-details/5R01AG072694-05
reporter:2R01DK047320-21A1,reporter,2017,US,National Institute of Diabetes and Digestive and Kidney Diseases,346500,USD,298913.04,Mechanism of Selenoprotein Synthesis,age_related_disease,age_related_disease,0.78,higher incidence of type 2 diabetes among Se supplemented men with an adequate Se intake but not among women,https://reporter.nih.gov/project-details/2R01DK047320-21A1
reporter:5R01AG027060-12,reporter,2021,US,National Institute on Aging,563519,USD,486127.5,"FOXO3 Genotype, InflammAging, Cardiovascular Disease, and Dementia. Kuakini Hawaii Lifespan Study III",age_related_disease,fundamental_aging,0.86,"This renewal proposal assesses whether InflammAging (aging-related inflammation) is modulated by FOXO3 genotype and whether this impacts risk for CVD, Alzheimer’s disease (AD), and VCID.",https://reporter.nih.gov/project-details/5R01AG027060-12
reporter:5R01AG049483-03,reporter,2018,US,National Institute on Aging,512714,USD,442299.86,Mechanisms of Toxicity in C. elegans  Models of Transthyretin Amyloidosis,ambiguous,age_related_disease,0.86,"Protein aggregation is a feature of most neurodegenerative diseases, including the transthyretin (TTR) amyloidoses.",https://reporter.nih.gov/project-details/5R01AG049483-03
reporter:1R01HL158534-01,reporter,2021,US,National Heart Lung and Blood Institute,423125,USD,365014.67,Influence of sleep on the hematopoietic niche and atherosclerosis during aging,age_related_disease,fundamental_aging,0.85,explore the hypothesis that that sleep disruption advances the biological age of the hematopoietic niche and augments vascular inflammation through epigenetic and senescent programs.,https://reporter.nih.gov/project-details/1R01HL158534-01
reporter:1ZIAAG000393-09,reporter,2016,US,National Institute on Aging,619000,USD,533988.96,Influence of Post-transcriptional Gene Regulation on Cell Senescence and Aging,fundamental_aging,fundamental_aging,0.98,Changes in gene expression patterns are a hallmark of the aging process.,https://reporter.nih.gov/project-details/1ZIAAG000393-09
reporter:3P30AG028747-15S1,reporter,2020,US,National Institute on Aging,385625,USD,332664.77,Claude D. Pepper Older Americans Independence Center,age_related_disease,age_related_disease,0.88,a defining feature of Alzheimer’s disease (AD) and its related dementias (ADRD) is the accumulation of amyloid-beta protein in extracellular plaques within the brain,https://reporter.nih.gov/project-details/3P30AG028747-15S1
reporter:3R01AG027060-11S1,reporter,2020,US,National Institute on Aging,460652,USD,397387.85,"COVID-19 Administrative Supplement for FOXO3 Genotype, InflammAging, Cardiovascular Disease, and Dementia. Kuakini Hawaii Lifespan Study III",age_related_disease,ambiguous,0.75,"COVID-19 Administrative Supplement for FOXO3 Genotype, InflammAging, Cardiovascular Disease, and Dementia.",https://reporter.nih.gov/project-details/3R01AG027060-11S1
reporter:4R00AG051661-03,reporter,2018,US,National Institute on Aging,249000,USD,214803.31,"Mechanisms of metabolic, inflammatory and healthspan enhancement by 17a-estradiol",ambiguous,intervention,0.88,"Mechanisms of metabolic, inflammatory and healthspan enhancement by 17a-estradiol",https://reporter.nih.gov/project-details/4R00AG051661-03
reporter:5R01AG063801-02,reporter,2020,US,National Institute on Aging,507895,USD,438142.68,Develop BCL-xL proteolysis targeting chimeras as safer and better senolytics,fundamental_aging,intervention,0.95,"Selective elimination of SnCs with a small molecule, termed senolytic, has become a new “anti-aging” strategy",https://reporter.nih.gov/project-details/5R01AG063801-02
reporter:5R21NS093442-02,reporter,2017,US,National Institute of Neurological Disorders and Stroke,227250,USD,196040.37,Light-based regulation of autophagy processing to target pathological forms of tau,age_related_disease,age_related_disease,0.95,clearance of pathological forms of microtubule associated protein tau (MAPT),https://reporter.nih.gov/project-details/5R21NS093442-02
reporter:5R01MD014618-03,reporter,2023,US,National Institute on Minority Health and Health Disparities,385622,USD,332662.18,The impact of enculturation on the epigenetic relationship between chronic stress and hypertension in Yup'ik Alaska Native people,fundamental_aging,age_related_disease,0.85,"The objective of the proposed research is to identify molecular mechanisms linking the protective role of culture to blood pressure regulation, a major risk factor for stroke",https://reporter.nih.gov/project-details/5R01MD014618-03
reporter:1R01CA230995-01,reporter,2018,US,National Cancer Institute,374578,USD,323134.92,(PQ4) - Tools for simultaneous disruption of multiple epigenetically silenced genes for studying their roles in tumorigenesis using ex vivo human and mouse colon organoid and in vivo mouse models,age_related_disease,age_related_disease,0.95,understand how multiple genes affected by epigenetic or copy number alterations act in concert to influence the process of tumor development,https://reporter.nih.gov/project-details/1R01CA230995-01
reporter:5R01HL124747-02,reporter,2016,US,National Heart Lung and Blood Institute,385000,USD,332125.6,"Caveolin-1-mediated senescence, chronic inflammation and age-related lung disease",fundamental_aging,fundamental_aging,0.85,caveolin-1-mediated inhibition of autophagy promotes smoke-induced autophagy-to-senescence transition (AST) of lung fibroblasts,https://reporter.nih.gov/project-details/5R01HL124747-02
reporter:5R00DE029229-04,reporter,2022,US,National Institute of Dental and Craniofacial Research,248980,USD,214786.06,Functional exploration of progenitor renewal and differentiation in oral epithelial homeostasis and cancer,fundamental_aging,age_related_disease,0.9,Head and neck squamous cell carcinoma (HNSCC) is the most common cancer type initiated from stratified epithelium,https://reporter.nih.gov/project-details/5R00DE029229-04
reporter:5R21AG082480-02,reporter,2025,US,National Institute on Aging,201250,USD,173611.11,Nutrient-sensitive protein modifications regulate daily biological rhythms,ambiguous,ambiguous,0.65,Robust daily biological rhythms over the 24-hour (h) day-night cycles are key hallmarks of animal healthspan,https://reporter.nih.gov/project-details/5R21AG082480-02
reporter:5R01DK108959-09,reporter,2024,US,National Institute of Diabetes and Digestive and Kidney Diseases,430234,USD,371147.34,The Paracrine Regulation of Mast Cells During Biliary/Cholangiocyte Repair and Damage,fundamental_aging,ambiguous,0.6,"biliary senescence, inflammation, peribiliary fibrosis and increased portal mast cell (MC) presence/activation",https://reporter.nih.gov/project-details/5R01DK108959-09
reporter:5P01AG047200-08,reporter,2021,US,National Institute on Aging,336934,USD,290660.8,Somatic mutation and epimutation rate and species-specific longevity,fundamental_aging,fundamental_aging,0.98,DNA damage has long been implicated as a driver of aging.,https://reporter.nih.gov/project-details/5P01AG047200-08
reporter:5P30AG066546-04,reporter,2024,US,National Institute on Aging,243004,USD,209630.78,South Texas Alzheimer's Disease Center Genetics and Multiomics Core,age_related_disease,age_related_disease,0.9,"Genetic and multiomic characterization of ADRD in individuals, and in groups of patients, could exploit this heterogeneity towards more effective, precise, personalized prevention and treatment of dementia.",https://reporter.nih.gov/project-details/5P30AG066546-04
reporter:3R01ES030557-05S1,reporter,2023,US,National Institute of Environmental Health Sciences,138252,USD,119265.01,Urinary DNA Adductomics for the Assessment of Exposure to Cancer Risk Factors,age_related_disease,age_related_disease,0.85,"may be applied to assessing cancer risk, or prevention",https://reporter.nih.gov/project-details/3R01ES030557-05S1
reporter:3R01HL136311-04S1,reporter,2021,US,National Heart Lung and Blood Institute,165000,USD,142339.54,Role of vascular smooth muscle Bcl11b in arterial stiffness,intervention,age_related_disease,0.78,"NAD+ levels have been shown to drastically decrease with obesity and aging, which are the highest risk factors for cardiovascular disease (CVD).",https://reporter.nih.gov/project-details/3R01HL136311-04S1
reporter:3P01AG049665-04S1,reporter,2018,US,National Institute on Aging,398997,USD,344200.31,Targeting endocrine and cell-autonomous mechanisms of pneumonia-induced Alzheimer disease related dementia in aging,age_related_disease,fundamental_aging,0.86,Dysfunction in the proteostasis networks in the cell is a common final pathway in aging phenotypes and declines during aging in model organisms,https://reporter.nih.gov/project-details/3P01AG049665-04S1
reporter:5R01GM081840-06,reporter,2016,US,National Institute of General Medical Sciences,382790,USD,330219.12,SUMO-dependent Regulation of Ubiquitin Ligases in Genomic Stability,fundamental_aging,age_related_disease,0.65,"Maintenance of genetic integrity is critical for both cell viability and the suppression of human disease, including cancer.",https://reporter.nih.gov/project-details/5R01GM081840-06
reporter:3U54MD007595-12S1,reporter,2020,US,National Institute on Minority Health and Health Disparities,354999,USD,306244.82,"Examining the Role of Neighborhood Conditions, C-Reactive Protein, and Psychosocial Resiliency Factors in Cognitive Impairment among Diverse US Older Adults",age_related_disease,age_related_disease,0.92,Alzheimer’s disease and Alzheimer’s disease related dementias (AD/ADRD),https://reporter.nih.gov/project-details/3U54MD007595-12S1
reporter:1R01MH112152-01A1,reporter,2017,US,National Institute of Mental Health,610745,USD,526867.67,Long-Lived Synaptic Proteins,ambiguous,ambiguous,0.65,exceptionally long-lived proteins (LLPs) reside in synapses and act as molecular anchors to maintain the synaptic strength,https://reporter.nih.gov/project-details/1R01MH112152-01A1
reporter:3P40OD010952-25S2,reporter,2020,US,NIH Office of the Director,258827,USD,223280.71,National Resource for Aplysia,fundamental_aging,ambiguous,0.7,"The goal of this application for supplemental support is to investigate the distribution and potential for pathology of a newly discovered, naturally occurring, nidovirus infection in Aplysia",https://reporter.nih.gov/project-details/3P40OD010952-25S2
reporter:1RF1AG093116-01,reporter,2025,US,National Institute on Aging,3445585,USD,2972381.82,Molecular Mechanisms and Genetic Basis of Human Ovarian Aging,fundamental_aging,fundamental_aging,0.96,investigate the molecular mechanisms that control the remarkably complex processes of ovarian aging,https://reporter.nih.gov/project-details/1RF1AG093116-01
reporter:1R01AG052340-01,reporter,2016,US,National Institute on Aging,625546,USD,539635.96,"Characterizing the Epigenetic relationship between aging, HIV-infection, ART and biological outcomes",age_related_disease,fundamental_aging,0.92,"we successfully identified a pattern of DNA methylation that is strongly associated with aging, and is accelerated during HIV-1 infection by ~14 years",https://reporter.nih.gov/project-details/1R01AG052340-01
reporter:5R21AG051047-02,reporter,2017,US,National Institute on Aging,211641,USD,182575.05,The Role of Actin in Cellular Aging,fundamental_aging,fundamental_aging,0.95,little is known about the role of the cytoskeleton in the normal aging process,https://reporter.nih.gov/project-details/5R21AG051047-02
reporter:5R01AG060232-04,reporter,2022,US,National Institute on Aging,578224,USD,498812.97,"Disease Outcomes iN Older adults under extreme Heat, AiR pollution and Medication use (DO-NO-HARM)",age_related_disease,ambiguous,0.7,"Disease Outcomes iN Older adults under extreme Heat, AiR pollution and Medication use",https://reporter.nih.gov/project-details/5R01AG060232-04
reporter:1R21AG083329-01,reporter,2023,US,National Institute on Aging,238500,USD,205745.34,Modulation of Lifespan and Healthspan by Meiosis Genes,age_related_disease,fundamental_aging,0.95,"how perturbing meiosis, a process that occurs exclusively in germ cells, impacts the length of life and rate of aging of the animal",https://reporter.nih.gov/project-details/1R21AG083329-01
reporter:5R01ES031796-05,reporter,2025,US,National Institute of Environmental Health Sciences,416996,USD,359727.4,RAD51 paralog function in cancer predisposition and genome integrity,age_related_disease,age_related_disease,0.86,RAD51 paralog function in cancer predisposition and genome integrity,https://reporter.nih.gov/project-details/5R01ES031796-05
reporter:5R01EB028690-04,reporter,2023,US,National Institute of Biomedical Imaging and Bioengineering,475355,USD,410071.6,Hybrid Synthetic and Biologic Shear Thinning Hydrogels for Diabetic Wound Healing,age_related_disease,age_related_disease,0.92,"Nonhealing skin wounds are a major source of morbidity worldwide and becoming more of a burden due to an increase in health care costs, an aging population, and growing incidence of diabetes.",https://reporter.nih.gov/project-details/5R01EB028690-04
reporter:4P01CA165997-04,reporter,2016,US,National Cancer Institute,262116,USD,226118.01,Role of the UPR in myc-induced tumorigenesis,fundamental_aging,age_related_disease,0.95,Role of the UPR in myc-induced tumorigenesis,https://reporter.nih.gov/project-details/4P01CA165997-04
reporter:5U01AG071448-03,reporter,2023,US,National Institute on Aging,5678272,USD,4898440.3,National Longitudinal Study of Adolescent to Adult Health (Add Health): Wave VI Core Project,ambiguous,ambiguous,0.75,describes core plans for data collection and dissemination of the sixth wave (Wave VI) of the National Longitudinal Study,https://reporter.nih.gov/project-details/5U01AG071448-03
reporter:5DP1AG077430-02,reporter,2022,US,National Institute on Aging,1116759,USD,963387.68,Cracking the Code of Transgenerational Inheritance of Behavior,ambiguous,ambiguous,0.72,"Transgenerational epigenetic inheritance (TEI) has been observed in worms, flies, and mice, and proposed in humans",https://reporter.nih.gov/project-details/5DP1AG077430-02
reporter:5R01GM046779-25,reporter,2015,US,National Institute of General Medical Sciences,386575,USD,333484.3,Polyadenylation and Translational Control,fundamental_aging,ambiguous,0.85,The broad objective of this proposal is to understand posttranscriptional control of early animal development.,https://reporter.nih.gov/project-details/5R01GM046779-25
reporter:5U01AG052409-03,reporter,2019,US,National Institute on Aging,374449,USD,323023.64,"ADSP Follow-up in Multi-Ethnic Cohorts via Endophenotypes, Omics & Model Systems",ambiguous,age_related_disease,0.95,"to convincingly establish new late-onset AD (LOAD) loci, replication is essential",https://reporter.nih.gov/project-details/5U01AG052409-03
reporter:3P40OD024628-05S1,reporter,2021,US,NIH Office of the Director,402499,USD,347221.36,Specific Pathogen Free Baboon Research Resource (SPFBRR) - Administrative Supplement (Epigenetic),age_related_disease,fundamental_aging,0.93,"Epigenetic age is a new, robust biomarker of aging that has outperformed other molecular and phenotypic biomarkers of aging in predicting morbidity and mortality.",https://reporter.nih.gov/project-details/3P40OD024628-05S1
reporter:5R01CA207209-05,reporter,2020,US,National Cancer Institute,349004,USD,301073.15,Inhibition of the ALT pathway by interfering with Poly-ADP-Ribose metabolism,fundamental_aging,age_related_disease,0.86,cancer cells must bypass replicative senescence and activate a telomere maintenance mechanism (TMM),https://reporter.nih.gov/project-details/5R01CA207209-05
reporter:5R01AG049416-02,reporter,2016,US,National Institute on Aging,362492,USD,312708.76,Biodemography and senescence in long-lived painted turtles,fundamental_aging,fundamental_aging,0.96,Why do we senesce? ... recent work on turtles has detected no evidence of demographic senescence,https://reporter.nih.gov/project-details/5R01AG049416-02
reporter:5R01AA026687-02,reporter,2020,US,National Institute on Alcohol Abuse and Alcoholism,405787,USD,350057.8,Alcohol Consumption and Cardiovascular Health Among Older Couples:  The Roles of Genetics and Marital Quality,age_related_disease,age_related_disease,0.92,Alcohol Consumption and Cardiovascular Health Among Older Couples,https://reporter.nih.gov/project-details/5R01AA026687-02
reporter:5R01AG057353-05,reporter,2021,US,National Institute on Aging,626560,USD,540510.7,Proteostasis and metabolism in brain aging,fundamental_aging,fundamental_aging,0.96,Elucidating the molecular basis for the age-related loss of proteostasis is expected to inspire new therapeutic approaches,https://reporter.nih.gov/project-details/5R01AG057353-05
reporter:5P30AG028383-12,reporter,2017,US,National Institute on Aging,1655500,USD,1428140.1,University of Kentucky Alzheimer's Disease Core Center,age_related_disease,age_related_disease,0.97,University of Kentucky Alzheimer's Disease Core Center,https://reporter.nih.gov/project-details/5P30AG028383-12
reporter:5R01FD007528-02,reporter,2023,US,Food and Drug Administration,615811,USD,531237.92,Identifying senescence and immune biomarkers predictive of benefit to combined CDK4 and checkpoint blockade inhibition in patients with dedifferentiated liposarcoma,fundamental_aging,age_related_disease,0.88,combined CDK4 and checkpoint blockade inhibition in patients with dedifferentiated liposarcoma,https://reporter.nih.gov/project-details/5R01FD007528-02
reporter:3R35GM139453-02S1,reporter,2022,US,National Institute of General Medical Sciences,122412,USD,105600.41,Acquisition of Equipment for Structural Studies of Macromolecular Assemblies Using Cryo-EM,ambiguous,ambiguous,0.72,Our present AKTA purification system is aging and shows numerous problems,https://reporter.nih.gov/project-details/3R35GM139453-02S1
reporter:5R01AG071587-04,reporter,2025,US,National Institute on Aging,731174,USD,630757.42,Microglia-specific proteomic mechanisms and biomarkers of neuroinflammation in Alzheimer’s disease,age_related_disease,age_related_disease,0.95,Microglia-specific proteomic mechanisms and biomarkers of neuroinflammation in Alzheimer’s disease,https://reporter.nih.gov/project-details/5R01AG071587-04
reporter:5R01AG079525-04,reporter,2025,US,National Institute on Aging,435187,USD,375420.12,The impact of insulin sensitivity on the potential of metformin to delay age-related inflammation,intervention,intervention,0.95,metformin to delay age-related inflammation,https://reporter.nih.gov/project-details/5R01AG079525-04
reporter:5U19AI057266-18,reporter,2021,US,National Institute of Allergy and Infectious Diseases,2254938,USD,1945253.62,Vaccine Induced Immunity in the Young and Aged,fundamental_aging,ambiguous,0.65,Vaccine Induced Immunity in the Young and Aged,https://reporter.nih.gov/project-details/5U19AI057266-18
reporter:5R01AG045036-04,reporter,2017,US,National Institute on Aging,409824,USD,353540.37,Nutritional and Epigenetic Priming of Metabolism and Aging in Drosophila,intervention,fundamental_aging,0.95,dissect the fundamental epigenetic mechanisms and physiological changes that underlie the effects of poor nutrition during critical periods of development on metabolic aging,https://reporter.nih.gov/project-details/5R01AG045036-04
reporter:5R01HL147715-03,reporter,2021,US,National Heart Lung and Blood Institute,469291,USD,404840.41,Mechanisms of defective mitophagy and cellular senescence in HIV associated COPD,fundamental_aging,fundamental_aging,0.85,Mechanisms of defective mitophagy and cellular senescence in HIV associated COPD,https://reporter.nih.gov/project-details/5R01HL147715-03
reporter:5K01AG059837-02,reporter,2019,US,National Institute on Aging,102442,USD,88373.02,Senescent Cell Burden in Human Aging and Obesity: Functional Consequences and Reduction by Caloric Restriction,fundamental_aging,intervention,0.88,The primary hypothesis is that a CR intervention will reduce senescent cell burden,https://reporter.nih.gov/project-details/5K01AG059837-02
reporter:1I01BX006077-01A2,reporter,2025,US,Veterans Affairs,,USD,,BCCMA: Cardiovascular Remodeling following Arteriovenous Fistula Creation: Autophagy Contributes to Adverse Arteriovenous Fistula Remodeling,age_related_disease,age_related_disease,0.75,elucidate mechanisms of AVF maturation failure,https://reporter.nih.gov/project-details/1I01BX006077-01A2
reporter:1R01NS136519-01,reporter,2024,US,National Institute of Neurological Disorders and Stroke,398750,USD,343987.23,Investigating mitochondrial dysfunction in human astrocytes with RTT-causing MECP2 mutations,fundamental_aging,ambiguous,0.7,Investigating mitochondrial dysfunction in human astrocytes with RTT-causing MECP2 mutations,https://reporter.nih.gov/project-details/1R01NS136519-01
reporter:5K01AG049164-04,reporter,2018,US,National Institute on Aging,118919,USD,102587.13,Genetic Resilience to the Clinical Manifestation of Dementia,age_related_disease,age_related_disease,0.88,This project will identify genetic factors that predict individual resilience to cognitive impairment arising from Alzheimer's disease (AD) or cerebrovascular disease.,https://reporter.nih.gov/project-details/5K01AG049164-04
reporter:4R01LM011369-04,reporter,2016,US,National Library of Medicine,651119,USD,561696.86,Methods for generalized ontology terms enrichment analysis,age_related_disease,ambiguous,0.75,Methods for generalized ontology terms enrichment analysis,https://reporter.nih.gov/project-details/4R01LM011369-04
reporter:4R00AG045200-03,reporter,2016,US,National Institute on Aging,248999,USD,214802.45,Conserved longevity mechanisms of the hypoxic response pathway,ambiguous,fundamental_aging,0.95,This research project focuses on stress-response pathways and their role in the aging process.,https://reporter.nih.gov/project-details/4R00AG045200-03
reporter:2P01AG047200-11,reporter,2024,US,National Institute on Aging,572073,USD,493506.73,"Multi-omics biomarkers and molecular features of aging, longevity and Alzheimer's disease",age_related_disease,fundamental_aging,0.95,molecular signatures of longevity and biomarkers of aging across mammals,https://reporter.nih.gov/project-details/2P01AG047200-11
reporter:1ZIABC011053-12,reporter,2019,US,National Cancer Institute,213477,USD,184158.9,TMPRSS2-ERG chromosomal translocations and prostate cancer,fundamental_aging,age_related_disease,0.96,TMPRSS2-ERG chromosomal translocations and prostate cancer,https://reporter.nih.gov/project-details/1ZIABC011053-12
reporter:3P30AG068635-02S1,reporter,2021,US,National Institute on Aging,160003,USD,138028.81,Diversity Candidate Research Supplement to Study Human Cell Models of Aging,fundamental_aging,fundamental_aging,0.96,"Since aging is the biggest risk factor of most human diseases and the overall functional decline in individuals, there is great interest in understanding its biological underpinnings",https://reporter.nih.gov/project-details/3P30AG068635-02S1
reporter:4P20GM103629-05,reporter,2016,US,National Institute of General Medical Sciences,298742,USD,257713.94,Project 4 - Cardiovascular domain,fundamental_aging,fundamental_aging,0.92,Vascular aging (VA) is the progressive vascular remodeling and alteration of vascular structure that accompanies biological aging.,https://reporter.nih.gov/project-details/4P20GM103629-05
reporter:5R01AG070146-05,reporter,2025,US,National Institute on Aging,573332,USD,494592.82,Extracellular Vesicle Analyses to Develop Aging and Resilience Biomarkers,age_related_disease,fundamental_aging,0.93,develop biomarkers of aging and resilience through analyses of EVs,https://reporter.nih.gov/project-details/5R01AG070146-05
reporter:3RF1AG046495-11S1,reporter,2025,US,National Institute on Aging,169455,USD,146182.71,Discovering Small Molecule Activators of Stress-Responsive Signaling,age_related_disease,fundamental_aging,0.85,"deficiencies in UPR signaling induced by genetic, environmental, or aging-related insults impair the ability of tissues to adapt their physiology",https://reporter.nih.gov/project-details/3RF1AG046495-11S1
reporter:1R13AG087680-01,reporter,2024,US,National Institute on Aging,50000,USD,43133.2,Biological Science Program at The Gerontological Society of America's 2024 Annual Scientific Meeting,fundamental_aging,fundamental_aging,0.88,highlight the highest-quality aging research with a focus on Harnessing the Hallmarks of Aging,https://reporter.nih.gov/project-details/1R13AG087680-01
reporter:5I01RX003813-02,reporter,2024,US,Veterans Affairs,,USD,,High Intensity Interval Training (HIIT) to Reduce Frailty and Enhance Resilience in Older Veterans,age_related_disease,age_related_disease,0.75,High Intensity Interval Training (HIIT) to Reduce Frailty and Enhance Resilience in Older Veterans,https://reporter.nih.gov/project-details/5I01RX003813-02
reporter:5R21MH107327-02,reporter,2017,US,National Institute of Mental Health,236438,USD,203966.53,Epigenetic and Psychosocial Drivers of NeuroHIV in HIV+ South African Adolescents,fundamental_aging,ambiguous,0.7,"In this study, we examine the role of DNAm in the neurocognitive development of PHIV+ adolescents",https://reporter.nih.gov/project-details/5R21MH107327-02
reporter:2R01GM093627-05,reporter,2015,US,National Institute of General Medical Sciences,536298,USD,462644.93,A chemical approach to elucidating the structure-function relationships of chondronitin sulfate glycosaminoglycans,age_related_disease,ambiguous,0.85,This project will focus on chondroitin sulfate glycosaminoglycans (CS GAGs),https://reporter.nih.gov/project-details/2R01GM093627-05
reporter:1P30AG094848-01,reporter,2025,US,National Institute on Aging,193982,USD,167341.27,"Resource Core 2 (RC2), Clinical Research",fundamental_aging,intervention,0.95,conduct global evaluations of rigorously-designed gerotherapeutic clinical interventions to extend healthspan and treat aging-induced diseases.,https://reporter.nih.gov/project-details/1P30AG094848-01
reporter:5R01AR081974-03,reporter,2025,US,National Institute of Arthritis and Musculoskeletal and Skin Diseases,288370,USD,248766.39,C/EBPβ Regulation of the Type 1 IFN Response; Sensitizing Keratinocytes to Direct Activators of Cytosolic PRRs and DNA Damage-Induced Cell Death,fundamental_aging,ambiguous,0.68,keratinocytes play a critical role in the host innate immune response mediated by type I interferons (IFN-I),https://reporter.nih.gov/project-details/5R01AR081974-03
reporter:1R56AG068047-01A1,reporter,2022,US,National Institute on Aging,423644,USD,365462.39,Investigating the impact of peripheral senescent cells on the brain,fundamental_aging,fundamental_aging,0.95,Investigating the impact of peripheral senescent cells on the brain,https://reporter.nih.gov/project-details/1R56AG068047-01A1
reporter:1R56AG051599-01A1,reporter,2016,US,National Institute on Aging,198334,USD,171095.58,Role of ATGL and lipid metabolism in healthspan,ambiguous,fundamental_aging,0.9,define the mechanisms through which lipolysis influences healthspan and to determine the contribution of dietary lipid composition to these effects,https://reporter.nih.gov/project-details/1R56AG051599-01A1
reporter:1R01AG069924-01A1,reporter,2022,US,National Institute on Aging,444911,USD,383808.66,Mitochondrial DNA Deletion Mutation Frequency as a Metric of Biologic Age,fundamental_aging,fundamental_aging,0.88,We hypothesize that human mtDNA deletion frequency predicts the risk of morbidity and mortality and responds to interventions that alter healthspan.,https://reporter.nih.gov/project-details/1R01AG069924-01A1
reporter:5R01DC015781-02,reporter,2018,US,National Institute on Deafness and Other Communication Disorders,413110,USD,356375.09,Strial vascular pathology from acoustic trauma,age_related_disease,ambiguous,0.72,specifically focused on the pericyte pathology that occurs in loud sound-induced lateral wall microcirculatory dysfunction,https://reporter.nih.gov/project-details/5R01DC015781-02
reporter:5R21DC017039-02,reporter,2020,US,National Institute on Deafness and Other Communication Disorders,186875,USD,161210.32,Elucidation of Under-Investigated Biological Mechanisms of Age-Related Hearing Loss,ambiguous,age_related_disease,0.82,links between age-related autophagy changes in the auditory system and the progression of ARHL,https://reporter.nih.gov/project-details/5R21DC017039-02
reporter:3P20GM109095-10S1,reporter,2023,US,National Institute of General Medical Sciences,723429,USD,624076.09,Center of Biomedical Research Excellence in Matrix Biology Phase II,age_related_disease,ambiguous,0.9,"role of the extracellular matrix in development, health, and disease",https://reporter.nih.gov/project-details/3P20GM109095-10S1
reporter:2T32AG058503-06,reporter,2024,US,National Institute on Aging,292320,USD,252173.91,Infection and Inflammation as Drivers of Aging (IIDA) Predoctoral Training Program,ambiguous,fundamental_aging,0.97,to define mechanisms underlying the roles of Infection and Inflammation as Drivers of Aging (IIDA),https://reporter.nih.gov/project-details/2T32AG058503-06
reporter:3R01AG061005-03S1,reporter,2021,US,National Institute on Aging,281359,USD,242718.25,Role of extracellular matrix in age-related declines of muscle regeneration,ambiguous,fundamental_aging,0.95,increase our fundamental understanding of aging and stem cell biology,https://reporter.nih.gov/project-details/3R01AG061005-03S1
reporter:3R01AG061937-03S1,reporter,2020,US,National Institute on Aging,368750,USD,318107.32,Sequelae of SARS-CoV-2 Infection in Alzheimer's Disease,fundamental_aging,age_related_disease,0.92,AD is an age-related neurodegenerative disorder characterized by progressive anterograde amnesia and eventual death.,https://reporter.nih.gov/project-details/3R01AG061937-03S1
reporter:3R01AG050582-03S1,reporter,2019,US,National Institute on Aging,371538,USD,320512.42,The Role of Somatic Transposition in Age-associated Genomic Instability,fundamental_aging,fundamental_aging,0.96,"retrotransposition is activated during aging and cellular senescence, and hypothesized that it may represent a hitherto unappreciated molecular aging process",https://reporter.nih.gov/project-details/3R01AG050582-03S1
reporter:5U19AG033655-09,reporter,2017,US,National Institute on Aging,152959,USD,131952.21,Core A: Administrative Core,ambiguous,age_related_disease,0.95,Our overall objectives are to further advance the study of preclinical AD by: (1) clarifying the pattern and rate of changes in AD biomarkers,https://reporter.nih.gov/project-details/5U19AG033655-09
reporter:5T32AG029796-18,reporter,2025,US,National Institute on Aging,518574,USD,447355.07,Functional Multi-omics of Aging,fundamental_aging,fundamental_aging,0.8,"fundamental biology that drives aging, the Geroscience Hypothesis of Aging",https://reporter.nih.gov/project-details/5T32AG029796-18
reporter:5R01AG067326-02,reporter,2021,US,National Institute on Aging,581874,USD,501961.7,Targeting Aging to prevent Alzheimer's Disease: the Geroscience Approach,age_related_disease,intervention,0.9,Targeting Aging to prevent Alzheimer's Disease: the Geroscience Approach,https://reporter.nih.gov/project-details/5R01AG067326-02
reporter:5R35GM130375-02,reporter,2020,US,National Institute of General Medical Sciences,483750,USD,417313.66,"Biophysics of Protein Disorder and Complexity, Single Molecules to Mesoscales",age_related_disease,ambiguous,0.86,Several important open questions remain to be answered regarding the detailed biophysics of IDPs and MLOs.,https://reporter.nih.gov/project-details/5R35GM130375-02
reporter:3R21AG073886-01S1,reporter,2022,US,National Institute on Aging,78648,USD,67846.79,Senolytics to Improve Cognition and Mobility in Older Adults at Risk of Alzheimer’s Disease,intervention,intervention,0.92,reduce the number of senescent cells and their toxic secretory products (SASP),https://reporter.nih.gov/project-details/3R21AG073886-01S1
reporter:1ZIAHD008967-05,reporter,2022,US,Eunice Kennedy Shriver National Institute of Child Health and Human Development,726934,USD,627099.72,Genetic epidemiology of early growth and cardiometabolic diseases,age_related_disease,age_related_disease,0.75,Genetic epidemiology of early growth and cardiometabolic diseases,https://reporter.nih.gov/project-details/1ZIAHD008967-05
reporter:5P30AG038070-14,reporter,2023,US,National Institute on Aging,1069526,USD,922641.48,Nathan Shock Center for Excellence in Basic Biology of Aging,fundamental_aging,fundamental_aging,0.95,Nathan Shock Center for Excellence in Basic Biology of Aging,https://reporter.nih.gov/project-details/5P30AG038070-14
reporter:4R33AG078471-03,reporter,2025,US,National Institute on Aging,700268,USD,604095.93,Creation of a monkey mini mental state exam (mMMSE) for identifying early cognitive deficits related to Alzheimer’s disease and related dementias,age_related_disease,age_related_disease,0.92,identifying early cognitive deficits related to Alzheimer’s disease and related dementias,https://reporter.nih.gov/project-details/4R33AG078471-03
reporter:5P30AG034424-09,reporter,2017,US,National Institute on Aging,297917,USD,257002.24,Program Development,ambiguous,ambiguous,0.7,pilot projects designed to investigate aspects of social and biological processes related to Aging,https://reporter.nih.gov/project-details/5P30AG034424-09
reporter:5R01AG070776-04,reporter,2025,US,National Institute on Aging,722219,USD,623032.26,Acceleration of Circulatory and Neurological Aging due to Wildfire Exposures,intervention,fundamental_aging,0.82,molecular pathways governing cerebrovascular and neurological aging in the etiology of Alzheimer’s disease (AD) and dementia,https://reporter.nih.gov/project-details/5R01AG070776-04
reporter:5R01AG051125-08,reporter,2023,US,National Institute on Aging,2722104,USD,2348260.87,Harmonized Diagnostic Assessment of Dementia (DAD) for Longitudinal Aging Surveys in India (LASI),age_related_disease,age_related_disease,0.95,late-life cognition and dementia in India,https://reporter.nih.gov/project-details/5R01AG051125-08
reporter:5F32NS105355-02,reporter,2018,US,National Institute of Neurological Disorders and Stroke,61174,USD,52772.6,Injury-induced microglia/macrophage senescence and chronic immune dysfunction in TBI,fundamental_aging,fundamental_aging,0.75,Injury-induced microglia/macrophage senescence and chronic immune dysfunction in TBI,https://reporter.nih.gov/project-details/5F32NS105355-02
reporter:3R37GM050781-26S1,reporter,2018,US,National Institute of General Medical Sciences,107112,USD,92401.66,Upgrade for an Electron Paramagnetic Resonance Spectrometer,ambiguous,ambiguous,0.72,processes that are directly linked to the maintenance of human health and aging,https://reporter.nih.gov/project-details/3R37GM050781-26S1
reporter:1S10OD034268-01,reporter,2023,US,NIH Office of the Director,724481,USD,624983.61,Spectral Configured Bigfoot Sorter for Salk Institute Flow Cytometry Core,age_related_disease,ambiguous,0.88,Spectral Configured Bigfoot Sorter for Salk Institute Flow Cytometry Core,https://reporter.nih.gov/project-details/1S10OD034268-01
reporter:4R01HL113612-04,reporter,2016,US,National Heart Lung and Blood Institute,410120,USD,353795.72,Mechanism of Flow-Induced Dilation in the Human Microcirculation,age_related_disease,age_related_disease,0.85,Aging or the presence of coronary disease (CAD) and its risk factors can change these mediators of dilation.,https://reporter.nih.gov/project-details/4R01HL113612-04
reporter:5R01AG076592-04,reporter,2025,US,National Institute on Aging,340526,USD,293759.49,Mitochondrial mechanisms of maternal age effects on offspring health and lifespan,fundamental_aging,fundamental_aging,0.95,mitochondrial dysfunction in advanced maternal age causes accumulation of dysfunctional mitochondria in offspring through compensatory biogenesis and decreased autophagy during development.,https://reporter.nih.gov/project-details/5R01AG076592-04
reporter:5R35HL140014-04,reporter,2021,US,National Heart Lung and Blood Institute,953000,USD,822118.7,Vascular Growth and Regeneration,ambiguous,ambiguous,0.7,Vascular Growth and Regeneration,https://reporter.nih.gov/project-details/5R35HL140014-04
reporter:1R01AG080469-01,reporter,2023,US,National Institute on Aging,942151,USD,812759.66,The impact of bilingualism on cognitive reserve/resilience using socio-demographically and linguistically diverse populations,age_related_disease,age_related_disease,0.95,"Alzheimer’s disease (AD) is the most common form of dementia, impacting millions of people globally.",https://reporter.nih.gov/project-details/1R01AG080469-01
reporter:3T32AG000216-25S1,reporter,2017,US,National Institute on Aging,5213,USD,4497.07,Training in the Neuroplasticity of Aging,ambiguous,fundamental_aging,0.9,neuronal plasticity in the aging nervous system,https://reporter.nih.gov/project-details/3T32AG000216-25S1
reporter:3R37AG013925-16S1,reporter,2017,US,National Institute on Aging,99038,USD,85436.51,Effect of Aging on Preadipocyte Differentiation,age_related_disease,intervention,0.88,pharmacological targeting of survival pathways in senescent cells can be translated into interventions that enhance healthspan,https://reporter.nih.gov/project-details/3R37AG013925-16S1
reporter:5R01NS083534-02,reporter,2015,US,National Institute of Neurological Disorders and Stroke,507584,USD,437874.4,A Longitudinal Analysis Stream for FreeSurfer,age_related_disease,ambiguous,0.7,Taking full advantage of a longitudinal design requires the optimization of the computational tools that perform image processing and hypothesis testing.,https://reporter.nih.gov/project-details/5R01NS083534-02
reporter:5K08AG068604-03,reporter,2022,US,National Institute on Aging,152388,USD,131459.63,Brain Proteomic Network Analysis to Elucidate Mechanisms and Biomarkers for Alzheimer's Disease,age_related_disease,age_related_disease,0.98,"Alzheimer’s disease (AD) is the most common age-related neurodegenerative disorder, and affects millions of people worldwide.",https://reporter.nih.gov/project-details/5K08AG068604-03
reporter:5R01AG049789-09,reporter,2025,US,National Institute on Aging,531533,USD,458534.33,Quantifying Individual Differences in Midlife Structural Brain Integrity Associated with Later AD/ADRD Risk,fundamental_aging,age_related_disease,0.88,Quantifying Individual Differences in Midlife Structural Brain Integrity Associated with Later AD/ADRD Risk,https://reporter.nih.gov/project-details/5R01AG049789-09
reporter:3R01GM127562-03S1,reporter,2020,US,National Institute of General Medical Sciences,70601,USD,60904.93,Fractionating Organelle Subpopulations by Size and Type: Improved organelle separation tools,ambiguous,ambiguous,0.82,"Disease, aging, and drug treatment, perturbing the homeostatic balance of such processes, affect each organelle type differently",https://reporter.nih.gov/project-details/3R01GM127562-03S1
reporter:5R01AG059583-05,reporter,2022,US,National Institute on Aging,383185,USD,330559.87,Mechanisms of the cell non-autonomous dietary restriction pathway,intervention,fundamental_aging,0.88,molecular and genetic mechanisms of aging,https://reporter.nih.gov/project-details/5R01AG059583-05
reporter:5R13AG047703-02,reporter,2015,US,National Institute on Aging,1,USD,0.86,12th and 13th International Symposia on Neurobiology and Neuroendocrinology of Ag,fundamental_aging,fundamental_aging,0.9,"mechanisms of aging, with particular emphasis on CNS aging, neuroprotection and treatment of neurodegenerative disease",https://reporter.nih.gov/project-details/5R13AG047703-02
reporter:5P30AG021342-23,reporter,2025,US,National Institute on Aging,259389,USD,223765.53,Research Education Core,ambiguous,ambiguous,0.75,The objective of the Research Education Core (REC) is to identify highly promising early-stage investigators and provide support to promote their development as independent investigators and leaders in aging research.,https://reporter.nih.gov/project-details/5P30AG021342-23
reporter:5R01HL122596-10,reporter,2024,US,National Heart Lung and Blood Institute,604344,USD,521345.76,Frataxin deficiency as a cause of endothelial senescence in multiple subtypes of pulmonary hypertension,fundamental_aging,fundamental_aging,0.86,"EC senescence, a state of stable cell cycle arrest, has been reported in PH, but the regulatory features are unknown.",https://reporter.nih.gov/project-details/5R01HL122596-10
reporter:7R01AI148741-03,reporter,2021,US,National Institute of Allergy and Infectious Diseases,305397,USD,263454.97,Non-canonical cGAS signaling in DNA damage response,fundamental_aging,ambiguous,0.75,"significance of cGAS in the DNA damage–induced inflammatory response and its implications for cellular senescence, tumorigenesis, and metastasis",https://reporter.nih.gov/project-details/7R01AI148741-03
reporter:5R01HL151397-03,reporter,2023,US,National Heart Lung and Blood Institute,448410,USD,386827.12,"Development, Formulation and Inhalational Delivery of a New Peptide for ILD",fundamental_aging,age_related_disease,0.92,Interstitial lung diseases (ILDs) are characterized by progressive pulmonary scarring. Idiopathic pulmonary fibrosis (IPF) is one of the most common forms of ILDs and is a fatal lung disease,https://reporter.nih.gov/project-details/5R01HL151397-03
reporter:5R21AG061367-02,reporter,2020,US,National Institute on Aging,157500,USD,135869.57,Neurobiological Correlates of Accelerated Cellular Aging,fundamental_aging,fundamental_aging,0.95,Epigenome-wide DNA methylation data can be combined via a weighted algorithm to index cellular age.,https://reporter.nih.gov/project-details/5R21AG061367-02
reporter:5F31AG076296-02,reporter,2023,US,National Institute on Aging,33657,USD,29034.68,Mechanisms of Aging Regulation by Neuronal mTORC1 in C. elegans,intervention,fundamental_aging,0.95,The overarching goal of this project is to understand the mechanisms and key tissues through which mTORC1 specifically regulates aging,https://reporter.nih.gov/project-details/5F31AG076296-02
reporter:1ZIACP101242-01,reporter,2025,US,National Cancer Institute,180698,USD,155881.64,Biologic aging in people with HIV,fundamental_aging,fundamental_aging,0.9,Biological age as measured by epigenetic clocks is accelerated among PWH compared to chronological age.,https://reporter.nih.gov/project-details/1ZIACP101242-01
reporter:1RF1AG069334-01,reporter,2020,US,National Institute on Aging,1523646,USD,1314394.41,Connecting nuclear functions of Tau with pathology in Alzheimer's disease and other Tauopathies,age_related_disease,age_related_disease,0.97,Connecting nuclear functions of Tau with pathology in Alzheimer's disease and other Tauopathies,https://reporter.nih.gov/project-details/1RF1AG069334-01
reporter:5R33AG061456-05,reporter,2023,US,National Institute on Aging,784286,USD,676575.22,Translational Geroscience Network,fundamental_aging,intervention,0.9,"clinical interventions targeting fundamental mechanisms of aging may delay, prevent, or treat age-related diseases and disabilities as a group",https://reporter.nih.gov/project-details/5R33AG061456-05
reporter:1R56AG068156-01,reporter,2020,US,National Institute on Aging,397300,USD,342736.37,Adiponectin: Role in Vascular Adaptation Across the Lifespan,fundamental_aging,fundamental_aging,0.82,"the hallmarks of vascular aging are endothelial dysfunction, development of a synthetic, atherosclerotic phenotype in smooth muscle, and arterial inflammation and stiffening",https://reporter.nih.gov/project-details/1R56AG068156-01
reporter:5R01EY030970-06,reporter,2025,US,National Eye Institute,471921,USD,407109.21,Molecular Mechanisms of Severe Diabetic Retinopathy,fundamental_aging,age_related_disease,0.85,Our proposed research aims to address these mechanistic and translational gaps by targeting an important pathway that leads to vascular damage in DR.,https://reporter.nih.gov/project-details/5R01EY030970-06
reporter:5T32AG000029-48,reporter,2024,US,National Institute on Aging,213752,USD,184396.14,Behavior and Physiology in Aging,ambiguous,ambiguous,0.8,The Duke Aging Center Postdoctoral Research Training Program (RTP) has a proud history of training highly skilled research scientists,https://reporter.nih.gov/project-details/5T32AG000029-48
reporter:1R43AG061998-01,reporter,2018,US,National Institute on Aging,339657,USD,293009.83,Senescence After Growth Arrest a new therapeutic modality for progeria,fundamental_aging,intervention,0.92,development of a therapeutic drug for progeria and other aging-related disorders based on their ability to regulate the senescence process,https://reporter.nih.gov/project-details/1R43AG061998-01
reporter:5R01HL151740-02,reporter,2021,US,National Heart Lung and Blood Institute,637833,USD,550235.51,Psychosocial Stress Exacerbates Doxorubicin-induced Cardiovascular Aging,fundamental_aging,fundamental_aging,0.82,activated cardiac p38 mitogen-activated protein kinase (MAPK) and induced markers of cellular senescence,https://reporter.nih.gov/project-details/5R01HL151740-02
reporter:5R01AG056436-04,reporter,2020,US,National Institute on Aging,492063,USD,424484.99,Systems variation underlying the genetics of aging,age_related_disease,fundamental_aging,0.98,A fundamental question is whether aging is itself causal of disease or if aging is the result of generalized accumulation of failures,https://reporter.nih.gov/project-details/5R01AG056436-04
reporter:5R01HL139897-02,reporter,2019,US,National Heart Lung and Blood Institute,588998,USD,508107.32,Lung fibrosis mediated by telomere dysfunction in alveolar type II cells,fundamental_aging,fundamental_aging,0.82,IPF AECII cell have shortened telomeres and express markers of senescence such as senescence associated beta-galactosidase (SA-βgal).,https://reporter.nih.gov/project-details/5R01HL139897-02
reporter:1R01AG082056-01A1,reporter,2024,US,National Institute on Aging,1199134,USD,1034449.62,Social epigenetics of Alzheimer's disease and related dementias in Latin American countries,age_related_disease,age_related_disease,0.97,Social epigenetics of Alzheimer's disease and related dementias in Latin American countries,https://reporter.nih.gov/project-details/1R01AG082056-01A1
reporter:1R01GM138838-01,reporter,2020,US,National Institute of General Medical Sciences,328215,USD,283139.23,Inner nuclear membrane associated protein degradation,ambiguous,fundamental_aging,0.82,"APC/C-dependent INMAD regulates nuclear envelope reorganization, a key factor controlling replicative lifespan and cell aging.",https://reporter.nih.gov/project-details/1R01GM138838-01
reporter:5I01CX001351-03,reporter,2019,US,Veterans Affairs,,USD,,Accelerated Aging among Veterans with PTSD,fundamental_aging,fundamental_aging,0.85,examine within-person changes over a 2.5 year follow-up period on biological markers of aging (leucocyte telomere length and allostatic load),https://reporter.nih.gov/project-details/5I01CX001351-03
reporter:5R37GM041574-28,reporter,2015,US,National Institute of General Medical Sciences,365000,USD,314872.33,Structure Function & Biosynthesis of Respiratory Enzymes,ambiguous,ambiguous,0.7,"This proposal describes how specific enzymes control the transfer of electrons and activation of molecular oxygen, while minimizing oxidative damage.",https://reporter.nih.gov/project-details/5R37GM041574-28
reporter:5R00HD093873-04,reporter,2021,US,Eunice Kennedy Shriver National Institute of Child Health and Human Development,144751,USD,124871.46,Analysis of the Molecular Machinery Regulating Gene Expression during Vertebrate Development,age_related_disease,ambiguous,0.75,Analysis of the Molecular Machinery Regulating Gene Expression during Vertebrate Development,https://reporter.nih.gov/project-details/5R00HD093873-04
reporter:5K01AG041218-05,reporter,2015,US,National Institute on Aging,124146,USD,107096.27,New insights into the role of the Fbw7 tumor suppressor in senescence and aging,fundamental_aging,fundamental_aging,0.96,The goal of this proposal is to uncover the molecular mechanisms by which the Fbw7 tumor suppressor is implicated in cellular senescence.,https://reporter.nih.gov/project-details/5K01AG041218-05
reporter:5R01DE030536-02,reporter,2022,US,National Institute of Dental and Craniofacial Research,366795,USD,316420.81,Regulation of Alveolar Bone Marrow MSC Senescence in Skeletal Aging and Periodontitis,fundamental_aging,fundamental_aging,0.92,Exhaustion of the MSC pool through senescence represents one of the hall marks for skeletal aging.,https://reporter.nih.gov/project-details/5R01DE030536-02
reporter:5F32AG048698-02,reporter,2016,US,National Institute on Aging,59904,USD,51677.02,The Role of Daily Well-Being in Inflammatory Processes and Diurnal Cortisol Rhythms,age_related_disease,ambiguous,0.6,Inflammation is an established risk factor for diseases that are common with age,https://reporter.nih.gov/project-details/5F32AG048698-02
reporter:3P30AG008017-30S2,reporter,2019,US,National Institute on Aging,94579,USD,81589.89,Oregon Alzheimer's Disease Center,age_related_disease,age_related_disease,0.98,innovative research and discovery in Alzheimer Disease (AD) and related disorders,https://reporter.nih.gov/project-details/3P30AG008017-30S2
reporter:3P01AG036694-09S2,reporter,2018,US,National Institute on Aging,224361,USD,193548.14,Impact of Amyloid and Tau on the Aging Brain: The Harvard Aging Brain Study,age_related_disease,age_related_disease,0.96,predict cognitive decline along the Alzheimer's disease (AD) trajectory,https://reporter.nih.gov/project-details/3P01AG036694-09S2
reporter:1DP2AI177913-01,reporter,2023,US,National Institute of Allergy and Infectious Diseases,477650,USD,412051.41,High-spatial-resolution multi-omics sequencing of brain lesions in multiple sclerosis,ambiguous,ambiguous,0.6,"Multiple sclerosis (MS) is a neuroinflammatory autoimmune disease of the CNS that results in demyelination, axonal injury, and neuronal loss.",https://reporter.nih.gov/project-details/1DP2AI177913-01
reporter:5R01AG051810-03,reporter,2018,US,National Institute on Aging,323588,USD,279147.69,Regulation of the transcription factor HLH-30/TFEB in aging,fundamental_aging,fundamental_aging,0.96,"We hypothesize that TFEB is a central player that modulates aging, at least in part by coordinating autophagic flux",https://reporter.nih.gov/project-details/5R01AG051810-03
reporter:1ZIAAG000534-07,reporter,2025,US,National Institute on Aging,28171195,USD,24302273.12,Center for Alzheimer's and Related Dementias (CARD):  Harmonized Data-Derived Resources for the Alzheimer's Disease and Related Dementias Community,age_related_disease,age_related_disease,0.95,Center for Alzheimer's and Related Dementias (CARD):  Harmonized Data-Derived Resources for the Alzheimer's Disease and Related Dementias Community,https://reporter.nih.gov/project-details/1ZIAAG000534-07
reporter:5R01DK090570-10,reporter,2022,US,National Institute of Diabetes and Digestive and Kidney Diseases,555928,USD,479579.02,Defining the role of MafA in islet beta cells,fundamental_aging,age_related_disease,0.7,impact of MAFA on human β cells and hypothesize that this TF plays an essential role in regulating insulin secretion in adults,https://reporter.nih.gov/project-details/5R01DK090570-10
reporter:2R35GM131877-06,reporter,2024,US,National Institute of General Medical Sciences,630784,USD,544154.59,Small Molecule Signaling in Caenorhabditis elegans,ambiguous,fundamental_aging,0.65,male germline-dependent metabolites that accelerate development and aging via conserved pathways,https://reporter.nih.gov/project-details/2R35GM131877-06
reporter:2R01EY016323-09A1,reporter,2016,US,National Eye Institute,387500,USD,334282.26,Mechanistic-Based Non-Invasive Assessment of Retinal Damage in HAART Era,fundamental_aging,fundamental_aging,0.78,define the impact of premature aging in HIV seropositive subjects on the human eye,https://reporter.nih.gov/project-details/2R01EY016323-09A1
reporter:1R15GM121998-01,reporter,2016,US,National Institute of General Medical Sciences,347499,USD,299774.84,Regulation of Mitochondrial Biogenesis in Yeast,age_related_disease,ambiguous,0.85,Our long-term goal is to understand the molecular mechanism underlying mitochondrial biogenesis.,https://reporter.nih.gov/project-details/1R15GM121998-01
reporter:5P30AG038070-08,reporter,2017,US,National Institute on Aging,802687,USD,692449.1,The Jackson Laboratory Nathan Shock Center of Excellence in the Basic Biology of Aging,ambiguous,fundamental_aging,0.98,The Jackson Laboratory Nathan Shock Center of Excellence in the Basic Biology of Aging,https://reporter.nih.gov/project-details/5P30AG038070-08
reporter:1ZIAMH002964-03,reporter,2019,US,National Institute of Mental Health,2897708,USD,2499748.1,Section on Light and Circadian Rhythms,ambiguous,ambiguous,0.78,synchronization of the internal biological clock to the solar day,https://reporter.nih.gov/project-details/1ZIAMH002964-03
reporter:5K99AG046911-02,reporter,2015,US,National Institute on Aging,90000,USD,77639.75,Elucidating Synaptic Regulators via High-Throughput Morphology Characterization,ambiguous,fundamental_aging,0.78,"Here, I propose to explore how environmental cues and ageing can affect synaptic morphology in the nematode C. elegans",https://reporter.nih.gov/project-details/5K99AG046911-02
reporter:1K99AG088300-01A1,reporter,2025,US,National Institute on Aging,107097,USD,92388.72,State-dependent gating of memory and plasticity in the aging brain,ambiguous,fundamental_aging,0.85,The long-term objective of this project is to understand the link between sleep disturbances and memory problems that arise during aging.,https://reporter.nih.gov/project-details/1K99AG088300-01A1
reporter:5R21AG050903-02,reporter,2016,US,National Institute on Aging,232500,USD,200569.36,Structure-based biochemical understanding of Sestrins in aging and metabolism,age_related_disease,fundamental_aging,0.9,These results suggest Sestrins to be evolutionarily conserved anti-aging molecules.,https://reporter.nih.gov/project-details/5R21AG050903-02
reporter:5TL1DK132768-03,reporter,2023,US,National Institute of Diabetes and Digestive and Kidney Diseases,370207,USD,319364.22,Training Core,ambiguous,ambiguous,0.72,"prepare our trainees to become leaders in cutting edge research in the nephrology, urology and hematology areas",https://reporter.nih.gov/project-details/5TL1DK132768-03
reporter:3RF1AG061831-01S1,reporter,2020,US,National Institute on Aging,390496,USD,336866.8,Circadian dysfunction and Epigenetic alterations in the pathogenesis of Alzheimer's Disease,age_related_disease,age_related_disease,0.96,Circadian dysfunction and Epigenetic alterations in the pathogenesis of Alzheimer's Disease,https://reporter.nih.gov/project-details/3RF1AG061831-01S1
reporter:1ZIABC011832-07,reporter,2024,US,National Cancer Institute,554448,USD,478302.28,Study cell cycle regulation in dormant tumor cells,fundamental_aging,fundamental_aging,0.78,molecular mechanism underlying the irreversible cell cycle exit associated with senescence,https://reporter.nih.gov/project-details/1ZIABC011832-07
reporter:1R21AG054121-01A1,reporter,2017,US,National Institute on Aging,242500,USD,209196.0,The role of natural genetic variants in nutrient-dependent changes in healthspan using D. melanogaster,fundamental_aging,intervention,0.93,"Dietary restriction (DR), the reduction in nutrient intake without malnutrition, has been well documented as a means to extend lifespan and slow age-related diseases",https://reporter.nih.gov/project-details/1R21AG054121-01A1
reporter:5F31AG079604-02,reporter,2024,US,National Institute on Aging,44677,USD,38541.24,Regulation of microglial function by blood-borne factors,fundamental_aging,fundamental_aging,0.78,"loss of tissue inhibitor of metalloproteinase 2 (TIMP2) expression with age, and its restoration is critical in mediating the rejuvenating effects",https://reporter.nih.gov/project-details/5F31AG079604-02
reporter:1R03DK123492-01,reporter,2020,US,National Institute of Diabetes and Digestive and Kidney Diseases,13675,USD,11796.93,Renal repair effects of senolytic preconditioned mesenchymal stromal cells in diabetic kidney disease,fundamental_aging,age_related_disease,0.82,development of effective therapies to slow the progression of DKD is crucial,https://reporter.nih.gov/project-details/1R03DK123492-01
reporter:5R01HD100729-04,reporter,2023,US,Eunice Kennedy Shriver National Institute of Child Health and Human Development,439932,USD,379513.46,Intercellular interactions define cell migrations and transitions that maintain fetal membrane homeostasis,fundamental_aging,ambiguous,0.75,"At term, senescence (aging) and inflammation cause functional and mechanical instability to membrane cells, contributing to parturition.",https://reporter.nih.gov/project-details/5R01HD100729-04
reporter:1F30ES032302-01A1,reporter,2021,US,National Institute of Environmental Health Sciences,39028,USD,33668.05,Socioenvironmental Causes of Elevated Toxic Metal Levels and Epigenetic Aging,fundamental_aging,fundamental_aging,0.92,"assess the individual and simultaneous effects of Pb, Hg, Cr, and Mn on epigenetic aging",https://reporter.nih.gov/project-details/1F30ES032302-01A1
reporter:5U19AG074879-02,reporter,2024,US,National Institute on Aging,972232,USD,838709.45,Discovering Centrally Linked Peripheral Molecular Signatures of Alzheimer's Disease,age_related_disease,age_related_disease,0.97,"Discovering Alzheimer’s disease (AD) biomarkers for early diagnosis, tracking of disease progression and timely therapeutic interventions",https://reporter.nih.gov/project-details/5U19AG074879-02
reporter:5R03AG050931-02,reporter,2016,US,National Institute on Aging,127500,USD,109989.65,Peripheral Blood Biomarkers of Molecular Aging Predicting Chemotherapy Induced Toxicity and Functional Decline in Women 60 and Older with Breast Cancer,fundamental_aging,fundamental_aging,0.85,The field of geriatrics has discovered biomarkers of aging that can identify older adults at risk for functional decline and mortality.,https://reporter.nih.gov/project-details/5R03AG050931-02
reporter:5R01CA238662-06,reporter,2024,US,National Cancer Institute,529164,USD,456490.68,Targeting the Circadian Rhythm in Glioblastoma Stem Cells (R01CA238662),age_related_disease,age_related_disease,0.96,Targeting the Circadian Rhythm in Glioblastoma Stem Cells (R01CA238662),https://reporter.nih.gov/project-details/5R01CA238662-06
reporter:1R21AG081823-01A1,reporter,2024,US,National Institute on Aging,303765,USD,262047.1,Comprehensive Determination of Isoprostanoid Metabolism,age_related_disease,fundamental_aging,0.85,"OxS is mechanistically linked with the physiology of aging and age-related diseases, such as cardiovascular disease, neurodegeneration, cancer, frailty, diabetes, and SARS-CoV-2.",https://reporter.nih.gov/project-details/1R21AG081823-01A1
reporter:1R01HD091046-01A1,reporter,2018,US,Eunice Kennedy Shriver National Institute of Child Health and Human Development,536971,USD,463225.5,Origin of Chronic Diseases of Aging Among Rural African American Young Adults,fundamental_aging,fundamental_aging,0.86,"characterize each participant's “epigenetic clock” at age 26, providing a key window on weathering and changes in weathering",https://reporter.nih.gov/project-details/1R01HD091046-01A1
reporter:5R01AG055955-03,reporter,2020,US,National Institute on Aging,628085,USD,541826.26,Cardiovascular Health Effects of the Great Recession,age_related_disease,age_related_disease,0.94,test hypotheses about the effects of economic stress from the GR on cardiovascular disease (CVD) risk factors and events,https://reporter.nih.gov/project-details/5R01AG055955-03
reporter:5R01AG056575-02,reporter,2018,US,National Institute on Aging,452952,USD,390745.34,Determining the role of TCAB1 in shaping telomerase function,fundamental_aging,fundamental_aging,0.9,Impaired maintenance of telomeres by telomerase causes cellular senescence and underlies many aging-related diseases in humans.,https://reporter.nih.gov/project-details/5R01AG056575-02
reporter:1R24OD033730-01,reporter,2022,US,NIH Office of the Director,364554,USD,314487.58,Modernization of Salk's ABSL2 Facilities Through the Incorporation of Ventilated Caging,age_related_disease,ambiguous,0.85,This is a proposal to modernize mouse Animal Biosafety Level 2 (ABSL2) facilities at the Salk Institute for Biological Studies,https://reporter.nih.gov/project-details/1R24OD033730-01
reporter:1R43AG066380-01,reporter,2020,US,National Institute on Aging,299578,USD,258435.13,A High Sensitivity Multiplexed Immunoassay for Aging-Related Inflammation Biomarker Quantification,ambiguous,fundamental_aging,0.88,there is major need in aging research and clinical diagnostics for a tool which can measure multiple inflammation-related biomarkers quantitatively,https://reporter.nih.gov/project-details/1R43AG066380-01
reporter:2R01AG043538-06,reporter,2018,US,National Institute on Aging,2066157,USD,1782399.07,National Social Life and Aging Project:  Wave 4,age_related_disease,ambiguous,0.78,trajectories of social connectivity and health are intertwined in an aging population,https://reporter.nih.gov/project-details/2R01AG043538-06
reporter:2R01AG031774-13,reporter,2023,US,National Institute on Aging,572233,USD,493644.76,The Hypothalamic Basis of Aging,intervention,fundamental_aging,0.9,formulation of the “hypothalamic control of aging” paradigm,https://reporter.nih.gov/project-details/2R01AG031774-13
reporter:5R01AI116382-03,reporter,2017,US,National Institute of Allergy and Infectious Diseases,2285223,USD,1971379.4,GBV-C-mediated protection from AIDS in humans and GBV-C/SIV co-infected macaques,ambiguous,ambiguous,0.76,GBV-C-mediated protection from AIDS in humans and GBV-C/SIV co-infected macaques,https://reporter.nih.gov/project-details/5R01AI116382-03
reporter:5I01BX002145-03,reporter,2016,US,Veterans Affairs,,USD,,How Does a Young Extracellular Matrix Rejuvenate Old Mesenchymal Stem Cells?,ambiguous,fundamental_aging,0.86,The quantity and quality of MSCs decrease with aging... determine the mechanisms whereby young ECM rejuvenates old bone marrow-derived MSCs,https://reporter.nih.gov/project-details/5I01BX002145-03
reporter:1K07AG060266-01A1,reporter,2019,US,National Institute on Aging,162000,USD,139751.55,Enhancing Geroscience Scholarship and Faculty Development to Minimize Frailty and Maximize Healthspan,fundamental_aging,fundamental_aging,0.7,focuses on geroscience-related research and education,https://reporter.nih.gov/project-details/1K07AG060266-01A1
reporter:1ZIASC006321-38,reporter,2017,US,National Cancer Institute,1088014,USD,938590.41,Modulation of Therapeutic Response,intervention,age_related_disease,0.95,improving cancer treatment with radiation,https://reporter.nih.gov/project-details/1ZIASC006321-38
reporter:1R01AR084828-01A1,reporter,2025,US,National Institute of Arthritis and Musculoskeletal and Skin Diseases,393883,USD,339788.65,Muscle Power as a Predictor of Knee Osteoarthritis in At-Risk Females,age_related_disease,age_related_disease,0.95,Muscle Power as a Predictor of Knee Osteoarthritis in At-Risk Females,https://reporter.nih.gov/project-details/1R01AR084828-01A1
reporter:5F31AG056124-02,reporter,2018,US,National Institute on Aging,49524,USD,42722.57,Utilizing DNA Methylation Age to Understand The Effects of Fine Particles on Cognition,age_related_disease,age_related_disease,0.72,PM2.5 air pollution is an important risk factor for cognitive impairment,https://reporter.nih.gov/project-details/5F31AG056124-02
reporter:5R01LM012535-03,reporter,2019,US,National Library of Medicine,341691,USD,294764.49,"Integrating Neuroimaging, Multi-omics, and Clinical Data in Complex Disease",age_related_disease,ambiguous,0.85,"we propose novel statistical methods and strategies to integrate neuroimaging, multi-omics, and clinical/behavioral data sets",https://reporter.nih.gov/project-details/5R01LM012535-03
reporter:5R01HL170058-02,reporter,2024,US,National Heart Lung and Blood Institute,457978,USD,395081.09,Placental Senescence in Peripartum Cardiomyopathy,fundamental_aging,fundamental_aging,0.85,accelerated placental senescence is the elusive root cause of the “2nd hit” in PPCM pathophysiology,https://reporter.nih.gov/project-details/5R01HL170058-02
reporter:1RF1AG091582-01A1,reporter,2025,US,National Institute on Aging,3039714,USD,2622251.55,The Role of Neighborhood Social Exposome Dynamics in Risk and Resilience to Alzheimer's Disease and Related Dementias,age_related_disease,age_related_disease,0.95,Alzheimer’s disease and related dementias (ADRD) are a leading cause of death with considerable economic and human costs.,https://reporter.nih.gov/project-details/1RF1AG091582-01A1
reporter:4R00NS111000-03,reporter,2022,US,National Institute of Neurological Disorders and Stroke,249000,USD,214803.31,Mechanistic investigation of in vivo pathways of neuronal mitochondrial degradation,ambiguous,fundamental_aging,0.65,The overall goal of this proposal is to gain a further understanding of the various pathways neurons utilize to break down their mitochondria.,https://reporter.nih.gov/project-details/4R00NS111000-03
reporter:1P01AA029545-01,reporter,2021,US,National Institute on Alcohol Abuse and Alcoholism,545777,USD,470822.12,Safety and Effectiveness of Medications for Alcohol Use Disorder among HIV+/-,intervention,ambiguous,0.62,alcohol use disorder (AUD) is a major cause of morbidity and mortality among people aging with HIV (PAH),https://reporter.nih.gov/project-details/1P01AA029545-01
reporter:5R01AG068285-04,reporter,2023,US,National Institute on Aging,414862,USD,357886.47,AMYLOIDOGENIC INDUCTION OF CELLULAR SENESCENCE IN ALZHEIMER'S DISEASE,fundamental_aging,fundamental_aging,0.9,"Cellular senescence, one of the major hallmarks of aging",https://reporter.nih.gov/project-details/5R01AG068285-04
reporter:3R01AG045835-05S2,reporter,2017,US,National Institute on Aging,194000,USD,167356.8,Role of Circadian Clocks in Aging using Drosophila,age_related_disease,fundamental_aging,0.86,The goal of this proposal is to determine how circadian rhythms impact nutrient dependent changes in lifespan.,https://reporter.nih.gov/project-details/3R01AG045835-05S2
reporter:1R01HD109707-01,reporter,2022,US,Eunice Kennedy Shriver National Institute of Child Health and Human Development,657190,USD,566934.09,Targeting cellular senescence to inhibit the development and progression of ovarian endometriomas,fundamental_aging,fundamental_aging,0.62,Transcriptomic analysis of AKA endometriomas revealed enrichment in cellular senescence genes. Cellular senescence is defined as a permanent cell cycle arrest. Senescent cells exhibit a senescence-associated secretory ph,https://reporter.nih.gov/project-details/1R01HD109707-01
reporter:1S10OD020111-01,reporter,2015,US,NIH Office of the Director,600000,USD,517598.34,Orbitrap Elite with ETD,age_related_disease,ambiguous,0.85,"neurodegenerative diseases, aging and health-span research",https://reporter.nih.gov/project-details/1S10OD020111-01
reporter:5R01AG067312-04,reporter,2023,US,National Institute on Aging,491251,USD,423784.51,A systems approach for identifying geroprotector synergy in Alzheimer’s disease,fundamental_aging,intervention,0.88,identifying geroprotector synergy in Alzheimer’s disease,https://reporter.nih.gov/project-details/5R01AG067312-04
reporter:1RF1AG092412-01,reporter,2025,US,National Institute on Aging,3462615,USD,2987072.98,Multi-Organ Chart of Personalized Susceptibility to Alzheimer's Disease and Aging,age_related_disease,age_related_disease,0.86,The long-term goal is to construct a Multi-organ Chart (Multi-organ AI-derived Endophenotype called MAE) applicable in clinical settings to personalize patient stratification and treatment strategies,https://reporter.nih.gov/project-details/1RF1AG092412-01
reporter:5IK2RX000956-05,reporter,2017,US,Veterans Affairs,,USD,,Effects of exercise intervention on aging-related motor decline,ambiguous,intervention,0.82,Effects of exercise intervention on aging-related motor decline,https://reporter.nih.gov/project-details/5IK2RX000956-05
reporter:5K99AG050830-02,reporter,2017,US,National Institute on Aging,92804,USD,80058.66,"Aging, Stress Resistance and REST/spr transcription factors",ambiguous,fundamental_aging,0.92,"we have identified a role for these genes in regulating insulin/IGF signaling, a pathway that is known to be critically important for aging",https://reporter.nih.gov/project-details/5K99AG050830-02
reporter:5R21OD036471-02,reporter,2025,US,NIH Office of the Director,268550,USD,231668.39,Establishing Acomys as a genetic platform for regeneration research,age_related_disease,ambiguous,0.7,Acomys are an emerging model non-fibrotic regeneration and are the only known mammalian species with any significant and systemic adult regenerative capacity.,https://reporter.nih.gov/project-details/5R21OD036471-02
reporter:5R01AG032284-04,reporter,2015,US,National Institute on Aging,161505,USD,139324.53,Stress Biomarkers as a Potential Link Between Age Beliefs and Health,age_related_disease,ambiguous,0.7,stress biomarkers over time reflect a biological process tha links negative age beliefs,https://reporter.nih.gov/project-details/5R01AG032284-04
reporter:5R01AG079282-02,reporter,2023,US,National Institute on Aging,672562,USD,580194.96,"Identifying ADRD intervention targets by characterizing neurobiological mechanisms of social isolation, loneliness, and social environment using novel imaging, molecular markers, and machine learning",age_related_disease,age_related_disease,0.95,"Social isolation, loneliness, and social environment continue to emerge as important factors in Alzheimer’s disease and related dementias (ADRD)",https://reporter.nih.gov/project-details/5R01AG079282-02
reporter:5U19AG078109-02,reporter,2023,US,National Institute on Aging,416423,USD,359233.09,HABS-HD - Project 1,age_related_disease,age_related_disease,0.95,The 2018 AT(N) framework provided the field with the first biological conceptualization of Alzheimer’s disease (AD) for the explicit purpose of advancing clinical trials.,https://reporter.nih.gov/project-details/5U19AG078109-02
reporter:1ZIAES071006-26,reporter,2024,US,National Institute of Environmental Health Sciences,3081690,USD,2658462.73,Epigenetic and Transcriptional Functions of Nuclear Receptors and Chromatin Remodeling Proteins in Stem and Cancer Cells,age_related_disease,age_related_disease,0.55,Epigenetic and Transcriptional Functions of Nuclear Receptors and Chromatin Remodeling Proteins in Stem and Cancer Cells,https://reporter.nih.gov/project-details/1ZIAES071006-26
reporter:1R21AG067317-01,reporter,2020,US,National Institute on Aging,251250,USD,216744.31,"Dissecting connections between age, health and Alzheimer's disease",age_related_disease,fundamental_aging,0.85,underlying mechanistic connections between the aging process and the onset and severity of Alzheimer's Disease,https://reporter.nih.gov/project-details/1R21AG067317-01
reporter:7R01AG061445-06,reporter,2023,US,National Institute on Aging,228090,USD,196765.01,Genetic Profiles of the Spatiotemporal Causality of Tau and Amyloid in the Elderly Brain,age_related_disease,age_related_disease,0.9,The progression phenomenon of abnormal tau and amyloid-β (Aβ) proteins along neuronal circuits is critical to understand the foundations of Alzheimer's disease (AD) pathology.,https://reporter.nih.gov/project-details/7R01AG061445-06
reporter:4R01CA276414-03,reporter,2025,US,National Cancer Institute,1046181,USD,902502.59,Function and regulation of cytoplasmic p53,ambiguous,age_related_disease,0.78,While the principal function of tumor suppressor p53 is a nuclear transcription regulator,https://reporter.nih.gov/project-details/4R01CA276414-03
reporter:5R01AI121367-04,reporter,2019,US,National Institute of Allergy and Infectious Diseases,377575,USD,325720.32,Redox regulation of thymus function and age-associated dysfunction,fundamental_aging,fundamental_aging,0.92,the thymus undergoes a precipitous age-induced atrophy resulting in reduced naïve T cell production,https://reporter.nih.gov/project-details/5R01AI121367-04
reporter:1F32NS129942-01,reporter,2023,US,National Institute of Neurological Disorders and Stroke,69500,USD,59955.14,Mechanisms of Presynaptic Maintenance in C. elegans,ambiguous,ambiguous,0.82,"This project will study the mechanisms of presynaptic maintenance, using C. elegans as a model system.",https://reporter.nih.gov/project-details/1F32NS129942-01
reporter:5I01BX002211-11,reporter,2025,US,Veterans Affairs,,USD,,Pathogenic soluble aggregated tau as a driver of brain vascular dysfunction in Alzheimer's disease,age_related_disease,age_related_disease,0.92,"Alzheimer’s disease (AD) is a multifactorial heterogeneous disease driven by multiple pathophysiological contributors, including brain vascular dysfunction.",https://reporter.nih.gov/project-details/5I01BX002211-11
reporter:5R03HD097623-02,reporter,2020,US,Eunice Kennedy Shriver National Institute of Child Health and Human Development,82504,USD,71173.22,Children's academic competence in contexts of risk:  Longitudinal relations with sleep and physical health in adolescence,fundamental_aging,ambiguous,0.75,"biological markers of chronic physiological stress (i.e., allostatic load) and early cellular aging",https://reporter.nih.gov/project-details/5R03HD097623-02
reporter:5R35NS132265-02,reporter,2024,US,National Institute of Neurological Disorders and Stroke,1134900,USD,979037.27,Sex Differences in Inflammation Across the Lifespan,age_related_disease,fundamental_aging,0.78,"My research focuses on elucidating the fundamental mechanisms responsible for sex and age differences in cell death, inflammatory responses, and neural repair throughout the lifespan.",https://reporter.nih.gov/project-details/5R35NS132265-02
reporter:1K01DK135793-01A1,reporter,2024,US,National Institute of Diabetes and Digestive and Kidney Diseases,145247,USD,125299.34,Targeting Hepatocyte Senescence to Improve NAFLD,fundamental_aging,fundamental_aging,0.88,Aim 2: Dissect the molecular mechanisms of hepatocyte senescence.,https://reporter.nih.gov/project-details/1K01DK135793-01A1
reporter:5U01AG077925-02,reporter,2022,US,National Institute on Aging,518079,USD,446928.05,Assessing the Interplay Between Inflammatory Signaling and Epigenetic Dysregulation in Age-associated Clonal Hematopoiesis and Leukemia Initiation,age_related_disease,fundamental_aging,0.86,The long-term goal of this research is to understand the mechanisms by which aging promotes transformation causing hematologic malignancies.,https://reporter.nih.gov/project-details/5U01AG077925-02
reporter:5R01GM099537-03,reporter,2015,US,National Institute of General Medical Sciences,251441,USD,216909.08,Highly simplified model of a mammalian intestinal community,age_related_disease,ambiguous,0.72,"changes in their mammalian host, including diet, antibiotics, disease and aging",https://reporter.nih.gov/project-details/5R01GM099537-03
reporter:2P20GM103620-06,reporter,2018,US,National Institute of General Medical Sciences,387415,USD,334208.94,"Mitochondria, metabolic plasticity and cell fate in the developmental origin of fuel-mediated cardiomyopathy",fundamental_aging,age_related_disease,0.8,Project 3 will determine the role of mitochondria and cellular metabolism in cardiomyocyte fate as a key mediator of heart disease in offspring born following a diabetic pregnancy.,https://reporter.nih.gov/project-details/2P20GM103620-06
reporter:5R01HL125957-02,reporter,2016,US,National Heart Lung and Blood Institute,681603,USD,587994.31,"VWF Activity: Molecular Biology, Ethnic Diversity and Disease Associations",age_related_disease,age_related_disease,0.55,how do ethnicity and aging influence the association of variants in the VWF gene with VWF adhesive activity and the development of thrombotic diseases?,https://reporter.nih.gov/project-details/5R01HL125957-02
reporter:5K01AG046326-04,reporter,2017,US,National Institute on Aging,73318,USD,63248.79,Novel mechanisms for cerebral artery dysfunction with aging,fundamental_aging,fundamental_aging,0.95,research focuses on the mechanisms mediating arterial aging with a specific focus on cerebral artery function,https://reporter.nih.gov/project-details/5K01AG046326-04
reporter:5F30AG044995-02,reporter,2015,US,National Institute on Aging,29671,USD,25596.1,Cell-Intrinsic and Extrinsic Factors in Stem Cell Aging,fundamental_aging,fundamental_aging,0.96,Our project is focused on elucidating both stem cell-intrinsic and niche-based changes that lead to aging.,https://reporter.nih.gov/project-details/5F30AG044995-02
reporter:5U01CA271830-05,reporter,2025,US,National Cancer Institute,188093,USD,162261.04,The impact of reduction of cellular senescence on age-related epigenetic heterogeneity,fundamental_aging,age_related_disease,0.78,Acute myeloid leukemia (AML) occurs mostly in adults 65 years and older and is associated with age-related clonal hematopoiesis (CH).,https://reporter.nih.gov/project-details/5U01CA271830-05
reporter:5UG3OD035544-02,reporter,2024,US,NIH Office of the Director,1391734,USD,1200598.69,Exploring Pathways through which Structural Racism Impacts Children's Environmental Health,ambiguous,ambiguous,0.15,"Structural racism and discrimination, which affects processes, policies and regulations that govern myriad systems",https://reporter.nih.gov/project-details/5UG3OD035544-02
reporter:5R01CA190223-06,reporter,2021,US,National Cancer Institute,391435,USD,337676.85,Optimizing demethylating therapy for IDH1 Mutant Malignant Gliomas,fundamental_aging,age_related_disease,0.98,Optimizing demethylating therapy for IDH1 Mutant Malignant Gliomas,https://reporter.nih.gov/project-details/5R01CA190223-06
reporter:1K01MH128612-01A1,reporter,2022,US,National Institute of Mental Health,182068,USD,157063.49,"Social, Cognitive, and Behavioral Influences on Early Life Aging in Autism",fundamental_aging,fundamental_aging,0.83,"New ‘epigenetic clock’ techniques index the progression of cellular aging processes based on DNA methylation (DNAm) patterns, providing proxy measures of biological age",https://reporter.nih.gov/project-details/1K01MH128612-01A1
reporter:1ZIAAG000474-01,reporter,2023,US,National Institute on Aging,107356,USD,92612.15,Splice-switching antisense oligonucleotides (SSOs) as a senomorphic intervention,fundamental_aging,fundamental_aging,0.86,"full-length isoform diversity in senescence and aging, advancing our understanding of the roles and mechanisms of RNA splicing in normal aging and age-related disorders.",https://reporter.nih.gov/project-details/1ZIAAG000474-01
reporter:5R44HL154912-03,reporter,2023,US,National Heart Lung and Blood Institute,1749913,USD,1509586.78,A New and Disruptive Gene Based Therapy for Atrial Fibrillation,age_related_disease,age_related_disease,0.87,"Since AF is primarily an age-related disease, it is fast becoming an epidemic in a rapidly aging population.",https://reporter.nih.gov/project-details/5R44HL154912-03
reporter:4R01HL085613-08,reporter,2016,US,National Heart Lung and Blood Institute,498875,USD,430361.46,MECHANISMS OF CIGARETTE SMOKE-INDUCED LUNG CELLULAR SENESCENCE,fundamental_aging,fundamental_aging,0.92,MECHANISMS OF CIGARETTE SMOKE-INDUCED LUNG CELLULAR SENESCENCE,https://reporter.nih.gov/project-details/4R01HL085613-08
reporter:1R03AG067983-01,reporter,2020,US,National Institute on Aging,165000,USD,142339.54,Role of Senescence in the Impaired Wound Healing of Aging,fundamental_aging,fundamental_aging,0.86,"accumulation of senescent cells which obtain an abnormal pro-inflammatory, proteolytic senescence-associated secretory phenotype (SASP)",https://reporter.nih.gov/project-details/1R03AG067983-01
reporter:1ZIADK047037-15,reporter,2021,US,National Institute of Diabetes and Digestive and Kidney Diseases,1056782,USD,911647.69,Tissue-specific functions of thyroid hormone receptors,ambiguous,ambiguous,0.72,This project investigates the mechanisms that determine the tissue-specific functions of TRb1 and TRb2 receptor isoforms encoded by the Thrb gene.,https://reporter.nih.gov/project-details/1ZIADK047037-15
reporter:1ZICAG000616-16,reporter,2023,US,National Institute on Aging,322069,USD,277837.3,Analysis of complex biological systems by high-throughput genomic technologies,ambiguous,ambiguous,0.6,CBGC aims to advance aging research in NIA-IRP through the analysis of complex biological systems by high-throughput genomic technologies,https://reporter.nih.gov/project-details/1ZICAG000616-16
reporter:1R01AG082824-01,reporter,2023,US,National Institute on Aging,485000,USD,418391.99,Novel mitochondria-to-lysosome crosstalk contributes to lysosomal dysfunction during aging,fundamental_aging,fundamental_aging,0.97,"hallmarks of aging, including loss of proteostasis, mitochondrial dysfunction, and cellular senescence",https://reporter.nih.gov/project-details/1R01AG082824-01
reporter:5R35GM136370-04,reporter,2023,US,National Institute of General Medical Sciences,402168,USD,346935.82,Metabolic signals regulating cell growth versus survival,ambiguous,ambiguous,0.7,Insights from these studies will be informative as to the role of these sentinel metabolites in aging and age-related diseases.,https://reporter.nih.gov/project-details/5R35GM136370-04
reporter:1ZIAES100475-22,reporter,2023,US,National Institute of Environmental Health Sciences,885236,USD,763661.15,Discovery And Functional Genomics Of Environmental Response Genes,fundamental_aging,ambiguous,0.8,Tobacco smoking alters DNA methylation profiles of immune cells which may underpin some of the pathogenesis of smoking-associated diseases.,https://reporter.nih.gov/project-details/1ZIAES100475-22
reporter:5R21AG050135-02,reporter,2017,US,National Institute on Aging,191250,USD,164984.47,Analysis of age-associated changes in beta cell function and metabolism through live single-cell imaging,age_related_disease,age_related_disease,0.82,Advancing age is associated with an increased risk of impaired glucose tolerance and the development of type 2 diabetes.,https://reporter.nih.gov/project-details/5R21AG050135-02
reporter:5R01AG053273-02,reporter,2017,US,National Institute on Aging,381520,USD,329123.53,Optimism and Exceptional Longevity,fundamental_aging,fundamental_aging,0.88,"study whether and how optimism enhances the likelihood of attaining exceptional longevity (i.e, survival to 85+ years)",https://reporter.nih.gov/project-details/5R01AG053273-02
reporter:1T32AG050061-01A1,reporter,2016,US,National Institute on Aging,192786,USD,166309.52,Neuroscience of Cognitive Aging,ambiguous,fundamental_aging,0.92,understanding of the basic mechanisms of aging processes are of the utmost urgency,https://reporter.nih.gov/project-details/1T32AG050061-01A1
reporter:5R01DK107310-04,reporter,2018,US,National Institute of Diabetes and Digestive and Kidney Diseases,311206,USD,268466.18,The Role of Stem Cell Derived Microvesicles in Cholestatic Liver Injury,fundamental_aging,age_related_disease,0.7,The Role of Stem Cell Derived Microvesicles in Cholestatic Liver Injury,https://reporter.nih.gov/project-details/5R01DK107310-04
reporter:1R21AG060413-01,reporter,2018,US,National Institute on Aging,245428,USD,211721.88,"Pathogenic role of epigenetic regulator KDM5, a Histone H3 Lysine 4 demethylase in laminopathies",ambiguous,age_related_disease,0.65,"laminopathies, which include dilated cardiomyopathies, muscular dystrophy, neuropathy and premature aging syndromes",https://reporter.nih.gov/project-details/1R21AG060413-01
reporter:3P30AG062422-02S4,reporter,2020,US,National Institute on Aging,315000,USD,271739.13,New Approaches to Dementia Heterogeneity,age_related_disease,age_related_disease,0.92,The UCSF Alzheimer’s Disease Research Center (ADRC) is a major catalyst for a broad spectrum of dementia-related research,https://reporter.nih.gov/project-details/3P30AG062422-02S4
reporter:5R35GM136270-05,reporter,2024,US,National Institute of General Medical Sciences,419251,USD,361672.71,Control of Stem Cell Dynamics by a Niche at Steady-State and During Aging,age_related_disease,fundamental_aging,0.85,Control of Stem Cell Dynamics by a Niche at Steady-State and During Aging,https://reporter.nih.gov/project-details/5R35GM136270-05
reporter:5U54AG044170-09,reporter,2021,US,National Institute on Aging,370225,USD,319379.74,Project 3 - Effects of Ovariectomy on the Biology of Physical and Cognitive Aging in Mice,fundamental_aging,fundamental_aging,0.92,"causal role of cellular senescence, a hallmark of aging",https://reporter.nih.gov/project-details/5U54AG044170-09
reporter:3P30AG012836-25S2,reporter,2019,US,National Institute on Aging,298921,USD,257868.36,Center on the Demography of Aging,ambiguous,fundamental_aging,0.78,"Biodemographical and evolutionary approaches to life history, including innovative analytic methodologies for collecting and analyzing metabolic, and genetic biomarkers of aging",https://reporter.nih.gov/project-details/3P30AG012836-25S2
reporter:3R01GM141381-03S1,reporter,2024,US,National Institute of General Medical Sciences,45901,USD,39597.14,In vivo biology of mammalian L1 retrotransposition - supplement 2024,age_related_disease,ambiguous,0.85,"unchecked expression of this element in humans and/or model organisms is associated with various abnormal states, such as cancer, infertility, aging and neurologic disease",https://reporter.nih.gov/project-details/3R01GM141381-03S1
reporter:1R01NS133140-01A1,reporter,2024,US,National Institute of Neurological Disorders and Stroke,655329,USD,565328.67,The Role of GPNMB in Parkinson's Disease.,age_related_disease,age_related_disease,0.95,The Role of GPNMB in Parkinson's Disease,https://reporter.nih.gov/project-details/1R01NS133140-01A1
reporter:4R01AG068283-03,reporter,2024,US,National Institute on Aging,392513,USD,338606.8,Tau-induced astrocyte senescence in Alzheimer's disease,fundamental_aging,fundamental_aging,0.82,The development of cellular senescence and the accumulation of senescent cells during aging compromises tissue function.,https://reporter.nih.gov/project-details/4R01AG068283-03
reporter:5K99DK135927-02,reporter,2024,US,National Institute of Diabetes and Digestive and Kidney Diseases,90000,USD,77639.75,Interrogating the role of m6A mRNA methylation in the aging of the β-cell and diabetes,fundamental_aging,fundamental_aging,0.86,characterize the m6A methylome of the aging β-cell and identify m6A-regulated pathways that underlie the accelerated β-cell senescence in diabetes,https://reporter.nih.gov/project-details/5K99DK135927-02
reporter:5R01CA260819-05,reporter,2025,US,National Cancer Institute,517388,USD,446331.95,A sequential therapeutic strategy of senescence induction and senolytics for elimination of surviving residual breast tumor cells,fundamental_aging,age_related_disease,0.82,"test the hypothesis that senolytic agents can eliminate therapy induced senescent breast tumor cells to prevent, or at least significantly suppress, cancer recurrence",https://reporter.nih.gov/project-details/5R01CA260819-05
reporter:5R00AG042495-04,reporter,2016,US,National Institute on Aging,242476,USD,209175.29,Cell Non-Autonomous nature of the Heat Shock Response,ambiguous,fundamental_aging,0.82,(2) slows aging; and (3) detoxifies model-disease proteins in distal tissues,https://reporter.nih.gov/project-details/5R00AG042495-04
reporter:1ZIAAG000519-18,reporter,2022,US,National Institute on Aging,1097868,USD,947091.1,The Underlying Biology of Health Disparities,age_related_disease,ambiguous,0.7,We have continued our work examining the biology of health disparities,https://reporter.nih.gov/project-details/1ZIAAG000519-18
reporter:3R01DC015790-04S1,reporter,2020,US,National Institute on Deafness and Other Communication Disorders,404322,USD,348794.0,ROLE OF THE INNATE IMMUNE SYSTEM IN THE SURVIVAL OF AUDITORY NEURONS,age_related_disease,age_related_disease,0.85,test for cellular degeneration in the inner ears and auditory brainstem nuclei of a widely-used mouse model of Alzheimer's disease,https://reporter.nih.gov/project-details/3R01DC015790-04S1
reporter:5DP1NS082101-05,reporter,2015,US,National Institute of Neurological Disorders and Stroke,802500,USD,692287.78,Generating transplantable neurons by in vivo combinatorial screening of transcrip,age_related_disease,age_related_disease,0.82,"Neuronal injuries, degenerative diseases, and disorders such as Parkinson's and Huntington's diseases, epilepsy, and stroke",https://reporter.nih.gov/project-details/5DP1NS082101-05
reporter:5R01CA263504-03,reporter,2024,US,National Cancer Institute,333575,USD,287763.11,Mechanisms underlying USP1-mediated bypass of EWS-FLI1 oncogene-induced replication stress in Ewing sarcoma,fundamental_aging,age_related_disease,0.85,Mechanisms underlying USP1-mediated bypass of EWS-FLI1 oncogene-induced replication stress in Ewing sarcoma,https://reporter.nih.gov/project-details/5R01CA263504-03
reporter:2R01AI116855-04A1,reporter,2020,US,National Institute of Allergy and Infectious Diseases,382775,USD,330206.18,Comparative and functional genomics of Toxoplasma and Hammondia hammondi,fundamental_aging,ambiguous,0.75,Comparative and functional genomics of Toxoplasma and Hammondia hammondi,https://reporter.nih.gov/project-details/2R01AI116855-04A1
reporter:4R01AG042569-04,reporter,2016,US,National Institute on Aging,304835,USD,262970.15,Translational mechanisms of mitochondrial protein synthesis,intervention,fundamental_aging,0.82,identify therapeutic targets to slow aging and prolong healthspan by targeting mechanisms,https://reporter.nih.gov/project-details/4R01AG042569-04
reporter:1ZIAHD001415-34,reporter,2024,US,Eunice Kennedy Shriver National Institute of Child Health and Human Development,1356672,USD,1170351.97,"Biophysical Membrane Mechanisms of Exocytosis inside Extracellular Vesicles, Membrane Repair Failing in Muscular Dystrophy, and Parasite Replication",age_related_disease,ambiguous,0.65,Relative quantification of progressive changes in healthy and dysferlin-deficient mouse skeletal muscle proteomes.,https://reporter.nih.gov/project-details/1ZIAHD001415-34
reporter:5R35GM153235-02,reporter,2025,US,National Institute of General Medical Sciences,385933,USD,332930.47,Structure and Dynamics of Telomeres and Telomerase,fundamental_aging,fundamental_aging,0.85,Critically short telomeres ultimately induce cellular senescence or apoptosis.,https://reporter.nih.gov/project-details/5R35GM153235-02
reporter:5R00AG068239-04,reporter,2024,US,National Institute on Aging,249000,USD,214803.31,Impact of a Novel Secreted Enzyme J18 on Healthspan and Lifespan,fundamental_aging,fundamental_aging,0.9,"explore the impact of a novel secreting protein, referred to as “J18” in healthspan and lifespan",https://reporter.nih.gov/project-details/5R00AG068239-04
reporter:2P30AG044271-11,reporter,2025,US,National Institute on Aging,208719,USD,180054.35,San Antonio OAIC - Molecular Phenotyping Resource Core 3  (MPRC3),fundamental_aging,fundamental_aging,0.93,"biomarkers of aging, pathology and histology, cellular senescence, single cell and single nucleus RNAseq, ATAC-seq, and epigenetics of aging",https://reporter.nih.gov/project-details/2P30AG044271-11
reporter:5R01AG047902-09,reporter,2022,US,National Institute on Aging,322875,USD,278532.61,eNAMPT-mediated adipo-hypothalamic communication for NAD+ production and aging,intervention,fundamental_aging,0.96,NAD+ metabolism has emerged as a central topic in the field of aging and longevity research,https://reporter.nih.gov/project-details/5R01AG047902-09
reporter:5T32NS095775-07,reporter,2023,US,National Institute of Neurological Disorders and Stroke,212055,USD,182932.19,UAB Training Program in Neurodegeneration,age_related_disease,age_related_disease,0.86,focused training program in basic and translational approaches to neurodegenerative disease,https://reporter.nih.gov/project-details/5T32NS095775-07
reporter:5R21CA194626-02,reporter,2016,US,National Cancer Institute,190313,USD,164176.16,(PQA3) Why is Ovarian Cancer Primarily a Disease of Postmenopausal Women,fundamental_aging,age_related_disease,0.95,Epithelial ovarian cancer is predominantly a disease of postmenopausal women,https://reporter.nih.gov/project-details/5R21CA194626-02
reporter:3R01AI130033-04S1,reporter,2020,US,National Institute of Allergy and Infectious Diseases,397500,USD,342908.9,Role of Aiolos in eosinophilic Asthma,age_related_disease,fundamental_aging,0.72,CCL11 elicits increasing capacity to activate eosinophils as a function of the age of mice and man and that the mechanism involves an epigenetic response,https://reporter.nih.gov/project-details/3R01AI130033-04S1
reporter:5R01NS074324-08,reporter,2018,US,National Institute of Neurological Disorders and Stroke,419854,USD,362192.89,Neurodegeneration and Proteotoxicity Dissected in C. elegans and Mammals,ambiguous,age_related_disease,0.82,Amyotrophic lateral sclerosis (ALS) is a progressive neurodegenerative disease characterized by the degeneration of motor neurons.,https://reporter.nih.gov/project-details/5R01NS074324-08
reporter:3R35GM142395-03S1,reporter,2024,US,National Institute of General Medical Sciences,40549,USD,34980.16,Understanding the regulation and impact of transposable elements in Vertebrate health and disease,age_related_disease,fundamental_aging,0.7,the ability of cells to suppress transposon activity is disrupted with disease and with aging,https://reporter.nih.gov/project-details/3R35GM142395-03S1
reporter:5R01AG057748-04,reporter,2022,US,National Institute on Aging,419456,USD,361849.55,DISCOVER DETERMINANTS OF INDIVIDUAL LIFESPAN AND HEALTH,ambiguous,fundamental_aging,0.95,use genetically identical C. elegans to study inter-individual variability in aging,https://reporter.nih.gov/project-details/5R01AG057748-04
reporter:3U19AT010829-02S1,reporter,2021,US,National Center for Complementary and Integrative Health,127267,USD,109788.65,Integration of transcriptomic and metabolomic analysis of the effects of Centella asiatica in cortical neurons,age_related_disease,intervention,0.7,focus on “Botanicals enhancing neurological and functional resilience in aging”,https://reporter.nih.gov/project-details/3U19AT010829-02S1
reporter:2U19AI089992-11,reporter,2022,US,National Institute of Allergy and Infectious Diseases,345354,USD,297924.43,Systems investigation of vaccine responses in aging and frailty,age_related_disease,fundamental_aging,0.68,Systems investigation of vaccine responses in aging and frailty,https://reporter.nih.gov/project-details/2U19AI089992-11
reporter:2R25AG053227-06,reporter,2022,US,National Institute on Aging,150120,USD,129503.11,Genomics for Social Scientists: 2022-2027,fundamental_aging,ambiguous,0.65,"build the capacity of social and behavioral scientists to understand and conduct genomic (i.e. DNA, epigenetics, telomere length, etc.) research",https://reporter.nih.gov/project-details/2R25AG053227-06
reporter:3R01AG054429-04S1,reporter,2020,US,National Institute on Aging,359772,USD,310362.32,Role of BMP Signaling in the Aging Brain R01 AG054429,age_related_disease,fundamental_aging,0.78,"BMP signaling in the brain increases dramatically with age, and we have been exploring the hypothesis that this underlies aging-related changes neurogenesis and cognition.",https://reporter.nih.gov/project-details/3R01AG054429-04S1
reporter:5R01AG078925-02,reporter,2023,US,National Institute on Aging,746218,USD,643735.33,Defining molecular contributions of LINE-1 retrotransposons to AD / ADRD,fundamental_aging,age_related_disease,0.84,Defining molecular contributions of LINE-1 retrotransposons to AD / ADRD,https://reporter.nih.gov/project-details/5R01AG078925-02
reporter:5R01AG067329-05,reporter,2024,US,National Institute on Aging,646113,USD,557378.36,Hypothalamus-driven anti-aging processes impact murine models of Alzheimer's Disease,age_related_disease,fundamental_aging,0.9,Hypothalamus-driven anti-aging processes impact murine models of Alzheimer's Disease,https://reporter.nih.gov/project-details/5R01AG067329-05
reporter:1R21AG054894-01A1,reporter,2017,US,National Institute on Aging,251250,USD,216744.31,CRISPR screen of microRNAs that regulate the regenertive potential of hematopoietic stem cells,ambiguous,fundamental_aging,0.95,"To gain insight into the molecular mechanisms of age-associated decline in HSC function, we propose to investigate the roles of microRNAs (miRNAs) in HSC self-renewal, differentiation and aging.",https://reporter.nih.gov/project-details/1R21AG054894-01A1
reporter:5R01AG068857-04,reporter,2023,US,National Institute on Aging,476289,USD,410877.33,Succinate triggers gut dysbiosis and activates SUCNR1 to enhance inflammaging,fundamental_aging,fundamental_aging,0.88,"Inflammaging, the chronic low-grade inflammation that characterizes aging is a likely consequence of a dysfunctional relationship between the imbalanced microbiota and their metabolites",https://reporter.nih.gov/project-details/5R01AG068857-04
reporter:1K99AR081898-01A1,reporter,2023,US,National Institute of Arthritis and Musculoskeletal and Skin Diseases,104868,USD,90465.84,The role of cellular senescence in skeletal muscle loss and dysfunction,fundamental_aging,fundamental_aging,0.9,The role of cellular senescence in skeletal muscle loss and dysfunction,https://reporter.nih.gov/project-details/1K99AR081898-01A1
reporter:5UH3AG056925-05,reporter,2021,US,National Institute on Aging,1218999,USD,1051586.44,Physical Resiliencies:  Indicators and Mechanisms in the Elderly Collaborative,fundamental_aging,fundamental_aging,0.86,"mechanisms associated with one or more of the seven “Pillars of Aging,” which have been described by the trans-NIH Geroscience Interest Group",https://reporter.nih.gov/project-details/5UH3AG056925-05
reporter:1ZIAAI001021-15,reporter,2021,US,National Institute of Allergy and Infectious Diseases,829516,USD,715593.51,Regulation of CTCF Functions and Target Sites by Cancer/Testis-specific CTCF Like BORIS Factor,fundamental_aging,age_related_disease,0.76,"BORIS expression is restricted to germ and cancer cells, making BORIS as a cancer-testis gene.",https://reporter.nih.gov/project-details/1ZIAAI001021-15
reporter:1R01CA227230-01A1,reporter,2019,US,National Cancer Institute,689092,USD,594454.8,(PQ11) Immune modulatory effects of white button mushroom in prostate cancer -  A translational research,age_related_disease,age_related_disease,0.96,Immune modulatory effects of white button mushroom in prostate cancer - A translational research,https://reporter.nih.gov/project-details/1R01CA227230-01A1
reporter:5R21AR080270-02,reporter,2024,US,National Institute of Arthritis and Musculoskeletal and Skin Diseases,163785,USD,141291.41,Extracellular RNA Expression Biomarkers in Osteoarthritis Disease and Progression,age_related_disease,age_related_disease,0.95,Osteoarthritis (OA) is a progressive and degenerative joint disease with an increasing prevalence in the aging population,https://reporter.nih.gov/project-details/5R21AR080270-02
reporter:1R21HD098498-01,reporter,2019,US,Eunice Kennedy Shriver National Institute of Child Health and Human Development,255700,USD,220583.16,Extremely Long Lived Proteins and Female Reproductive Aging,fundamental_aging,fundamental_aging,0.97,The female reproductive system is an instructive model for studying aging mechanisms because it ages decades prior to other organs in the human body.,https://reporter.nih.gov/project-details/1R21HD098498-01
reporter:5R21AG057947-02,reporter,2019,US,National Institute on Aging,225000,USD,194099.38,Age-related changes in learning and memory mediated through noradrenergic regulation of astrocytes,age_related_disease,fundamental_aging,0.82,this proposal investigates a special role of astrocytes in modulating age-related impairments in learning and memory,https://reporter.nih.gov/project-details/5R21AG057947-02
reporter:3P30AG013319-23S1,reporter,2017,US,National Institute on Aging,152500,USD,131556.25,San Antonio Nathan Shock Center of Excellence in the Biology of Aging - Dr. Ran,ambiguous,fundamental_aging,0.98,To be a leader in research that advances our understanding of the biology of aging,https://reporter.nih.gov/project-details/3P30AG013319-23S1
reporter:1K07AG072124-01,reporter,2021,US,National Institute on Aging,161999,USD,139750.69,Academic Leadership Award - The Translational Rehabilitation in Geroscience Initiative,age_related_disease,fundamental_aging,0.82,interdisciplinary translational rehabilitation Geroscience-focused research and education program,https://reporter.nih.gov/project-details/1K07AG072124-01
reporter:5T35AG067577-05,reporter,2024,US,National Institute on Aging,31247,USD,26955.66,Program for Aging Research in the Summer (PARIS),fundamental_aging,ambiguous,0.72,The proposed program will address these issues by providing under-represented minority medical students with the opportunity to participate in aging research and to observe geriatricians in the clinic,https://reporter.nih.gov/project-details/5T35AG067577-05
reporter:5R01AG070135-03,reporter,2023,US,National Institute on Aging,90592,USD,78150.45,Sleep-dependent modulation of cerebrospinal fluid flow in aging and across genetic risk for Alzheimers disease,age_related_disease,age_related_disease,0.82,This proposal aims to understand the link between neural slow waves during sleep and CSF flow in healthy aging and in individuals at risk for Alzheimer’s disease.,https://reporter.nih.gov/project-details/5R01AG070135-03
reporter:5R01DC018071-02,reporter,2020,US,National Institute on Deafness and Other Communication Disorders,411986,USD,355405.45,Bioenergetic Mechanisms of Tongue Muscle Fatigue,ambiguous,fundamental_aging,0.75,Fatigue is a characteristic of aging muscles that results from multiple factors including bioenergetic changes,https://reporter.nih.gov/project-details/5R01DC018071-02
reporter:5F31CA206387-03,reporter,2019,US,National Cancer Institute,27506,USD,23728.43,Function and Regulation of IL-1a in the Senescence-Associated Secretory Phenotype,fundamental_aging,fundamental_aging,0.9,"the senescence-associated secretory phenotype (SASP). These factors are believed to reinforce the senescent phenotype, induce neighboring cells to senesce",https://reporter.nih.gov/project-details/5F31CA206387-03
reporter:5R35GM154595-02,reporter,2025,US,National Institute of General Medical Sciences,376500,USD,324792.96,Molecular mechanisms and evolution of natural telomeric variation,fundamental_aging,fundamental_aging,0.62,"Uncovering the mechanisms of telomere length regulation and understanding the biological significance of natural telomeric variation is crucial, as it provides the framework for understanding human telomere variation wit",https://reporter.nih.gov/project-details/5R35GM154595-02
reporter:5R33AG070455-04,reporter,2024,US,National Institute on Aging,636324,USD,548933.75,ENHANCING THE CALERIE NETWORK TO ADVANCE AGING BIOLOGY,intervention,fundamental_aging,0.86,The overall objective was to elucidate underlying biological mechanisms and mediators of primary and secondary human aging.,https://reporter.nih.gov/project-details/5R33AG070455-04
reporter:5R01AG043930-03,reporter,2015,US,National Institute on Aging,490637,USD,423254.83,"Translational Systems Genetics of Mitochondria, Metabolism, and Aging",age_related_disease,fundamental_aging,0.9,"We map and quantify novel GXE-type modifier loci, candidate genes, and molecular networks that modulate healthspan and longevity.",https://reporter.nih.gov/project-details/5R01AG043930-03
reporter:5R21AG081998-02,reporter,2024,US,National Institute on Aging,197250,USD,170160.46,Exceptional Longevity and Biobehavioral Aging in Rhesus Macaques,ambiguous,fundamental_aging,0.9,"identify drivers of a longer, healthier life",https://reporter.nih.gov/project-details/5R21AG081998-02
reporter:1R01CA279952-01A1,reporter,2024,US,National Cancer Institute,569502,USD,491288.82,Novel taxane-site tubulin ligands with a dual apoptosis and senescence-inducing mechanism of action,fundamental_aging,age_related_disease,0.93,senescent cancer cells can resume proliferation... triple negative breast cancer models,https://reporter.nih.gov/project-details/1R01CA279952-01A1
reporter:1R61AG096065-01,reporter,2025,US,National Institute on Aging,699344,USD,603298.83,Connecting surgical stress to sex-dependent vulnerabilities in aging and aging hallmarks,ambiguous,fundamental_aging,0.93,"persistent changes in male aging hallmarks 7 months at the inflammatory, metabolic and epigenetic level",https://reporter.nih.gov/project-details/1R61AG096065-01
reporter:2P30AG066614-06,reporter,2025,US,National Institute on Aging,768600,USD,663043.48,Center on Aging and Population Sciences,ambiguous,ambiguous,0.75,population-based research on aging,https://reporter.nih.gov/project-details/2P30AG066614-06
reporter:5R01CA210916-07,reporter,2023,US,National Cancer Institute,364279,USD,314250.35,International Registry for Werner Syndrome,fundamental_aging,fundamental_aging,0.95,"elucidating underlying mechanisms of accelerated aging ... genome instability, now widely accepted as one of the hallmarks of aging",https://reporter.nih.gov/project-details/5R01CA210916-07
reporter:5R01AG031743-17,reporter,2025,US,National Institute on Aging,583233,USD,503134.06,"Interaction of estrogen, age, and activity on musculoskeletal strength in females",intervention,fundamental_aging,0.82,determine the cellular and molecular mechanisms through which E2 deficiency perturbs skeletal muscle and contractile functions with age,https://reporter.nih.gov/project-details/5R01AG031743-17
reporter:5R03CA195183-02,reporter,2016,US,National Cancer Institute,75500,USD,65131.12,The role of Sirt2 in haptocarcinogenesis,age_related_disease,age_related_disease,0.96,The central focus of this proposal is to understand the role of the NAD-dependent deacetylase sirtuin-2 (Sirt2) in hepatocellular carcinoma (HCC).,https://reporter.nih.gov/project-details/5R03CA195183-02
reporter:1R15DK144838-01,reporter,2025,US,National Institute of Diabetes and Digestive and Kidney Diseases,551696,USD,475928.23,The role of cannabinoid 1 receptor in age-associated diseases,fundamental_aging,age_related_disease,0.83,"The prevalence of MASLD increases with age, and in older adults, it increases the risk of progression to more severe liver diseases.",https://reporter.nih.gov/project-details/1R15DK144838-01
reporter:5R00AG056054-05,reporter,2020,US,National Institute on Aging,249000,USD,214803.31,Cognitive and Neural Moderators of Longitudinal Decline in Frontotemporal Degeneration,intervention,age_related_disease,0.92,Cognitive and Neural Moderators of Longitudinal Decline in Frontotemporal Degeneration,https://reporter.nih.gov/project-details/5R00AG056054-05
reporter:5K01NS127947-02,reporter,2024,US,National Institute of Neurological Disorders and Stroke,214704,USD,185217.39,"The Impact of Social, Genetic and Neuroimaging Factors on Cognitive Functioning in the Black Community",age_related_disease,age_related_disease,0.95,"determine how social, neuroimaging markers, and genetic risk factors contribute to cognitive decline in non-demented older Black individuals",https://reporter.nih.gov/project-details/5K01NS127947-02
reporter:3U24CA268108-02S1,reporter,2022,US,National Cancer Institute,704179,USD,607469.81,SenNet Supplement CODCC,fundamental_aging,fundamental_aging,0.82,"nationwide, underrepresented scientific internship award program in cellular senescence",https://reporter.nih.gov/project-details/3U24CA268108-02S1
reporter:5R01AG060756-05,reporter,2023,US,National Institute on Aging,599671,USD,517314.53,Social Modulation of Transitions in Diabetes: Synthesizing Data Sets and Biomeasure Assays,age_related_disease,age_related_disease,0.93,"identifying novel approaches to reduce diabetes risk, its complications and mortality",https://reporter.nih.gov/project-details/5R01AG060756-05
reporter:5R01AG073593-03,reporter,2025,US,National Institute on Aging,622383,USD,536907.35,Large-Scale Genomic Analysis of Aging-Related Cognitive Change Prior to Dementia Onset,age_related_disease,age_related_disease,0.95,"Major Neurocognitive Disorders of Aging, including Alzheimer's Disease (AD) and Alzheimer's Disease Related Dementias (ADRD), produce cognitive declines",https://reporter.nih.gov/project-details/5R01AG073593-03
reporter:5P20GM109035-03,reporter,2018,US,National Institute of General Medical Sciences,270428,USD,233288.47,Project 4: A Drug Repositioning Strategy for Healthspan Extension,fundamental_aging,intervention,0.99,Project 4: A Drug Repositioning Strategy for Healthspan Extension,https://reporter.nih.gov/project-details/5P20GM109035-03
reporter:5K01AA025306-04,reporter,2020,US,National Institute on Alcohol Abuse and Alcoholism,159649,USD,137723.43,Cognitive and functional deficits associated with reduced cortical GABA in HIV-infected heavy drinkers,ambiguous,ambiguous,0.85,Cognitive and functional deficits associated with reduced cortical GABA in HIV-infected heavy drinkers,https://reporter.nih.gov/project-details/5K01AA025306-04
reporter:1R21AG071268-01,reporter,2021,US,National Institute on Aging,255291,USD,220230.33,Features of PMN Senescence that Lead to Susceptibility to Pneumococcal Infection,fundamental_aging,fundamental_aging,0.9,"Immunosenescence, the age-related decline in immune function, is manifested by an increase in susceptibility to many infectious diseases",https://reporter.nih.gov/project-details/1R21AG071268-01
reporter:1F30HL137235-01A1,reporter,2018,US,National Heart Lung and Blood Institute,35516,USD,30638.37,Characterizing the clonal dynamics and origins of the developing hematopoietic system,ambiguous,ambiguous,0.82,"how HSCs decide upon particular fates during development, and how these fate decisions are altered during disease or aging.",https://reporter.nih.gov/project-details/1F30HL137235-01A1
reporter:5R01HL134511-02,reporter,2017,US,National Heart Lung and Blood Institute,537317,USD,463523.98,Accelerated aging of microvessels and perivascular adipose tissue in women with HIV,fundamental_aging,fundamental_aging,0.86,"How dysfunction of the endothelium, PVAT and miRNAs contribute to premature microvascular aging is unknown",https://reporter.nih.gov/project-details/5R01HL134511-02
reporter:5UG3CA268105-02,reporter,2022,US,National Cancer Institute,536000,USD,462387.85,Evaluating diverse technologies for detecting and validating senescent cells in vivo,fundamental_aging,fundamental_aging,0.96,Senescent cells increase with age and can drive a growing list of age-related pathologies,https://reporter.nih.gov/project-details/5UG3CA268105-02
reporter:2P50CA168504-11,reporter,2025,US,National Cancer Institute,266003,USD,229471.19,Project 3: BET bromodomain inhibitor combinations in breast cancer,fundamental_aging,age_related_disease,0.93,BET bromodomain inhibitor combinations in breast cancer,https://reporter.nih.gov/project-details/2P50CA168504-11
reporter:5R01AG055395-07,reporter,2025,US,National Institute on Aging,424355,USD,366075.74,Cerebral microhemorrhages and gait abnormalities in aging,fundamental_aging,fundamental_aging,0.95,"accumulation of senescent endothelial cells in the cerebral microcirculation, caused by aging, results in a microvascular phenotype that is prone to fragility",https://reporter.nih.gov/project-details/5R01AG055395-07
reporter:5K08AG075351-04,reporter,2025,US,National Institute on Aging,153990,USD,132841.61,"Risk Factors for Alzheimer's Disease Among Latinos: Relationships Between Cardiovascular Disease Risk, Acculturation, Small Vessel Disease, and Alzheimer's Biomarkers",age_related_disease,age_related_disease,0.98,"Risk Factors for Alzheimer's Disease Among Latinos: Relationships Between Cardiovascular Disease Risk, Acculturation, Small Vessel Disease, and Alzheimer's Biomarkers",https://reporter.nih.gov/project-details/5K08AG075351-04
reporter:5R01AG054060-05,reporter,2020,US,National Institute on Aging,411294,USD,354808.49,Pleiotropy GWAS of Alzheimer's Disease,age_related_disease,age_related_disease,0.95,Pleiotropy GWAS of Alzheimer's Disease and Multiple Neurodegenerative Diseases,https://reporter.nih.gov/project-details/5R01AG054060-05
reporter:5R01AG033921-15,reporter,2017,US,National Institute on Aging,355466,USD,306647.69,"MicroRNA mediators of stress, dietary restriction and aging",fundamental_aging,fundamental_aging,0.95,we propose to elucidate the underlying regulatory network of genes and miRNAs involved in aging,https://reporter.nih.gov/project-details/5R01AG033921-15
