record_id,source,year,country,funder,amount,currency,amount_eur,title,rule_category,llm_category,llm_confidence,llm_quote,url
swecris:P46678-1_Energi,swecris,2018,SE,Swedish Energy Agency ,1964306.0,SEK,174802.31,"Accelerated ageing and voltage disturbances – need, possibilities and limitations",ambiguous,ambiguous,0.75,"A study will be conducted on the need, possibilities and limitations of including voltage disturbances in accelerated aging tests.",https://www.vr.se/english/swecris.html?searchText=P46678-1_Energi
swecris:P42789-1_Energi,swecris,2016,SE,Swedish Energy Agency ,5879000.0,SEK,523168.38,Separating the influence of temperature and current swing on the ageing of a Li-Ion battery,ambiguous,ambiguous,0.75,Separating the influence of temperature and current swing on the ageing of a Li-Ion battery,https://www.vr.se/english/swecris.html?searchText=P42789-1_Energi
swecris:P40798-1_Energi,swecris,2015,SE,Swedish Energy Agency ,920000.0,SEK,81870.2,"Super-Insulating Materials in Building Components & Systems: Long-term Performance, IEA-EBC Annex 65",ambiguous,ambiguous,0.85,The aim is to develop ageing prediction models of super insulation materials,https://www.vr.se/english/swecris.html?searchText=P40798-1_Energi
swecris:P40501-1_Energi,swecris,2015,SE,Swedish Energy Agency ,13320000.0,SEK,1185338.12,Fast-Charging of Large Energy-optimised Li-ion Cells for Electrified Drivelines,ambiguous,ambiguous,0.95,"Quantify and characterise Li-ion battery ageing as a function of load conditions, cell design and cell chemistry.",https://www.vr.se/english/swecris.html?searchText=P40501-1_Energi
swecris:P39786-1_Energi,swecris,2015,SE,Swedish Energy Agency ,7876232.0,SEK,700900.75,Life-Long Battery Control,ambiguous,ambiguous,0.9,This project will develop age-estimating control algorithms,https://www.vr.se/english/swecris.html?searchText=P39786-1_Energi
swecris:P39649-1_Energi,swecris,2015,SE,Swedish Energy Agency ,1260000.0,SEK,112126.58,Service life of district heating pipes – Phase 1 degradation mechanisms and test methods,ambiguous,ambiguous,0.95,accelerated ageing of district heating pipes,https://www.vr.se/english/swecris.html?searchText=P39649-1_Energi
swecris:P39045-1_Energi,swecris,2015,SE,Swedish Energy Agency ,9960000.0,SEK,886333.91,Energy AND Power: Hybrid Supercapacitors,ambiguous,ambiguous,0.95,affecting also life-length and ageing,https://www.vr.se/english/swecris.html?searchText=P39045-1_Energi
swecris:P32519-3_Energi,swecris,2015,SE,Swedish Energy Agency ,3676000.0,SEK,327124.84,Prediction of thermoplastic ageing in biofuels,ambiguous,ambiguous,0.85,Prediction of thermoplastic ageing in biofuels,https://www.vr.se/english/swecris.html?searchText=P32519-3_Energi
swecris:P23-0347_RJ,swecris,2024,SE,Riksbankens Jubileumsfond,4218264.0,SEK,375380.56,Ageing Regions: Turning liabilities into opportunities for regional development,ambiguous,ambiguous,0.7,This project addresses the impacts of an ageing society on regions in Sweden and Denmark.,https://www.vr.se/english/swecris.html?searchText=P23-0347_RJ
swecris:P2025-03173_Energi,swecris,2025,SE,Swedish Energy Agency ,10275000.0,SEK,914365.55,Mass transport in multi-solvent battery electrolytes,ambiguous,ambiguous,0.9,"Electrolytes are central components in batteries and affect important properties such as maximum charge and discharge rate, and ageing.",https://www.vr.se/english/swecris.html?searchText=P2025-03173_Energi
swecris:P2025-03123_Energi,swecris,2025,SE,Swedish Energy Agency ,2779048.0,SEK,247305.67,"Electrode Cross-Talk in Li-ion Batteries: Methods, Mechanisms, and Mitigation",ambiguous,ambiguous,0.92,Electrode cross-talk is an underexplored yet critical ageing process for Li-ion batteries.,https://www.vr.se/english/swecris.html?searchText=P2025-03123_Energi
swecris:P2024-03164_Energi,swecris,2024,SE,Swedish Energy Agency ,5538197.0,SEK,492840.54,"Pathways towards Age-friendly Neighbourhoods: Transnational research, knowledge transfer, collaborative approaches and capacity building for the transition towards the 15-minute city",ambiguous,ambiguous,0.78,"AGE-15 tackles urban ageing challenges such as unwanted isolation, accessibility or safety concerns.",https://www.vr.se/english/swecris.html?searchText=P2024-03164_Energi
swecris:P2024-01005_Energi,swecris,2024,SE,Swedish Energy Agency ,851897.0,SEK,75809.76,Revealing the correlation of synthesis condition and electrochemical performance of ultrahigh-Ni cathode materials,ambiguous,ambiguous,0.95,unravel the reaction and ageing mechanisms of ultrahigh-Ni NMC cathodes,https://www.vr.se/english/swecris.html?searchText=P2024-01005_Energi
swecris:P2023-00983_Energi,swecris,2023,SE,Swedish Energy Agency ,3685716.0,SEK,327989.46,Non-destructive battery aging diagnosis,ambiguous,ambiguous,0.95,Non-destructive battery aging diagnosis,https://www.vr.se/english/swecris.html?searchText=P2023-00983_Energi
swecris:P2023-00600_Energi,swecris,2023,SE,Swedish Energy Agency ,360000.0,SEK,32036.17,Developing a Spectro-electrochemical Method for Operando Monitoring of Capacity Fading in Nickel-rich Battery Cathodes,ambiguous,ambiguous,0.95,how fast a battery will age,https://www.vr.se/english/swecris.html?searchText=P2023-00600_Energi
swecris:P2023-00144_Energi,swecris,2023,SE,Swedish Energy Agency ,6684193.0,SEK,594821.98,Faster fast-charging and extended lifetime of lithium-ion batteries by new onboard monitoring of degradation using feedback from new cheap sensors,ambiguous,ambiguous,0.9,premature battery ageing associated with undermined reliability and safety,https://www.vr.se/english/swecris.html?searchText=P2023-00144_Energi
swecris:P2022-00737_Energi,swecris,2023,SE,Swedish Energy Agency ,5999127.0,SEK,533858.4,Energy storage for grid support and priming of renewable energy applications based on sodium-ion batteries,ambiguous,ambiguous,0.95,"gently accelerating ageing, without starting unrelated ageing mechanisms",https://www.vr.se/english/swecris.html?searchText=P2022-00737_Energi
swecris:P2022-00445_Energi,swecris,2022,SE,Swedish Energy Agency ,5177040.0,SEK,460701.41,Long term effects of repetitive axial loads on DH pipes and their importance for service life,ambiguous,ambiguous,0.95,Long term effects of repetitive axial loads on DH pipes and their importance for service life,https://www.vr.se/english/swecris.html?searchText=P2022-00445_Energi
swecris:P2021-90095_Energi,swecris,2022,SE,Swedish Energy Agency ,4527720.0,SEK,402918.85,Plastics in electric machines: Ageing mechanisms and the development of new sustainable solutions,ambiguous,ambiguous,0.95,Plastics in electric machines: Ageing mechanisms and the development of new sustainable solutions,https://www.vr.se/english/swecris.html?searchText=P2021-90095_Energi
swecris:P2019-90135_Energi,swecris,2019,SE,Swedish Energy Agency ,4895019.0,SEK,435604.55,Wood-Derived Carbon Anodes for Sodium-Ion Batteries,ambiguous,ambiguous,0.9,"Special attention will be given to electrode-electrolyte interactions, and ageing during cycling and storage.",https://www.vr.se/english/swecris.html?searchText=P2019-90135_Energi
swecris:P2018-90039_Energi,swecris,2019,SE,Swedish Energy Agency ,4014484.0,SEK,357246.31,Ageing phenomena coupled to dynamic cycling of automotive Li-ion batteries,ambiguous,ambiguous,0.1,Ageing phenomena coupled to dynamic cycling of automotive Li-ion batteries,https://www.vr.se/english/swecris.html?searchText=P2018-90039_Energi
swecris:P2017-90012_Energi,swecris,2019,SE,Swedish Energy Agency ,11059351.0,SEK,984164.43,Ageing of Lithium-ion Batteries with Nickel-Rich Cathodes for Electromobility (ALINE),ambiguous,ambiguous,0.95,Ageing of Lithium-ion Batteries with Nickel-Rich Cathodes for Electromobility (ALINE),https://www.vr.se/english/swecris.html?searchText=P2017-90012_Energi
swecris:P19-0567:1_RJ,swecris,2020,SE,Riksbankens Jubileumsfond,5916000.0,SEK,526460.98,Sleep in everyday life – relationship to mood and performance in young and older adults,ambiguous,ambiguous,0.82,Sleep in everyday life – relationship to mood and performance in young and older adults,https://www.vr.se/english/swecris.html?searchText=P19-0567%3A1_RJ
swecris:P18-0463:1_RJ,swecris,2019,SE,Riksbankens Jubileumsfond,3213999.0,SEK,286011.68,"Post-retirement work: A path to extending working life that generates new inequalities? A comparison of Sweden, the USA and Japan",ambiguous,ambiguous,0.85,Post-retirement work: A path to extending working life that generates new inequalities?,https://www.vr.se/english/swecris.html?searchText=P18-0463%3A1_RJ
swecris:P15-0754:1_RJ,swecris,2016,SE,Riksbankens Jubileumsfond,2502999.0,SEK,222740.25,The joy and beauty of dancing: An exploratory study of  the social and corporeal aspects of dancing among older people,ambiguous,ambiguous,0.82,This project focuses on the social and corporeal aspects of older people dancing.,https://www.vr.se/english/swecris.html?searchText=P15-0754%3A1_RJ
swecris:P15-0140:1_RJ,swecris,2016,SE,Riksbankens Jubileumsfond,4185999.0,SEK,372509.32,What places? What ageing(s)? Ageing-in-place in contemporary African urbanities: the cases of Namibia and Uganda,ambiguous,ambiguous,0.72,The proposed project examines spatial aspects of older people’s everyday life and ageing in the context of contemporary urban situations in Africa,https://www.vr.se/english/swecris.html?searchText=P15-0140%3A1_RJ
swecris:25-CON-0010_OS,swecris,2025,SE,Foundation for Baltic and East European Studies,48000.0,SEK,4271.49,Researching LGBTQ+ Ageing and Later Life in the Baltic and Eastern Europe and Beyond,ambiguous,ambiguous,0.85,Researching LGBTQ+ Ageing and Later Life in the Baltic and Eastern Europe and Beyond,https://www.vr.se/english/swecris.html?searchText=25-CON-0010_OS
swecris:22-PR2-0010_OS,swecris,2023,SE,Foundation for Baltic and East European Studies,5979000.0,SEK,532067.31,A matter of transition? Working life trajectories and retirement behavior in post-socialist contexts across Central and Eastern Europe,ambiguous,ambiguous,0.75,work life trajectories and retirement behavior in the region are nearly unexplored,https://www.vr.se/english/swecris.html?searchText=22-PR2-0010_OS
swecris:2025-07910_VR,swecris,2025,SE,Swedish Research Council,27000000.0,SEK,2402712.4,Safer Life Extension in Nuclear Power: Digital Twins and AI for Polymer Ageing and Non-Destructive Monitoring,ambiguous,ambiguous,0.92,combining fundamental studies of polymer ageing with non-destructive condition monitoring,https://www.vr.se/english/swecris.html?searchText=2025-07910_VR
swecris:2025-02221_KI,swecris,2025,SE,Karolinska Institutet,160000.0,SEK,14238.3,[Stiftelsen för ålderssjukdomar vid KI 2025] Can Biological Brain Age Help Understanding Biological Heterogeneity in Cognitive Decline in Alzheimer’s Disease?,age_related_disease,age_related_disease,0.88,investigate brain age as a predictive biomarker across the Alzheimer’s disease (AD) continuum,https://www.vr.se/english/swecris.html?searchText=2025-02221_KI
swecris:2025-02203_KI,swecris,2025,SE,Karolinska Institutet,150000.0,SEK,13348.4,[Loo och Hans Ostermans stiftelse 2025] Targeting immunological vulnerabilities of senescent cells in ageing and age-related disorders,fundamental_aging,fundamental_aging,0.92,The accumulation of senescent cells in tissues is a common feature of ageing and age-related disorders,https://www.vr.se/english/swecris.html?searchText=2025-02203_KI
swecris:2025-02115_KI,swecris,2025,SE,Karolinska Institutet,180000.0,SEK,16018.08,[Loo och Hans Ostermans stiftelse 2025] Beyond platelet production: deciphering megakaryocyte heterogeneity across ageing,ambiguous,fundamental_aging,0.86,it remains unknown whether MKs preserve their function during ageing,https://www.vr.se/english/swecris.html?searchText=2025-02115_KI
swecris:2025-02059_Forte,swecris,2025,SE,Forte,50000000.0,SEK,4449467.4,The RELATE Research Centre - REturn-to-Work in LATEr Stages of Working Life: Person-Centred Participatory Health Interventions for Sustainable Future Work,ambiguous,ambiguous,0.85,Empowering older workers and helping them maintain their ability to healthily work in an ageing workforce,https://www.vr.se/english/swecris.html?searchText=2025-02059_Forte
swecris:2025-02056_KI,swecris,2025,SE,Karolinska Institutet,150000.0,SEK,13348.4,[Stiftelsen för ålderssjukdomar vid KI 2025] Biological signatures of dietary patterns and long term multimorbidity accumulation in older adults: insights from a Swedish population-based study,age_related_disease,age_related_disease,0.8,Biological signatures of dietary patterns and long term multimorbidity accumulation in older adults,https://www.vr.se/english/swecris.html?searchText=2025-02056_KI
swecris:2025-02032_Forte,swecris,2025,SE,Forte,6450000.0,SEK,573981.29,"Coordinated Individual Care Plan as a tool in the transition to care closer to home: A multi-method approach to analysing experiences, effects, and equity",ambiguous,care,0.95,Coordinated Individual Care Plan as a tool in the transition to care closer to home,https://www.vr.se/english/swecris.html?searchText=2025-02032_Forte
swecris:2025-02000_KI,swecris,2025,SE,Karolinska Institutet,230000.0,SEK,20467.55,[Stiftelsen för ålderssjukdomar vid KI 2025] MACROPHAGING: Invesitigating mesenchymal stem cell therapy to modulate senescence and inflammation in aged macrophages for the treatment of atherosclerosis.,fundamental_aging,age_related_disease,0.8,mesenchymal stem cell therapy to modulate senescence and inflammation in aged macrophages for the treatment of atherosclerosis,https://www.vr.se/english/swecris.html?searchText=2025-02000_KI
swecris:2025-01941_Forte,swecris,2025,SE,Forte,7779000.0,SEK,692248.14,Reducing emergency care in frail older adults: from co-design to pilot evaluation of the HOME-FIRST model bridging primary and home care,care,care,0.95,Reducing emergency care in frail older adults: from co-design to pilot evaluation of the HOME-FIRST model bridging primary and home care,https://www.vr.se/english/swecris.html?searchText=2025-01941_Forte
swecris:2025-01896_Forte,swecris,2025,SE,Forte,6498000.0,SEK,578252.78,"Möjligheter, utmaningar och risker med egenmonitorering: Patienters, anhörigas, vårdpersonalens och chefers perspektiv samt evidensbaserade rekommendationer för att stödja Nära vård",ambiguous,care,0.92,"develop evidence-based recommendations to ensure that RMTs strengthen, rather than undermine, the core values of Nära vård",https://www.vr.se/english/swecris.html?searchText=2025-01896_Forte
swecris:2025-01720_Formas,swecris,2025,SE,Formas,998999.0,SEK,88900.27,“Unity at the Pump” – Pathway to Smart Asset Management in Water Utilities,ambiguous,ambiguous,0.95,"growing pressure on water resources, ageing infrastructure, and the need for more efficient digital management",https://www.vr.se/english/swecris.html?searchText=2025-01720_Formas
swecris:2025-01377_VR,swecris,2025,SE,Swedish Research Council,4773000.0,SEK,424746.16,"Skin Deep: A Transdisciplinary Study of Ageing, Beauty, and Wrinkles",ambiguous,ambiguous,0.9,"critically examines the societal impact of non-invasive cosmetic treatments by analyzing how wrinkles, as markers of ageing, are constructed, experienced, and commodified",https://www.vr.se/english/swecris.html?searchText=2025-01377_VR
swecris:20241319_HLF,swecris,2025,SE,Swedish Heart-Lung Foundation,1050000.0,SEK,93438.82,Vascular Ageing - Epidemiology and Determinants in the Swedish Population,age_related_disease,age_related_disease,0.8,"relationship between arterial stiffness and new-onset (incident) coronary events, atrial fibrillation, hypertension, and cardiovascular/all-cause mortality",https://www.vr.se/english/swecris.html?searchText=20241319_HLF
swecris:20241194_HLF,swecris,2025,SE,Swedish Heart-Lung Foundation,4200000.0,SEK,373755.26,Predicting chronic airway disease; a life-course approach,age_related_disease,age_related_disease,0.92,The overall aim is to better predict chronic airway disease across the life-course.,https://www.vr.se/english/swecris.html?searchText=20241194_HLF
swecris:20240678_HLF,swecris,2025,SE,Swedish Heart-Lung Foundation,3200000.0,SEK,284765.91,"Cardiovascular disease, obesity, and functional decline - effects on the ageing process",age_related_disease,age_related_disease,0.82,"Cardiovascular disease, obesity, and functional decline - effects on the ageing process",https://www.vr.se/english/swecris.html?searchText=20240678_HLF
swecris:2024-05740_VR,swecris,2025,SE,Swedish Research Council,3600000.0,SEK,320361.65,CNS waste disposal - molecular mechanism for controlling AQP4 localisation,age_related_disease,fundamental_aging,0.75,"This activity is increased during sleep and reduced in the ageing brain, the latter which leads to an increased vulnerability to neurodegenerative disease.",https://www.vr.se/english/swecris.html?searchText=2024-05740_VR
swecris:2024-05707_VR,swecris,2025,SE,Swedish Research Council,3840000.0,SEK,341719.1,Diserdostasis: A Rheostat for Cellular Quiescence and Ageing,ambiguous,fundamental_aging,0.86,"This rheostat, sequesters and removes toxic proteins thereby increasing lifespan",https://www.vr.se/english/swecris.html?searchText=2024-05707_VR
swecris:2024-02288_Forte,swecris,2025,SE,Forte,976000.0,SEK,86853.6,Interventions to promote mental health and well-being of nursing home residents - a scoping review,care,care,0.92,Interventions to promote mental health and well-being of nursing home residents - a scoping review,https://www.vr.se/english/swecris.html?searchText=2024-02288_Forte
swecris:2024-02201_Forte,swecris,2025,SE,Forte,1200000.0,SEK,106787.22,"Äldre i Centrum – scientific supplement, journal and website",fundamental_aging,ambiguous,0.8,"Äldre i Centrum Vetenskapligt Supplement, ÄiCVS, is a newly established scientific peer review journal with original research in Swedish on older people´s living conditions, health and situation in society.",https://www.vr.se/english/swecris.html?searchText=2024-02201_Forte
swecris:2024-02194_Forte,swecris,2025,SE,Forte,446000.0,SEK,39689.25,SIA (Social Inequalities in Ageing) network,ambiguous,ambiguous,0.8,social research on ageing in the Nordics,https://www.vr.se/english/swecris.html?searchText=2024-02194_Forte
swecris:2024-02168_Forte,swecris,2025,SE,Forte,381000.0,SEK,33904.94,The Swedish national network for social science research on ageing and eldercare,ambiguous,care,0.8,The Swedish national network for social science research on ageing and eldercare,https://www.vr.se/english/swecris.html?searchText=2024-02168_Forte
swecris:2024-02091_Forte,swecris,2024,SE,Forte,220000.0,SEK,19577.66,"Sexuality and Aging – A Research Collaboration between the Brazilian Longitudinal Study of Adult Health (ELSA-Brasil) and the School of Health, Care, and Social Welfare, Mälardalen University",ambiguous,ambiguous,0.7,"Sexuality and aging involve a complex interplay between physical health, psychological well-being, and social attitudes.",https://www.vr.se/english/swecris.html?searchText=2024-02091_Forte
swecris:2024-01840_Forte,swecris,2025,SE,Forte,4982000.0,SEK,443344.93,Integrated person-centred care process (GAPA) through team-based oral health assessments together with older adults and dental and municipal care personnel,ambiguous,care,0.95,"The project will evaluate a new, person-centred working model – GAPA – which includes older adults as well as dental and municipal care personnel.",https://www.vr.se/english/swecris.html?searchText=2024-01840_Forte
swecris:2024-01808_Forte,swecris,2025,SE,Forte,4970000.0,SEK,442277.06,"Older people with intellectual disabilities – the consequences of discrepancies between disparate legislation, varying organisational structures of local authorities and diverse forms of care",care,care,0.92,This project examines the discrepancies between eldercare and disability care,https://www.vr.se/english/swecris.html?searchText=2024-01808_Forte
swecris:2024-01794_Forte,swecris,2025,SE,Forte,4997000.0,SEK,444679.77,Visions of care: how visualizations shape collaborations and valuations in home care services,care,care,0.95,how visualizations shape collaborations and valuations in home care services,https://www.vr.se/english/swecris.html?searchText=2024-01794_Forte
swecris:2024-01793_Forte,swecris,2025,SE,Forte,4942000.0,SEK,439785.36,Co-designing integrated residential aged care: development and evaluation of a new working method for healthcare and social services,care,care,0.98,Co-designing integrated residential aged care: development and evaluation of a new working method for healthcare and social services,https://www.vr.se/english/swecris.html?searchText=2024-01793_Forte
swecris:2024-01791_Forte,swecris,2025,SE,Forte,4997000.0,SEK,444679.77,Health care and social services for older adults in the context of age-friendly cities and communities: Can system-thinking and cooperation on a broad front pay off?,care,care,0.9,Health care and social services for older adults in the context of age-friendly cities and communities,https://www.vr.se/english/swecris.html?searchText=2024-01791_Forte
swecris:2024-01577_Forte,swecris,2025,SE,Forte,4366000.0,SEK,388527.49,Managing job quality and labour shortages with AI/AM in long-term care,care,care,0.95,This project investigates the role of Artificial Intelligence in future-proofing long-term care (LTC).,https://www.vr.se/english/swecris.html?searchText=2024-01577_Forte
swecris:2024-01440_Forte,swecris,2025,SE,Forte,3727000.0,SEK,331663.3,Risks and potentials with flexible employment pathways in late working life in Sweden,ambiguous,ambiguous,0.8,Risks and potentials with flexible employment pathways in late working life in Sweden,https://www.vr.se/english/swecris.html?searchText=2024-01440_Forte
swecris:2024-00673_Vinnova,swecris,2024,SE,Vinnova,699523.0,SEK,62250.1,Welcome to your own table!,care,care,0.94,The project is based on the societal challenges of an ageing population and the shortcomings in elderly care.,https://www.vr.se/english/swecris.html?searchText=2024-00673_Vinnova
swecris:2024-00181_VR,swecris,2024,SE,Swedish Research Council,3900000.0,SEK,347058.46,COGNITIVE PROCESSING IN VISUAL SEARCH: The effect of ageing and dynamic environments,ambiguous,ambiguous,0.8,Particularly we investigate ... (c) the effect of ageing.,https://www.vr.se/english/swecris.html?searchText=2024-00181_VR
swecris:2023-07091_VR,swecris,2024,SE,Swedish Research Council,6400000.0,SEK,569531.83,Targeting mitochondrial dysfunction,fundamental_aging,fundamental_aging,0.78,"Disturbances of mitochondrial function have been observed in several common pathologies such as neurodegeneration, heart failure, inflammation, diabetes, and the naturally occurring ageing process.",https://www.vr.se/english/swecris.html?searchText=2023-07091_VR
swecris:2023-04445_VR,swecris,2024,SE,Swedish Research Council,4800000.0,SEK,427148.87,Human in vitro Opto-electrical Parkinson´s Disease Model with a Gut Feeling - HOPE,age_related_disease,age_related_disease,0.93,There is no cure for PD and existing therapies only relieve symptoms. There is a lack of understanding of the underlying mechanisms of PD,https://www.vr.se/english/swecris.html?searchText=2023-04445_VR
swecris:2023-04319_VR,swecris,2024,SE,Swedish Research Council,3640000.0,SEK,323921.23,Towards the whole-cell model of yeast replicative ageing,fundamental_aging,fundamental_aging,0.97,"Cellular ageing is a complex multifactorial process affected by an intertwined network of effectors such as protein translation, protein quality control, mitochondrial dysfunction, and metabolism.",https://www.vr.se/english/swecris.html?searchText=2023-04319_VR
swecris:2023-04314_VR,swecris,2024,SE,Swedish Research Council,4100000.0,SEK,364856.33,Multiphysics modelling and monitoring of lithium-ion cells for next-generation management system,ambiguous,ambiguous,0.9,avoid any safety issues and premature ageing,https://www.vr.se/english/swecris.html?searchText=2023-04314_VR
swecris:2023-04099_VR,swecris,2024,SE,Swedish Research Council,4138000.0,SEK,368237.92,Osteoarthritis and the human knee - linking structural degradation to mechanical performance,age_related_disease,age_related_disease,0.95,"Degenerative joint diseases, specifically osteoarthritis (OA), are one of our most rapidly growing threats to healthy ageing.",https://www.vr.se/english/swecris.html?searchText=2023-04099_VR
swecris:2023-02315_Formas,swecris,2024,SE,Formas,5998001.0,SEK,533758.2,Planning and development of Collaborative Housing and Shared Housing as Intermediate Forms of Housing for promoting older adults’ health and well-being,ambiguous,care,0.92,"developing novel, accessible and scalable intermediate forms of housing to counteract unwanted social isolation and negative effects on the physical, cognitive and mental health of older adults",https://www.vr.se/english/swecris.html?searchText=2023-02315_Formas
swecris:20230231_HLF,swecris,2024,SE,Swedish Heart-Lung Foundation,1800000.0,SEK,160180.83,Molecular Profiling and New Treatment Strategies of Early Vascular Ageing,age_related_disease,fundamental_aging,0.85,"vascular aging that occurs at a markedly accelerated rate in CKD, causing the biological vascular age to depart distinctly from its chronological age",https://www.vr.se/english/swecris.html?searchText=20230231_HLF
swecris:2023-02144_VR,swecris,2024,SE,Swedish Research Council,4800000.0,SEK,427148.87,Effects of young obesity and type 2 diabetes through adult life and the ageing process,age_related_disease,age_related_disease,0.78,Effects of young obesity and type 2 diabetes through adult life and the ageing process,https://www.vr.se/english/swecris.html?searchText=2023-02144_VR
swecris:2023-02089_VR,swecris,2024,SE,Swedish Research Council,2400000.0,SEK,213574.44,Enhanced Continuity of Postoperative care for Older persons in their Neurocognitive recovery after cardiac surgery: the ECPON project,age_related_disease,age_related_disease,0.75,postoperative neurocognitive decline characterized by a gradual decrease in performance in several cognitive domains,https://www.vr.se/english/swecris.html?searchText=2023-02089_VR
swecris:2023-02046_Formas,swecris,2023,SE,Formas,3914262.0,SEK,348327.62,"Utilization of housing and health research for active and healthy ageing: Implementation of web-based housing counseling in collaboration between academia, municipality, companies, and older people",ambiguous,care,0.92,"For municipalities, better health in the older population reduces the need for health and social care.",https://www.vr.se/english/swecris.html?searchText=2023-02046_Formas
swecris:2023-01797_Forte,swecris,2024,SE,Forte,1917000.0,SEK,170592.58,Responses to Suicidality in Social Service Interventions: A Knowledge Inventory on Suicide Prevention in Ageing and Disability,care,care,0.88,Professionals within the social services often encounter individuals struggling with suicidality,https://www.vr.se/english/swecris.html?searchText=2023-01797_Forte
swecris:2023-01606_Forte,swecris,2023,SE,Forte,499700.0,SEK,44467.98,"Designed living environment that promotes health and well-being: Knowledge and experience exchange and new partnership research between Dalhousie University, Canada and Lund University, Sweden",ambiguous,ambiguous,0.78,"universal design of housing and neighborhoods that are accessible and inclusive for as many as possible, regardless of age, ability, or situation",https://www.vr.se/english/swecris.html?searchText=2023-01606_Forte
swecris:2023-01534_Forte,swecris,2023,SE,Forte,3000000.0,SEK,266968.04,UPSCALE- Unfolding the processes between user needs and health and welfare technology in socio-technical transition of health and care services,care,care,0.92,"organizing future health and care services, whose sustainability is affected by population ageing and, at the same time, population decline",https://www.vr.se/english/swecris.html?searchText=2023-01534_Forte
swecris:2023-01516_Forte,swecris,2023,SE,Forte,2850000.0,SEK,253619.64,"Ageing Right Care(fully) – a system approach to understanding, redesigning and futuring integrated care for older adults ageing in place in the Netherlands, Israel and Sweden",care,care,0.96,"integrated care for older adults ageing in place in the Netherlands, Israel and Sweden",https://www.vr.se/english/swecris.html?searchText=2023-01516_Forte
swecris:2023-01399_Forte,swecris,2024,SE,Forte,480415.0,SEK,42751.82,Home sweet home? Exploring equality in the use of home care services and the potential to prevent adverse health outcomes,care,care,0.95,Exploring equality in the use of home care services and the potential to prevent adverse health outcomes,https://www.vr.se/english/swecris.html?searchText=2023-01399_Forte
swecris:2023-01243_Vinnova,swecris,2023,SE,Vinnova,4936791.0,SEK,439321.81,All aboard! Towards future sustainable mobility and digital service solutions accessible to all,ambiguous,ambiguous,0.72,capture lessons learned and develop the knowledge on how to create more sustainable mobility for all,https://www.vr.se/english/swecris.html?searchText=2023-01243_Vinnova
swecris:2023-01179_Forte,swecris,2023,SE,Forte,300000.0,SEK,26696.8,27th Nordic Congress of Gerontology in Stockholm 2024,ambiguous,ambiguous,0.95,NKG is the largest conference on ageing research in the Nordic countries as well as in Sweden.,https://www.vr.se/english/swecris.html?searchText=2023-01179_Forte
swecris:2023-01169_Forte,swecris,2023,SE,Forte,299600.0,SEK,26661.21,SWEAH Conference 2023: Interdisciplinary Perspectives on Sustainable Ageing,ambiguous,ambiguous,0.7,Interdisciplinary Perspectives on Sustainable Ageing,https://www.vr.se/english/swecris.html?searchText=2023-01169_Forte
swecris:2023-00933_Forte,swecris,2024,SE,Forte,4991000.0,SEK,444145.84,Who recovers from a fall injury and why? Defining Vulnerability- and Resilience Profiles among older adults,care,age_related_disease,0.75,Fall injuries among older adults are one of few public health problems that have not decreased with better health care and lifestyles,https://www.vr.se/english/swecris.html?searchText=2023-00933_Forte
swecris:2023-00703_Forte,swecris,2024,SE,Forte,4996000.0,SEK,444590.78,SUN-AGE: Supportive neighborhood and housing environments for ageing populations,ambiguous,care,0.91,"housing and neighborhood environments that support older people, physically, socially and in terms of access to services, facilities and health care",https://www.vr.se/english/swecris.html?searchText=2023-00703_Forte
swecris:2023-00406_Forte,swecris,2024,SE,Forte,4810000.0,SEK,428038.76,Development of narrative-based practices for increased dignity and participation in elderly care,care,care,0.98,Development of narrative-based practices for increased dignity and participation in elderly care,https://www.vr.se/english/swecris.html?searchText=2023-00406_Forte
swecris:2023-00394_VR,swecris,2024,SE,Swedish Research Council,681381.0,SEK,60635.65,International journal of ageing and later life,ambiguous,ambiguous,0.7,sociala och kulturella perspektiv på äldre och åldrande,https://www.vr.se/english/swecris.html?searchText=2023-00394_VR
swecris:2023-00286_Forte,swecris,2024,SE,Forte,4717000.0,SEK,419762.75,"At the Heart of Men: Myocardial infarction, Masculinity, and Lifestyle",ambiguous,age_related_disease,0.91,"This project aims to analyse how plural and intersectional masculinities (age, class, ethnicity) covary with myocardial infarction (MI)",https://www.vr.se/english/swecris.html?searchText=2023-00286_Forte
swecris:2023-00185_Forte,swecris,2023,SE,Forte,4464000.0,SEK,397248.45,"Promoting active ageing and participation using technology among older adults and people with Parkinson´s disease - patient, partner and health care provider perspectives",age_related_disease,care,0.76,perceptions of carers to people with PD regarding the potential for eHealth technology to support everyday life and participation.,https://www.vr.se/english/swecris.html?searchText=2023-00185_Forte
swecris:2023-00172_Forte,swecris,2023,SE,Forte,4993000.0,SEK,444323.81,Welfare technology and Electronic Performance Monitoring (EPM) in Swedish elderly care,care,care,0.95,Welfare technology and Electronic Performance Monitoring (EPM) in Swedish elderly care,https://www.vr.se/english/swecris.html?searchText=2023-00172_Forte
swecris:2023-00164_Forte,swecris,2023,SE,Forte,23819000.0,SEK,2119637.28,"Research programme on Ageing, Loneliness, and Mental health: understanding the connections and enabling change (REALM)",ambiguous,care,0.9,enhancing care professionals’ response to loneliness,https://www.vr.se/english/swecris.html?searchText=2023-00164_Forte
swecris:2023-00158_Forte,swecris,2023,SE,Forte,4997000.0,SEK,444679.77,"Older people with dementia - do we detect them, do they receive adequate care, and what are their care trajectories? A mixed-methods project with a focus on primary care and vulnerable groups",age_related_disease,care,0.86,"do they receive adequate care, and what are their care trajectories? A mixed-methods project with a focus on primary care and vulnerable groups",https://www.vr.se/english/swecris.html?searchText=2023-00158_Forte
swecris:2023-00157_Forte,swecris,2023,SE,Forte,4949000.0,SEK,440408.28,Meaningful conversations in the sunset years: Developing suicide preventive communication tools for productive responses to older helpline callers,ambiguous,care,0.85,suicide preventive communication tools for productive responses to older helpline callers,https://www.vr.se/english/swecris.html?searchText=2023-00157_Forte
swecris:2023-00133_Forte,swecris,2023,SE,Forte,23991000.0,SEK,2134943.45,Future Well Ageing- a community-based program for prevention and interventions using welfare technology for a healthy everyday life,age_related_disease,care,0.92,welfare technology is used to reduce the need for primary- and homecare,https://www.vr.se/english/swecris.html?searchText=2023-00133_Forte
swecris:2023-00128_Vinnova,swecris,2023,SE,Vinnova,3020850.0,SEK,268823.47,DUET Circular Design and Use of Wood building elements,ambiguous,ambiguous,0.9,DUET Circular Design and Use of Wood building elements,https://www.vr.se/english/swecris.html?searchText=2023-00128_Vinnova
swecris:2022-06243_VR,swecris,2023,SE,Swedish Research Council,3450000.0,SEK,307013.25,Ageing without Children,ambiguous,ambiguous,0.82,how aging individuals plan and prepare for childless aging,https://www.vr.se/english/swecris.html?searchText=2022-06243_VR
swecris:20220601_HLF,swecris,2023,SE,Swedish Heart-Lung Foundation,2400000.0,SEK,213574.44,"The interplay between lipid handling, inflammation and autophagy: Implications for cardiovascular disease and life expectancy",age_related_disease,fundamental_aging,0.68,"Autophagy, lipid handling and inflammation in relation to atherogenesis and longevity are studied",https://www.vr.se/english/swecris.html?searchText=20220601_HLF
swecris:2022-03023_VR,swecris,2023,SE,Swedish Research Council,3900000.0,SEK,347058.46,How do somatic mutations contribute to aging? A test using insect model systems,ambiguous,fundamental_aging,0.97,How do somatic mutations contribute to aging? ... hypothesis is that it results from the accumulation of mutations in somatic cells.,https://www.vr.se/english/swecris.html?searchText=2022-03023_VR
swecris:2022-02931_Vinnova,swecris,2022,SE,Vinnova,25000.0,SEK,2224.73,Travel grant 2022 MIRAI WEEK Nov 15-18,ambiguous,ambiguous,0.78,"gained lots of inspiration and knowledge on the topic of ageing, education, entrepreneurship",https://www.vr.se/english/swecris.html?searchText=2022-02931_Vinnova
swecris:2022-02818_Vinnova,swecris,2022,SE,Vinnova,23721.0,SEK,2110.92,Travel grant 2022 and the event MIRAI 2022,ambiguous,ambiguous,0.9,"MIRAI 2.0 is a collaboration between twenty Swedish and Japanese universities within the thematic areas of Sustainability, Materials Sciences, Ageing, AI, and Innovation and Entrepreneurship.",https://www.vr.se/english/swecris.html?searchText=2022-02818_Vinnova
swecris:2022-02769_Vinnova,swecris,2022,SE,Vinnova,25000.0,SEK,2224.73,Travel grant 2022 MIRAI 14-18 November,ambiguous,ambiguous,0.9,The aim of the paper was to examine how cosmetic apps construct ideas of successful ageing to mobilize fear and anxiety about ageing,https://www.vr.se/english/swecris.html?searchText=2022-02769_Vinnova
swecris:2022-02569_VR,swecris,2023,SE,Swedish Research Council,3632000.0,SEK,323209.31,Ageing without family - who cares?,ambiguous,care,0.96,"The purpose of this project is to study the consequences of growing old without IF, with a particular focus on wellbeing and support network.",https://www.vr.se/english/swecris.html?searchText=2022-02569_VR
swecris:2022-02335_VR,swecris,2023,SE,Swedish Research Council,6270000.0,SEK,557963.21,Early life determinants of successful cognitive and brain aging (IDA-BRAIN),ambiguous,fundamental_aging,0.75,Early life determinants of successful cognitive and brain aging (IDA-BRAIN),https://www.vr.se/english/swecris.html?searchText=2022-02335_VR
swecris:2022-02303_VR,swecris,2023,SE,Swedish Research Council,4381000.0,SEK,389862.33,"Work, ageing and welfare: retirement behavior in Sweden before the modern pension system, 1870–1950",ambiguous,ambiguous,0.8,"Work, ageing and welfare: retirement behavior in Sweden before the modern pension system, 1870–1950",https://www.vr.se/english/swecris.html?searchText=2022-02303_VR
swecris:2022-01650_VR,swecris,2023,SE,Swedish Research Council,10000000.0,SEK,889893.48,Intrisnsic muscle weakness - an overlooked comorbidity in need of molecular insight,age_related_disease,ambiguous,0.65,"Intrinsic muscle weakness (i.e., weakness without loss of muscle mass) is a comorbidity afflicting many patients including cancer, rheumatoid arthritis (RA) and cardiovascular disease, and our normal ageing population.",https://www.vr.se/english/swecris.html?searchText=2022-01650_VR
swecris:2022-01507_VR,swecris,2023,SE,Swedish Research Council,6000000.0,SEK,533936.09,"The impact metabolic health on osteoarthritis, from disease development to joint replacement.",age_related_disease,age_related_disease,0.95,"The impact metabolic health on osteoarthritis, from disease development to joint replacement.",https://www.vr.se/english/swecris.html?searchText=2022-01507_VR
swecris:2022-01476_VR,swecris,2023,SE,Swedish Research Council,6000000.0,SEK,533936.09,Mitochondrial Metabolism: a Druggable Driver of Stem Cell Fate in Ageing and Disease,ambiguous,fundamental_aging,0.82,Ageing of Hematopoietic Stem Cells (HSCs) is characterised by myeloid bias at the expense of lympho/erythroid commitment,https://www.vr.se/english/swecris.html?searchText=2022-01476_VR
swecris:2022-01405_VR,swecris,2023,SE,Swedish Research Council,6000000.0,SEK,533936.09,Size as a driver of stem cell ageing and cancer,age_related_disease,fundamental_aging,0.93,"I discovered a new aspect of stem cell ageing in vivo: cellular enlargement. With age and damage, stem cells increase in size causing their functional decline.",https://www.vr.se/english/swecris.html?searchText=2022-01405_VR
swecris:2022-01368_Forte,swecris,2022,SE,Forte,300000.0,SEK,26696.8,Avslutningskonferens UserAge: Att förstå brukarinvolvering i forskning om åldrande och hälsa,ambiguous,ambiguous,0.75,"user involvement, that is, collaboration between researchers and knowledge users outside academia",https://www.vr.se/english/swecris.html?searchText=2022-01368_Forte
swecris:2022-01308_Forte,swecris,2023,SE,Forte,499000.0,SEK,44405.68,With and for older people – preventing health deterioration through a co-research model,ambiguous,care,0.82,Prevention of health deterioration among older people is considered a priority in Sweden to ameliorate the increased demand for health and care services,https://www.vr.se/english/swecris.html?searchText=2022-01308_Forte
swecris:2022-01304_VR,swecris,2023,SE,Swedish Research Council,9000000.0,SEK,800904.13,Niche geometry in stem cell regulation and ageing,ambiguous,fundamental_aging,0.93,age-induced changes in tissue architecture may deregulate metabolite sharing and thereby tissue renewal by stem cells,https://www.vr.se/english/swecris.html?searchText=2022-01304_VR
swecris:2022-01287_VR,swecris,2023,SE,Swedish Research Council,4800000.0,SEK,427148.87,Connecting mitochondrial methylation potential to cellular dysfunction and disease,fundamental_aging,fundamental_aging,0.65,"Dysfunction of this organelle is increasingly linked to a broad range of disease states, as well as to normal ageing",https://www.vr.se/english/swecris.html?searchText=2022-01287_VR
swecris:2022-01221_VR,swecris,2023,SE,Swedish Research Council,2400000.0,SEK,213574.44,Aerobic exercise to minimise cardiovascular disease risk in lymphoma survivors - The LYMfit multicenter randomized controlled trial,age_related_disease,age_related_disease,0.92,Aerobic exercise to minimise cardiovascular disease risk in lymphoma survivors,https://www.vr.se/english/swecris.html?searchText=2022-01221_VR
swecris:2022-01175_Formas,swecris,2023,SE,Formas,3000000.0,SEK,266968.04,Structural safety of corroded reinforced concrete structures from visual inspection,ambiguous,ambiguous,0.95,Which ageing civil engineering structures are still safe to use?,https://www.vr.se/english/swecris.html?searchText=2022-01175_Formas
swecris:2022-01155_Forte,swecris,2023,SE,Forte,4150000.0,SEK,369305.79,Development and feasibility of a digital intervention for common mental health problems among older adults,ambiguous,ambiguous,0.7,digital intervention for common mental health problems among older adults,https://www.vr.se/english/swecris.html?searchText=2022-01155_Forte
swecris:2022-01136_Forte,swecris,2023,SE,Forte,5000000.0,SEK,444946.74,Healthy ageing for Indigenous communities in India and Sweden with focus on nutricous and culturally adequate food provision,care,care,0.9,The elderly care regime for Indigenous peoples differs between India and Sweden.,https://www.vr.se/english/swecris.html?searchText=2022-01136_Forte
swecris:2022-01135_VR,swecris,2023,SE,Swedish Research Council,2400000.0,SEK,213574.44,Deciphering bAD microglia in Alzheimer’s diseases,age_related_disease,age_related_disease,0.95,Deciphering bAD microglia in Alzheimer’s diseases,https://www.vr.se/english/swecris.html?searchText=2022-01135_VR
swecris:2022-01122_Forte,swecris,2023,SE,Forte,3930000.0,SEK,349728.14,POST COVID-19 CONDITON AS A THREAT TO HEALTHY AGEING:  A RANDOMIZED CONTROLLED TRIAL OF YOGA TO IMPROVE QUALITY OF LIFE,ambiguous,ambiguous,0.7,To improve long-term health-related quality of life (HR-QoL) and promote healthy ageing in middle-aged and older adults (aged 50–75 years) with post COVID using yoga-based exercise.,https://www.vr.se/english/swecris.html?searchText=2022-01122_Forte
swecris:2022-01117_Forte,swecris,2023,SE,Forte,4950000.0,SEK,440497.27,The cognitive consequences of social frailty: a mixed methods study of precarity and resilience among aging populations in India and Sweden,age_related_disease,age_related_disease,0.72,Growing evidence shows that 12 modifiable risk factors account for 40% of worldwide poor cognitive health and subsequent dementias.,https://www.vr.se/english/swecris.html?searchText=2022-01117_Forte
swecris:2022-01101_VR,swecris,2023,SE,Swedish Research Council,4800000.0,SEK,427148.87,Determining the mechanisms behind onset and progression of chronic kidney disease,age_related_disease,age_related_disease,0.93,"The research projects in this proposal are focused on the mechanisms behind chronic kidney disease (CKD), specifically glomerular disease with mesangial cell involvement.",https://www.vr.se/english/swecris.html?searchText=2022-01101_VR
swecris:2022-00955_Forte,swecris,2022,SE,Forte,499900.0,SEK,44485.78,"Sustainability, inclusiveness, productivity and equity and the transformation of Swedish working life courses – SIPET",ambiguous,ambiguous,0.86,sustainability of late work in Sweden’s ageing population,https://www.vr.se/english/swecris.html?searchText=2022-00955_Forte
swecris:2022-00932_VR,swecris,2023,SE,Swedish Research Council,9000000.0,SEK,800904.13,"Hematopoietic Stem Cell Ageing, Immunosenescence and Prospects for Rejuvenation",fundamental_aging,fundamental_aging,0.95,"Hematopoietic Stem Cell Ageing, Immunosenescence and Prospects for Rejuvenation",https://www.vr.se/english/swecris.html?searchText=2022-00932_VR
swecris:2022-00901_Forte,swecris,2023,SE,Forte,2000000.0,SEK,177978.7,Fördelning av vård och omsorg för äldre under deras sista levnadsår,care,care,0.97,Fördelning av vård och omsorg för äldre under deras sista levnadsår,https://www.vr.se/english/swecris.html?searchText=2022-00901_Forte
swecris:2022-00773_VR,swecris,2023,SE,Swedish Research Council,,SEK,,Instrinsic muscle weakness – an overlooked comorbidity in need of molecular insight,age_related_disease,ambiguous,0.7,"Intrinsic muscle weakness (i.e., weakness without loss of muscle mass) is a comorbidity afflicting many patients including cancer, rheumatoid arthritis (RA) and cardiovascular disease",https://www.vr.se/english/swecris.html?searchText=2022-00773_VR
swecris:2022-00680_VR,swecris,2023,SE,Swedish Research Council,4800000.0,SEK,427148.87,MiRNA-mediated regulation of epithelial homeostasis and immune responses,ambiguous,ambiguous,0.7,miRNA-mediated regulation in epithelial homeostasis and immunity,https://www.vr.se/english/swecris.html?searchText=2022-00680_VR
swecris:2022-00643_Forte,swecris,2023,SE,Forte,4986000.0,SEK,443700.89,"Prediction of medication risks and drug-related problems – a novel pharmacoepidemiological approach using real-world data, decision support algorithms and machine learning",ambiguous,ambiguous,0.93,"Prediction of medication risks and drug-related problems – a novel pharmacoepidemiological approach using real-world data, decision support algorithms and machine learning",https://www.vr.se/english/swecris.html?searchText=2022-00643_Forte
swecris:2022-00616_VR,swecris,2023,SE,Swedish Research Council,6000000.0,SEK,533936.09,Musculoskeletal integrity in aging – detecting risk and protective factors in bone health and osteoporosis,age_related_disease,age_related_disease,0.93,"Osteoporosis is a global concern due to its clinical consequence, fracture, which results in pain, lost mobility and premature death.",https://www.vr.se/english/swecris.html?searchText=2022-00616_VR
swecris:2022-00521_VR,swecris,2023,SE,Swedish Research Council,3000000.0,SEK,266968.04,RELOC-AGE: How Do Housing Choices and Relocation Matter for Active and Healthy Ageing?,ambiguous,care,0.82,Evaluate effects on active and healthy ageing of a web-based housing counselling service – Ageing in the Right Place (ARP),https://www.vr.se/english/swecris.html?searchText=2022-00521_VR
swecris:2022-00360_Forte,swecris,2023,SE,Forte,4979000.0,SEK,443077.96,"Understanding the relationships connecting everyday life, care, and the physical environment in nursing homes – a new collaborative framework",care,care,0.95,"understanding of the relationships that connect the provision of care, the physical environment, and everyday life in NHs",https://www.vr.se/english/swecris.html?searchText=2022-00360_Forte
swecris:2022-00342_Forte,swecris,2023,SE,Forte,4968000.0,SEK,442099.08,"Social prescribing in Sweden - a person-centred model to reduce loneliness, improve health and well-being among community dwelling older adults",ambiguous,care,0.95,"Social prescribing in Sweden - a person-centred model to reduce loneliness, improve health and well-being among community dwelling older adults",https://www.vr.se/english/swecris.html?searchText=2022-00342_Forte
swecris:2022-00322_Forte,swecris,2023,SE,Forte,4981000.0,SEK,443255.94,HEALTHYSHIFTWORK: a comprehensive longitudinal study of shift work and determinants of non-communicable diseases,age_related_disease,age_related_disease,0.72,a comprehensive longitudinal study of shift work and determinants of non-communicable diseases,https://www.vr.se/english/swecris.html?searchText=2022-00322_Forte
swecris:2022-00034_Formas,swecris,2022,SE,Formas,999991.0,SEK,88988.55,Socially sustainable housing for older adults: a scoping review and stakeholder consultation to inform evidence-based recommendations,ambiguous,care,0.82,Socially sustainable housing for older adults,https://www.vr.se/english/swecris.html?searchText=2022-00034_Formas
swecris:20210681_HLF,swecris,2022,SE,Swedish Heart-Lung Foundation,660000.0,SEK,58732.97,"Valve, ventricle and vessels  an integrative approach to unravel cardiovascular consequences of physical inactivity and obesity",age_related_disease,age_related_disease,0.83,"several levels of cardiovascular ageing, namely aortic valve stenosis, arterial stiffness, and cardiac diastolic function",https://www.vr.se/english/swecris.html?searchText=20210681_HLF
swecris:20210622_HLF,swecris,2022,SE,Swedish Heart-Lung Foundation,400000.0,SEK,35595.74,Combined Hyperlipidemia: a Lense into its Role in Accelerated aging  DISSECT,fundamental_aging,fundamental_aging,0.88,The purpose of DISSECT is to increase the understanding how a complex disease such as CH accelerates the biological ageing,https://www.vr.se/english/swecris.html?searchText=20210622_HLF
swecris:2021-04992_Vinnova,swecris,2021,SE,Vinnova,89823.0,SEK,7993.29,Designing self-care for increased health of older people in the digital age,ambiguous,care,0.92,digital health in the care of older people,https://www.vr.se/english/swecris.html?searchText=2021-04992_Vinnova
swecris:2021-04911_Vinnova,swecris,2021,SE,Vinnova,85500.0,SEK,7608.59,Sustainable Ageing of Migrant Populations in Sweden and Japan and their Transnational Families,ambiguous,ambiguous,0.7,"carry out the international conference on the topics of ageing, migration, and digital technologies",https://www.vr.se/english/swecris.html?searchText=2021-04911_Vinnova
swecris:2021-03748_Vinnova,swecris,2021,SE,Vinnova,4000000.0,SEK,355957.39,Using Physics-Informed Machine Learning for reusing power system components,ambiguous,ambiguous,0.92,use innovative computational methods and take advantage of physics-informed neural networks (PINNs) to study the ageing of power components in a wind farm,https://www.vr.se/english/swecris.html?searchText=2021-03748_Vinnova
swecris:20210348_HLF,swecris,2022,SE,Swedish Heart-Lung Foundation,480000.0,SEK,42714.89,"Vascular Ageing - Hemodynamic, Social and Biomarker Aspects in a Defined Urban Swedish Population",age_related_disease,fundamental_aging,0.88,"The main feature of vascular ageing is the age-associated stiffening of large elastic arteries, so called arterial stiffness, or arteriosclerosis.",https://www.vr.se/english/swecris.html?searchText=20210348_HLF
swecris:2021-03183_VR,swecris,2021,SE,Swedish Research Council,4200000.0,SEK,373755.26,Epigenetic changes in the immune system in response to SARS-CoV-2 infection,ambiguous,age_related_disease,0.6,"relates to Covid-19 disease severity, ageing, comorbidities and long-term effects of the disease",https://www.vr.se/english/swecris.html?searchText=2021-03183_VR
swecris:2021-02284_VR,swecris,2022,SE,Swedish Research Council,3600000.0,SEK,320361.65,Patient-induced pluripotent stem cells for multi-omic network-based stratification of synucleinopathies to deliver personalized treatments,age_related_disease,age_related_disease,0.93,decipher the origin of synucleinopathies Parkinson’s disease (PD) and multiple system atrophy (MSA),https://www.vr.se/english/swecris.html?searchText=2021-02284_VR
swecris:2021-02188_Formas,swecris,2021,SE,Formas,3832928.0,SEK,341089.76,Ageing (well) in rural Sweden - possibilities and challenges for impoverished older women,ambiguous,care,0.86,possibilities and challenges of ageing well as a woman in rural Sweden,https://www.vr.se/english/swecris.html?searchText=2021-02188_Formas
swecris:2021-01793_Forte,swecris,2021,SE,Forte,5809000.0,SEK,516939.12,Coordination of care after discharge in a complex healthcare landscape – today’s situation and a possible way forward,care,care,0.97,Coordination of care after discharge in a complex healthcare landscape – today’s situation and a possible way forward,https://www.vr.se/english/swecris.html?searchText=2021-01793_Forte
swecris:2021-01790_Forte,swecris,2021,SE,Forte,5897000.0,SEK,524770.19,Cooperation capacity and quality in ageing: A longitudinal study of integrated care,ambiguous,care,0.97,"study the continuity and cooperation between health and care providers, which sustain and improve quality of integrated care services for older people",https://www.vr.se/english/swecris.html?searchText=2021-01790_Forte
swecris:2021-01566_Forte,swecris,2021,SE,Forte,17999000.0,SEK,1601719.27,Strategies for improved work longevity from an employer- and employee perspective,ambiguous,ambiguous,0.85,"One of the most topical concerns of ageing societies is how to facilitate the realization of a sustainable, long and healthy working life.",https://www.vr.se/english/swecris.html?searchText=2021-01566_Forte
swecris:2021-01379_Forte,swecris,2021,SE,Forte,6000000.0,SEK,533936.09,Moral stress and moral agency in Swedish eldercare,ambiguous,care,0.98,Moral stress and moral agency in Swedish eldercare,https://www.vr.se/english/swecris.html?searchText=2021-01379_Forte
swecris:2021-01360_Forte,swecris,2021,SE,Forte,4600000.0,SEK,409351.0,Talking Mats to support involvement in choice and decision-making around home care services for older people living with mild to moderate dementia,care,care,0.96,Talking Mats to support involvement in choice and decision-making around home care services for older people living with mild to moderate dementia,https://www.vr.se/english/swecris.html?searchText=2021-01360_Forte
swecris:2021-01332_Formas,swecris,2022,SE,Formas,2998742.0,SEK,266856.1,"Atmospheric mixing state of soot related to water uptake, clouds, climate and health.",ambiguous,ambiguous,0.9,during ageing in the atmosphere water-soluble material will condense on them,https://www.vr.se/english/swecris.html?searchText=2021-01332_Formas
swecris:2021-01302_VR,swecris,2022,SE,Swedish Research Council,6397000.0,SEK,569264.86,Memory Representations and Language Processing,ambiguous,ambiguous,0.85,"how linguistic abilities are affected by processes of memory decay, such as ageing or brain injury",https://www.vr.se/english/swecris.html?searchText=2021-01302_VR
swecris:2021-01102_VR,swecris,2022,SE,Swedish Research Council,2400000.0,SEK,213574.44,Molecular Profiling and Novel Treatment Strategies of Vascular Ageing in Chronic Kidney Disease,age_related_disease,intervention,0.85,A main hypothesis of the project is that nutritional senotherapeutic combinations and/or Nrf2 agonists have beneficial effects on vascular functions ex vivo.,https://www.vr.se/english/swecris.html?searchText=2021-01102_VR
swecris:2021-00986_VR,swecris,2022,SE,Swedish Research Council,2400000.0,SEK,213574.44,Brain or periphery in Huntington´s disease? Organ system cross-talk providing targets for novel disease modification,ambiguous,age_related_disease,0.88,Huntingtons diseae (HD) is a devastating autosomal dominant neurodegenerative disorder,https://www.vr.se/english/swecris.html?searchText=2021-00986_VR
swecris:2021-00905_VR,swecris,2022,SE,Swedish Research Council,3900000.0,SEK,347058.46,Motor-ACT: Motor aspects and activities in relation to cognitive decline and brain pathologies,age_related_disease,age_related_disease,0.95,Motor-ACT aims to improve the possibilities for early detection of people at risk of developing cognitive decline/dementia,https://www.vr.se/english/swecris.html?searchText=2021-00905_VR
swecris:2021-00713_VR,swecris,2022,SE,Swedish Research Council,2172000.0,SEK,193284.86,TACKLing the challenges of PREsymptomatic sporadic Dementia,age_related_disease,age_related_disease,0.88,Alzheimer’s disease and other dementias are becoming an epidemic and there is a great need to develop therapies to prevent or delay onset.,https://www.vr.se/english/swecris.html?searchText=2021-00713_VR
swecris:20210067_HLF,swecris,2021,SE,Swedish Heart-Lung Foundation,500000.0,SEK,44494.67,"Epigenetic alterations in response to Covid-19 infection correlation with severity, age, long-term effects and mycobacterial exposure",ambiguous,ambiguous,0.7,"Epigenetic alterations in response to Covid-19 infection – correlation with severity, age, long-term effects and mycobacterial exposure",https://www.vr.se/english/swecris.html?searchText=20210067_HLF
swecris:2021-00526_Forte,swecris,2022,SE,Forte,4420000.0,SEK,393332.92,Being an older person with drug addiction – a qualitative study of the living conditions of a growing group,care,care,0.9,"older drug users in social services, healthcare and elderly care",https://www.vr.se/english/swecris.html?searchText=2021-00526_Forte
swecris:2021-00466_Forte,swecris,2022,SE,Forte,4980000.0,SEK,443166.95,Psychosocial recilience in ageing populations: Why do some dip and recover and others not?,ambiguous,ambiguous,0.82,This is the central research question in this mixed methods project on psychosocial resilience.,https://www.vr.se/english/swecris.html?searchText=2021-00466_Forte
swecris:2021-00359_VR,swecris,2021,SE,Swedish Research Council,7200000.0,SEK,640723.31,SpaceLab,ambiguous,ambiguous,0.88,replace and upgrade the ageing facilities currently available,https://www.vr.se/english/swecris.html?searchText=2021-00359_VR
swecris:2021-00302_Formas,swecris,2021,SE,Formas,3253979.0,SEK,289569.47,Smart monitoring of infrastructure asset health and performance in the drinking water distribution systems,ambiguous,ambiguous,0.75,"a comprehensive examination of the deterioration of, and maintenance management systems for, drinking water pipelines in the context of infrastructure aging",https://www.vr.se/english/swecris.html?searchText=2021-00302_Formas
swecris:2021-00278_VR,swecris,2021,SE,Swedish Research Council,14000000.0,SEK,1245850.87,Myfab – Nanofabrication Tools,ambiguous,ambiguous,0.95,"Myfab is, since 2010, the national research infrastructure for micro- and nanofabrication with open access cleanroom facilities",https://www.vr.se/english/swecris.html?searchText=2021-00278_VR
swecris:2021-00273_Forte,swecris,2022,SE,Forte,3620000.0,SEK,322141.44,Ageing in place – from policy to practice. Consequences of the de-institutionalisation of Swedish eldercare for older people and their family members,ambiguous,care,0.97,Consequences of the de-institutionalisation of Swedish eldercare for older people and their family members,https://www.vr.se/english/swecris.html?searchText=2021-00273_Forte
swecris:2021-00272_VR,swecris,2023,SE,Swedish Research Council,96402000.0,SEK,8578751.12,CORS,ambiguous,ambiguous,0.95,The aim of the CORS consortium is to enable class-leading comparative survey research,https://www.vr.se/english/swecris.html?searchText=2021-00272_VR
swecris:2021-00256_Forte,swecris,2022,SE,Forte,4950000.0,SEK,440497.27,"Older adults’ contribution to informal caregiving: temporal trends, profiles and adverse health consequences",care,care,0.98,"Older adults’ contribution to informal caregiving: temporal trends, profiles and adverse health consequences",https://www.vr.se/english/swecris.html?searchText=2021-00256_Forte
swecris:2021-00031_Forte,swecris,2021,SE,Forte,2765000.0,SEK,246055.55,Selection bias in ageing studies: novel statistical methods for analyses of incomplete datasets,age_related_disease,ambiguous,0.62,novel statistical methods for analyses of incomplete datasets,https://www.vr.se/english/swecris.html?searchText=2021-00031_Forte
swecris:20200668_HLF,swecris,2021,SE,Swedish Heart-Lung Foundation,500000.0,SEK,44494.67,Combined Hyperlipidemia: a Lense into Systemic Inflammation's Role in Accelerated Aging,age_related_disease,fundamental_aging,0.82,whether this inflammatory state impairs healthy ageing or longevity is still not clear,https://www.vr.se/english/swecris.html?searchText=20200668_HLF
swecris:2020-06204_VR,swecris,2021,SE,Swedish Research Council,1140480.0,SEK,101490.57,Mouth work-out to prevent malnutrition and sarcopenia,age_related_disease,age_related_disease,0.88,Mouth work-out to prevent malnutrition and sarcopenia,https://www.vr.se/english/swecris.html?searchText=2020-06204_VR
swecris:20200516_HLF,swecris,2021,SE,Swedish Heart-Lung Foundation,800000.0,SEK,71191.48,Metabolic cell senescence promotes insulin resistance and CVD,fundamental_aging,fundamental_aging,0.85,"Cell senescence is a consequence of ageing, the major risk factor for CVD",https://www.vr.se/english/swecris.html?searchText=20200516_HLF
swecris:2020-03976_VR,swecris,2020,SE,Swedish Research Council,3852000.0,SEK,342786.97,"Immunoecology,pace-of-life and ageing",fundamental_aging,fundamental_aging,0.96,"Why animals and their immune system age, what mechanisms cause ageing and why some individuals age faster than others are fundamental questions.",https://www.vr.se/english/swecris.html?searchText=2020-03976_VR
swecris:2020-03810_VR,swecris,2021,SE,Swedish Research Council,3652000.0,SEK,324989.1,Deleterious age-amplified mutations and the evolution of ageing,ambiguous,fundamental_aging,0.97,This proposal is centered around the novel hypothesis that deleterious mutations show increasing negative effects with age,https://www.vr.se/english/swecris.html?searchText=2020-03810_VR
swecris:2020-02881_Formas,swecris,2021,SE,Formas,990327.0,SEK,88128.55,LivE-COVID-19: how can living environments impact the consequences of social isolation during the COVID-19 pandemic?,ambiguous,ambiguous,0.82,how can living environments impact the consequences of social isolation during the COVID-19 pandemic?,https://www.vr.se/english/swecris.html?searchText=2020-02881_Formas
swecris:2020-02542_VR,swecris,2021,SE,Swedish Research Council,4000000.0,SEK,355957.39,Nearness of family - geographic proximity and care of older people in Sweden and Europe,ambiguous,care,0.96,care and support from families is often vital and old people with weak family ties become particularly vulnerable,https://www.vr.se/english/swecris.html?searchText=2020-02542_VR
swecris:2020-02247_VR,swecris,2021,SE,Swedish Research Council,6000000.0,SEK,533936.09,Neuronal rejuvenation through restoration of autophagy,age_related_disease,fundamental_aging,0.86,"clear mechanistic understanding of how autophagy declines with age and causes cellular dysfunction and neuronal death, is currently lacking",https://www.vr.se/english/swecris.html?searchText=2020-02247_VR
swecris:2020-01938_VR,swecris,2020,SE,Swedish Research Council,2400000.0,SEK,213574.44,Why do we age differently? Using biomarkers and health information in midlife and onwards to increase the understanding of the human ageing process.,ambiguous,fundamental_aging,0.93,increase the understanding of the human ageing process,https://www.vr.se/english/swecris.html?searchText=2020-01938_VR
swecris:2020-01861_VR,swecris,2020,SE,Swedish Research Council,2280000.0,SEK,202895.71,Thermoneutrality matters for translational research,ambiguous,ambiguous,0.7,"We will investigate metabolism, ageing, oxidative damage, microbiome composition, immunity, toxicology",https://www.vr.se/english/swecris.html?searchText=2020-01861_VR
swecris:2020-01535_Forte,swecris,2021,SE,Forte,2956783.0,SEK,263122.19,"Exclusion from civic engagement of a diverse older population: Features, experiences, and policy implications",ambiguous,ambiguous,0.7,"Exclusion from civic engagement of a diverse older population: Features, experiences, and policy implications",https://www.vr.se/english/swecris.html?searchText=2020-01535_Forte
swecris:2020-01532_Forte,swecris,2021,SE,Forte,2436476.0,SEK,216820.41,"Unequal ageing: life-expectancy, care needs and reforms to the welfare state",care,care,0.85,care needs and reforms to the welfare state,https://www.vr.se/english/swecris.html?searchText=2020-01532_Forte
swecris:2020-01524_Forte,swecris,2021,SE,Forte,3000000.0,SEK,266968.04,"Care, Inequality & Wellbeing in Transnational Families in Europe: a transnational intergenerational study in Spain, France, Sweden & UK (CAREWELL-TF)",care,care,0.95,"investigate the relationships between care, inequalities & wellbeing among different generations of transnational families",https://www.vr.se/english/swecris.html?searchText=2020-01524_Forte
swecris:2020-01342_VR,swecris,2020,SE,Swedish Research Council,5200000.0,SEK,462744.61,"Mechanisms for why individuals with viral infections, diabetes and high age are more susceptibility to acquire invasive pneumococcal diseases",age_related_disease,age_related_disease,0.75,"Mechanisms for why individuals with viral infections, diabetes and high age are more susceptibility to acquire invasive pneumococcal diseases",https://www.vr.se/english/swecris.html?searchText=2020-01342_VR
swecris:20200132_HLF,swecris,2021,SE,Swedish Heart-Lung Foundation,1200000.0,SEK,106787.22,Chronic kidney disease as a clinical model to identify novel approaches to prevent early vascular ageing,age_related_disease,intervention,0.86,senotherapeutic combinations and/or Nrf2 agonists have beneficial effects on vascular functions ex vivo,https://www.vr.se/english/swecris.html?searchText=20200132_HLF
swecris:2020-01220_VR,swecris,2021,SE,Swedish Research Council,4353000.0,SEK,387370.63,It´s the hormones. Women in transitions through hormone narratives,ambiguous,ambiguous,0.85,"research on self-help, narratives, ageing, temporality and gender normativity",https://www.vr.se/english/swecris.html?searchText=2020-01220_VR
swecris:2020-01103_VR,swecris,2021,SE,Swedish Research Council,9000000.0,SEK,800904.13,Osteoarthritis: from molecule to societal impact,age_related_disease,age_related_disease,0.95,"Although osteoarthritis (OA) is one of the leading causes of pain and disability worldwide, the basic mechanisms of its aetiology and pathogenesis remain unclear.",https://www.vr.se/english/swecris.html?searchText=2020-01103_VR
swecris:2020-00115_NV,swecris,2021,SE,Naturvårdsverket,3250000.0,SEK,289215.38,Towards a gender equal and sustainable wildlife management,ambiguous,ambiguous,0.9,Towards a gender equal and sustainable wildlife management,https://www.vr.se/english/swecris.html?searchText=2020-00115_NV
swecris:2020-00069_Forte,swecris,2020,SE,Forte,2400000.0,SEK,213574.44,Working after retirement: individual level determinants and consequences,ambiguous,ambiguous,0.88,Working after retirement: individual level determinants and consequences,https://www.vr.se/english/swecris.html?searchText=2020-00069_Forte
swecris:2020-00039_Forte,swecris,2020,SE,Forte,2400000.0,SEK,213574.44,"The effect of exclusion from social relations on cognitive decline trajectories, productive behaviours, and independent living capacity among older persons in Sweden",ambiguous,ambiguous,0.8,"The effect of exclusion from social relations on cognitive decline trajectories, productive behaviours, and independent living capacity among older persons in Sweden",https://www.vr.se/english/swecris.html?searchText=2020-00039_Forte
swecris:20190544_HLF,swecris,2020,SE,Swedish Heart-Lung Foundation,600000.0,SEK,53393.61,Remnant cholesterol and cardiometabolic disease (CMD): ability of current therapies and new compounds to reduce remnant cholesterol and thereby improve CMD,age_related_disease,age_related_disease,0.95,Lack of metabolic control of lipid and glucose homeostasis causes cardiometabolic diseases (CMD),https://www.vr.se/english/swecris.html?searchText=20190544_HLF
swecris:2019-05295_Vinnova,swecris,2020,SE,Vinnova,486999.0,SEK,43337.72,Probing dynamic processes in freeze-drying in-situ,ambiguous,ambiguous,0.85,how this water moves when the molecular mobility increases during storage,https://www.vr.se/english/swecris.html?searchText=2019-05295_Vinnova
swecris:2019-05062_VR,swecris,2020,SE,Swedish Research Council,3482000.0,SEK,309860.91,Counting soot particles - Number concentrations and sources in Swedish background air,ambiguous,ambiguous,0.82,their degree of atmospheric ageing,https://www.vr.se/english/swecris.html?searchText=2019-05062_VR
swecris:2019-04901_VR,swecris,2020,SE,Swedish Research Council,3400000.0,SEK,302563.78,"Biochar as a metal trap in soil – mechanisms, modelling and ageing",ambiguous,ambiguous,0.88,Study soils amended with biochar for potential ageing effects of the organic matter.,https://www.vr.se/english/swecris.html?searchText=2019-04901_VR
swecris:2019-04146_VR,swecris,2020,SE,Swedish Research Council,4187571.0,SEK,372649.21,Right competence at the right time - but for whom? Trajectories and aspirations within and beyond higher vocational education in Sweden,ambiguous,ambiguous,0.8,"labor market challenges posed by immigration, ageing, and gender segregation in the labor market—all of which YH may be able to mitigate",https://www.vr.se/english/swecris.html?searchText=2019-04146_VR
swecris:2019-03118_Vinnova,swecris,2019,SE,Vinnova,5500000.0,SEK,489441.41,Sustainable product realization of cast iron components in an extended value chain,ambiguous,ambiguous,0.95,without succeeding in solving the mechanisms of cold aging,https://www.vr.se/english/swecris.html?searchText=2019-03118_Vinnova
swecris:2019-02575_VR,swecris,2020,SE,Swedish Research Council,3450000.0,SEK,307013.25,Material relationships in action: the social psychology of social robots in dementia care,age_related_disease,care,0.92,"the social relationships between caregivers, patients, and social robots in dementia care",https://www.vr.se/english/swecris.html?searchText=2019-02575_VR
swecris:2019-02196_Formas,swecris,2019,SE,Formas,3297643.0,SEK,293455.1,Dietary Patterns in the Ageing European Population: an Interdisciplinary Approach to combat Overweight-Related Metabolic Diseases. The EURODIET project,age_related_disease,age_related_disease,0.87,Dietary Patterns in the Ageing European Population: an Interdisciplinary Approach to combat Overweight-Related Metabolic Diseases.,https://www.vr.se/english/swecris.html?searchText=2019-02196_Formas
swecris:2019-02050_VR,swecris,2020,SE,Swedish Research Council,6000000.0,SEK,533936.09,Immunoterapi mot åldrande: fokus på senescensspecifika immunkontrollpunkter i åldersrelaterad sjukdom och cancer,fundamental_aging,intervention,0.82,boosting immune system activity towards the elimination of senescent cells can represent a general strategy to improve the therapeutic outcome of ageing related diseases,https://www.vr.se/english/swecris.html?searchText=2019-02050_VR
swecris:20190199_HLF,swecris,2020,SE,Swedish Heart-Lung Foundation,400000.0,SEK,35595.74,Senotherapeutic and other innovative approaches to prevent early vascular ageing,age_related_disease,intervention,0.9,Senotherapeutic and other innovative approaches to prevent early vascular ageing,https://www.vr.se/english/swecris.html?searchText=20190199_HLF
swecris:2019-01667_Formas,swecris,2020,SE,Formas,2849904.0,SEK,253611.1,Fundamental research about sorption behaviours of coated wood for durable applications in outdoor use,ambiguous,ambiguous,0.85,Fundamental research about sorption behaviours of coated wood for durable applications in outdoor use,https://www.vr.se/english/swecris.html?searchText=2019-01667_Formas
swecris:2019-01634_VR,swecris,2020,SE,Swedish Research Council,2400000.0,SEK,213574.44,Understanding disease mechanisms in neurodegeneration using patient-derived cell models of ALS,ambiguous,age_related_disease,0.92,focus on understanding protein unfolding and aggregation in the context of the fatal neurodegenerative disease ALS,https://www.vr.se/english/swecris.html?searchText=2019-01634_VR
swecris:2019-01577_VR,swecris,2020,SE,Swedish Research Council,2400000.0,SEK,213574.44,Long non-coding RNAs in vascular ageing and abdominal aortic aneurysm disease,ambiguous,fundamental_aging,0.78,This project aims at defining a potential role for the lncRNA REMODELNCin aging-induced vascular disease.,https://www.vr.se/english/swecris.html?searchText=2019-01577_VR
swecris:2019-01356_VR,swecris,2020,SE,Swedish Research Council,4800000.0,SEK,427148.87,Malleable minds: Structural synaptic plasticity behind normal and dysfunctional memories and causing PTSD,ambiguous,ambiguous,0.85,ageing due to increased mtDNA mutation load impairs memory,https://www.vr.se/english/swecris.html?searchText=2019-01356_VR
swecris:2019-01353_Forte,swecris,2019,SE,Forte,4800000.0,SEK,427148.87,"Prolonged Working Lives, Older Workers and Dismissals. A Study of the Dynamics between Employment Protection, Non-Discrimination and Collective Bargaining",ambiguous,ambiguous,0.55,"An ageing workforce is a pressing societal trend, which poses specific challenges for labour law, industrial relations and collective bargaining.",https://www.vr.se/english/swecris.html?searchText=2019-01353_Forte
swecris:2019-01321_Forte,swecris,2019,SE,Forte,4725000.0,SEK,420474.67,"Sustainable Work in an Ageing Population (SWAP): Multinational analyses of the social, occupational and health-related determinants of working life expectancy",care,ambiguous,0.85,investigate determinants of working life expectancy (WLE) as a holistic measure of active labour market participation,https://www.vr.se/english/swecris.html?searchText=2019-01321_Forte
swecris:2019-01252_Forte,swecris,2019,SE,Forte,4800000.0,SEK,427148.87,THE TIMES THEY ARE A-CHANGIN´ - MANAGING CHANGE IN HEALTHCARE TO RETAIN AND ATTRACT COMPETENCE,ambiguous,ambiguous,0.82,"Swedish healthcare is facing psychosocial work environment problems with high staff turnover, absenteeism and poor job satisfaction",https://www.vr.se/english/swecris.html?searchText=2019-01252_Forte
swecris:2019-01245_Forte,swecris,2019,SE,Forte,17300000.0,SEK,1539515.72,Exclusion and Inequality in Late Working Life: Evidence for Policy Innovation Towards Inclusive Extended Work and Sustainable Working Conditions in Sweden and Europe – EIWO,ambiguous,ambiguous,0.82,Ageing societies need to extend working lives and EIWO pushes the boundaries of knowledge about late working life,https://www.vr.se/english/swecris.html?searchText=2019-01245_Forte
swecris:2019-01236_Forte,swecris,2019,SE,Forte,3550000.0,SEK,315912.19,Labour market and health outcomes in adults with a family member who has a chronic illness: the role of family characteristics and social services,age_related_disease,care,0.92,"Home help and institutional care may alleviate adverse consequences, but the impact of social services have hardly been studied.",https://www.vr.se/english/swecris.html?searchText=2019-01236_Forte
swecris:2019-01225_Forte,swecris,2019,SE,Forte,590000.0,SEK,52503.72,The interdisciplinary research network for working life and ageing (IDEAR),ambiguous,ambiguous,0.7,We research labour market participation and health in an ageing population.,https://www.vr.se/english/swecris.html?searchText=2019-01225_Forte
swecris:2019-01122_Forte,swecris,2019,SE,Forte,4660000.0,SEK,414690.36,Simul-Age: Simulation models that enable long-term predictions and cost-benefit analysis related to housing adaptation needs for a population ageing in place,ambiguous,care,0.82,housing adaptation needs for a population ageing in place,https://www.vr.se/english/swecris.html?searchText=2019-01122_Forte
swecris:2019-01104_Forte,swecris,2019,SE,Forte,4660000.0,SEK,414690.36,RELOC-AGE: How Do Housing Choices and Relocation Matter for Active Ageing?,ambiguous,care,0.85,Housing choices and relocation as people age are hot topics in the housing industry and care sectors,https://www.vr.se/english/swecris.html?searchText=2019-01104_Forte
swecris:2019-01101_Forte,swecris,2019,SE,Forte,2000000.0,SEK,177978.7,How do healthcare professionals perceive the hospital discharge process of older adults with complex needs? A comparative study of potential inequity in the care of these patients in Nordic countries,ambiguous,care,0.96,explore healthcare professionals’ views on the hospital discharge process of older adults with complex needs and identify potential inequity in the care provided to these patients,https://www.vr.se/english/swecris.html?searchText=2019-01101_Forte
swecris:2019-01100_Forte,swecris,2019,SE,Forte,3985000.0,SEK,354622.55,Long-term health effects of extending working life: Effects of raising lower and upper pension eligibility ages on health and health inequalities in late-life.,ambiguous,ambiguous,0.72,Long-term health effects of extending working life: Effects of raising lower and upper pension eligibility ages on health and health inequalities in late-life.,https://www.vr.se/english/swecris.html?searchText=2019-01100_Forte
swecris:2019-01076_Forte,swecris,2019,SE,Forte,4585000.0,SEK,408016.16,Mental health in old age: the role of social disadvantages throughout the life course and across birth cohorts,ambiguous,age_related_disease,0.9,Depression in late life demands urgent attention,https://www.vr.se/english/swecris.html?searchText=2019-01076_Forte
swecris:2019-00762_Forte,swecris,2020,SE,Forte,3250000.0,SEK,289215.38,Newly initiated pharmacotherapy and unintentional poisoning in older adults -assessment of the short-term risks and identification of high-risk groups.,age_related_disease,ambiguous,0.65,Newly initiated pharmacotherapy and unintentional poisoning in older adults,https://www.vr.se/english/swecris.html?searchText=2019-00762_Forte
swecris:2019-00704_Forte,swecris,2020,SE,Forte,2800000.0,SEK,249170.17,Highways of health: Mapping post-retirement change patterns and interplay of physical and cognitive health functions,ambiguous,ambiguous,0.75,Healthy ageing involves multiple processes and functions.,https://www.vr.se/english/swecris.html?searchText=2019-00704_Forte
swecris:2019-00610_Forte,swecris,2020,SE,Forte,4400000.0,SEK,391553.13,How are (un) equal assessments of the needs of older people created? A study of care managers ´ internal discussions during case conferences in social services?,care,care,0.98,care managers who work in the field of gerontological social work,https://www.vr.se/english/swecris.html?searchText=2019-00610_Forte
swecris:2019-00509_Formas,swecris,2020,SE,Formas,2963799.0,SEK,263746.54,Assessing centennial wind speed variability from a historical weather data rescue project in Sweden,ambiguous,ambiguous,0.95,Assessing centennial wind speed variability from a historical weather data rescue project in Sweden,https://www.vr.se/english/swecris.html?searchText=2019-00509_Formas
swecris:2019-00497_Formas,swecris,2020,SE,Formas,3000000.0,SEK,266968.04,Corrosion cracking: Image-based methods combined with modelling,ambiguous,ambiguous,0.9,Are ageing civil engineering structures safe to use?,https://www.vr.se/english/swecris.html?searchText=2019-00497_Formas
swecris:2019-00235_Forte,swecris,2020,SE,Forte,3600000.0,SEK,320361.65,HoT-Age: Perceived Housing and Life Transitions: Good Ageing-in Place,ambiguous,care,0.82,"Many countries have implemented ageing in place policies, which provide services focused on improving the physical environment or delivering care",https://www.vr.se/english/swecris.html?searchText=2019-00235_Forte
swecris:2018-06156_VR,swecris,2018,SE,Swedish Research Council,24910000.0,SEK,2216724.66,A clinical trans-omics multidisciplinary study to understand the role of antiretroviral therapy in premature ageing of the immune system in HIV-infection,ambiguous,fundamental_aging,0.85,unravel the physiological and molecular pathways that underline the pre-mature aging of the immune system (immune-aging),https://www.vr.se/english/swecris.html?searchText=2018-06156_VR
swecris:2018-05787_VR,swecris,2018,SE,Swedish Research Council,950000.0,SEK,84539.88,Negative allosteric modulation of the metabotropic glutamate receptor 5 as a novel pharmacological treatment to enhance rehabilitation after stroke,age_related_disease,age_related_disease,0.92,enhance rehabilitation after stroke,https://www.vr.se/english/swecris.html?searchText=2018-05787_VR
swecris:20180571_HLF,swecris,2019,SE,Swedish Heart-Lung Foundation,3300000.0,SEK,293664.85,Nya terapeutiska principer vid valvulärt och vaskulärt åldrande och inflammation.,age_related_disease,age_related_disease,0.82,identify novel therapeutic targets for these major cardiovascular pathologies of ageing,https://www.vr.se/english/swecris.html?searchText=20180571_HLF
swecris:2018-05196_VR,swecris,2018,SE,Swedish Research Council,5200000.0,SEK,462744.61,Mitigating poverty and disablement in older age: Understanding the complex interactions of factors influencing equitable healthy ageing in Myanmar,ambiguous,care,0.85,"how these come together to affect their wellbeing, care needs and utilization",https://www.vr.se/english/swecris.html?searchText=2018-05196_VR
swecris:20180492_HLF,swecris,2019,SE,Swedish Heart-Lung Foundation,1600000.0,SEK,142382.96,Metabolic cell senescence promotes insulin resistance and CVD  a SCAPIS study,fundamental_aging,fundamental_aging,0.91,"We postulate that both human CVD and Type 2 diabetes (T2D) are associated with, and driven by, metabolic cell senescence",https://www.vr.se/english/swecris.html?searchText=20180492_HLF
swecris:2018-04233_Vinnova,swecris,2018,SE,Vinnova,1488923.0,SEK,132498.29,Digital-enabled solutions to address demographic ageing - Sweden as a leading country within health and care 2028,ambiguous,care,0.92,Digital-enabled solutions to address demographic ageing - Sweden as a leading country within health and care 2028,https://www.vr.se/english/swecris.html?searchText=2018-04233_Vinnova
swecris:2018-03714_Vinnova,swecris,2018,SE,Vinnova,499913.0,SEK,44486.93,Test bed for Active and healthy aging,ambiguous,ambiguous,0.82,Test bed for Active and healthy aging,https://www.vr.se/english/swecris.html?searchText=2018-03714_Vinnova
swecris:2018-02999_VR,swecris,2019,SE,Swedish Research Council,3600000.0,SEK,320361.65,AMPK ACTIVATOR O304: A POTENTIAL CALORIC RESTRICTION MIMETIC DRUG FOR AGE-RELATED DISEASES?,intervention,intervention,0.9,Activators of AMP activated protein kinase (AMPK) represents one such class of potential geroprotector drugs.,https://www.vr.se/english/swecris.html?searchText=2018-02999_VR
swecris:2018-02981_VR,swecris,2019,SE,Swedish Research Council,7200000.0,SEK,640723.31,Skeletal Integrity in Ageing - Detecting Risk and Protective factors in Bone Health and Osteoporosis,age_related_disease,age_related_disease,0.91,Osteoporosis is a worldwide health concern due to its clinical consequence - fracture,https://www.vr.se/english/swecris.html?searchText=2018-02981_VR
swecris:2018-02805_VR,swecris,2018,SE,Swedish Research Council,9000000.0,SEK,800904.13,Establishing how cerebral small vessel disease affects brain vasculature and fluid transport,age_related_disease,age_related_disease,0.95,This proposal addresses an important group of vascular diseases: cerebral small vessel diseases (SVD).,https://www.vr.se/english/swecris.html?searchText=2018-02805_VR
swecris:20180278_HLF,swecris,2019,SE,Swedish Heart-Lung Foundation,4200000.0,SEK,373755.26,NYA SÄTT ATT FÖREBYGGA KARDIOMETABOL SJUKDOM,age_related_disease,age_related_disease,0.92,Increasing occurrence of obesity and diabetes is a major threat to cardiovascular health of our century.,https://www.vr.se/english/swecris.html?searchText=20180278_HLF
swecris:2018-02712_VR,swecris,2019,SE,Swedish Research Council,4800000.0,SEK,427148.87,On the developmental origins of life-long B lineage complexity,fundamental_aging,fundamental_aging,0.78,B cell heterogeneity and its dynamic changes with age remains an underexplored frontier,https://www.vr.se/english/swecris.html?searchText=2018-02712_VR
swecris:2018-02599_VR,swecris,2019,SE,Swedish Research Council,4800000.0,SEK,427148.87,Causes and consequences of lifespan multi-morbidity in ADHD,ambiguous,age_related_disease,0.68,accelerate the onset of disorders of ageing,https://www.vr.se/english/swecris.html?searchText=2018-02599_VR
swecris:2018-02576_Vinnova,swecris,2018,SE,Vinnova,15000.0,SEK,1334.84,Transnational Living Lab for Active Ageing,ambiguous,care,0.7,Transnational Living Lab for Active Ageing,https://www.vr.se/english/swecris.html?searchText=2018-02576_Vinnova
swecris:2018-01922_VR,swecris,2018,SE,Swedish Research Council,3503000.0,SEK,311729.69,Does inequality increase among older persons in Sweden? A multidimensional perspective,ambiguous,ambiguous,0.8,To study and analyse living conditions and inequalities among older persons is therefore of utmost importance.,https://www.vr.se/english/swecris.html?searchText=2018-01922_VR
swecris:2018-01793_Forte,swecris,2019,SE,Forte,4500000.0,SEK,400452.07,Socially Sustainable Housing Policies for People Ageing with Disability: Producing a Knowledge Base Supporting Participation and Active Citizenship,ambiguous,ambiguous,0.75,"housing for older people, in particular for those ageing with disability",https://www.vr.se/english/swecris.html?searchText=2018-01793_Forte
swecris:2018-01671_Forte,swecris,2019,SE,Forte,1144000.0,SEK,101803.81,IJAL - International Journal of Ageing and Later Life,ambiguous,ambiguous,0.95,"multi-disciplinary journal publishing research articles in the field of ageing and later life, with special focus on social and cultural aspects",https://www.vr.se/english/swecris.html?searchText=2018-01671_Forte
swecris:2018-00930_VR,swecris,2019,SE,Swedish Research Council,2130093.0,SEK,189555.59,MASCAGE Gendering Age: Representations of Masculinities and Ageing in Contemporary European Literatures and Cinemas,ambiguous,ambiguous,0.82,analyse social constructions of ageing masculinities and/through their cultural representations in contemporary European literatures and cinemas,https://www.vr.se/english/swecris.html?searchText=2018-00930_VR
swecris:2018-00911_VR,swecris,2018,SE,Swedish Research Council,750000.0,SEK,66742.01,INNOCONCRETE,ambiguous,ambiguous,0.75,"conservation of artworks in concrete, exploiting new (nano)materials and innovative techniques to monitor and characterize the ageing processes",https://www.vr.se/english/swecris.html?searchText=2018-00911_VR
swecris:2018-00796_Forte,swecris,2019,SE,Forte,1830000.0,SEK,162850.51,"The Swedish Stress Epidemic: A critical investigation of how the work environment, stress and occupational health has developed.",ambiguous,ambiguous,0.55,critically investigate the development of the psychosocial work environment and stress in Sweden and its effects on health and sickness absence,https://www.vr.se/english/swecris.html?searchText=2018-00796_Forte
swecris:2018-00713_Forte,swecris,2019,SE,Forte,5030000.0,SEK,447616.42,"Too much, too late? Use of overly aggressive treatments during the last months of life of older adults with poor prognosis",care,care,0.92,"The main challenges in care provision for older persons at the end of life are to improve quality of life, relieve distress",https://www.vr.se/english/swecris.html?searchText=2018-00713_Forte
swecris:2018-00679_VR,swecris,2018,SE,Swedish Research Council,3150000.0,SEK,280316.45,Empty Nests: The Ethics and Politics of Filial Association with Parents,age_related_disease,care,0.95,"investigates whether adult children can have duties to associate with their parents to provide the latter with care, companionship, and/or emotional support",https://www.vr.se/english/swecris.html?searchText=2018-00679_VR
swecris:2018-00471_Forte,swecris,2019,SE,Forte,2530000.0,SEK,225143.05,"The baby-boomers and the new ageing. Birth cohorts born 1901-1944 are followed from age 70 to 75 regarding how physical, mental, cognitive, social, and functional ability changes with age",age_related_disease,fundamental_aging,0.78,"how physical, mental, cognitive, social, and functional ability changes with age",https://www.vr.se/english/swecris.html?searchText=2018-00471_Forte
swecris:2018-00164_Forte,swecris,2019,SE,Forte,4030000.0,SEK,358627.07,Ageing times. Understanding generational changes in elderly’s time use with implications for health and wellbeing,ambiguous,ambiguous,0.7,The prime aim of the Ageing Times study is to understand ongoing changes in elderly people’s use of time.,https://www.vr.se/english/swecris.html?searchText=2018-00164_Forte
swecris:2017-06458_VR,swecris,2017,SE,Swedish Research Council,6250000.0,SEK,556183.42,Novel Steels for Lead-Cooled Generation 4 Nuclear Reactors,ambiguous,ambiguous,0.9,thermal ageing or degradation caused by the neutron irradiation,https://www.vr.se/english/swecris.html?searchText=2017-06458_VR
swecris:2017-06100_VR,swecris,2017,SE,Swedish Research Council,19200000.0,SEK,1708595.48,Molecular profiling of the Central Swedish Cohorts & Biobank: Entering precision medicine for healthy ageing,ambiguous,fundamental_aging,0.78,improve our understanding of pathological pathways of aging and early deaths,https://www.vr.se/english/swecris.html?searchText=2017-06100_VR
swecris:2017-05296_VR,swecris,2018,SE,Swedish Research Council,2800000.0,SEK,249170.17,The consequences of behavioural development and social status for ageing in naked mole-rats (Heterocephalus glaber),fundamental_aging,fundamental_aging,0.92,we will measure telomere attrition to estimate rates of ageing in individuals with contrasting growth trajectories and different behavioural phenotypes,https://www.vr.se/english/swecris.html?searchText=2017-05296_VR
swecris:2017-05117_VR,swecris,2018,SE,Swedish Research Council,3375000.0,SEK,300339.05,Understanding cell-to-cell heterogeneity in the aging process,ambiguous,fundamental_aging,0.95,Understanding cell-to-cell heterogeneity in the aging process,https://www.vr.se/english/swecris.html?searchText=2017-05117_VR
swecris:2017-04472_VR,swecris,2018,SE,Swedish Research Council,3500000.0,SEK,311462.72,Ageing of filled elastomers: Filling the gap from simple observations to physically realistic models,ambiguous,ambiguous,0.95,Ageing of filled elastomers: Filling the gap from simple observations to physically realistic models,https://www.vr.se/english/swecris.html?searchText=2017-04472_VR
swecris:2017-03213_Vinnova,swecris,2017,SE,Vinnova,2000000.0,SEK,177978.7,Competitive gray cast iron for sustainable development,ambiguous,ambiguous,0.95,The project intends to clarify the mechanisms of ageing and the relationship to machinability.,https://www.vr.se/english/swecris.html?searchText=2017-03213_Vinnova
swecris:2017-02610_VR,swecris,2018,SE,Swedish Research Council,3000000.0,SEK,266968.04,Grey divorce - An unexplored path to uncoupling in later life,ambiguous,ambiguous,0.8,The project will study the experience of getting divorced late in life and becoming a grey divorcee.,https://www.vr.se/english/swecris.html?searchText=2017-02610_VR
swecris:2017-02304_Forte,swecris,2018,SE,Forte,3000000.0,SEK,266968.04,"HARVEST: eHealth and Ageing in Rural Areas: Transforming Everyday Life, Digital Competences, and Technology",care,care,0.95,"Digital health and social care, so-called eHealth, is an emergent phenomenon which is portrayed as a way of managing societal challenges like demographic ageing",https://www.vr.se/english/swecris.html?searchText=2017-02304_Forte
swecris:2017-02301_Forte,swecris,2018,SE,Forte,3000000.0,SEK,266968.04,Being Connected at Home - Making use of digital devices in later life,ambiguous,care,0.85,"The project is contextualized by debates around ageing in place, loneliness and social isolation",https://www.vr.se/english/swecris.html?searchText=2017-02301_Forte
swecris:2017-02262_Forte,swecris,2017,SE,Forte,200000.0,SEK,17797.87,"Housing challenges for ageing populations of Sweden and Japan: a new research collaboration between Lund University, Sweden, and Waseda University, Japan",ambiguous,care,0.78,"improvement of housing accessibility and safety, for older people",https://www.vr.se/english/swecris.html?searchText=2017-02262_Forte
swecris:2017-02234_Forte,swecris,2017,SE,Forte,424352.0,SEK,37762.81,Men in care work - an international analysis,care,care,0.96,"Men, immigrant and racialized men in particular, are increasingly entering into the eldercare workforce",https://www.vr.se/english/swecris.html?searchText=2017-02234_Forte
swecris:2017-02212_Forte,swecris,2017,SE,Forte,128412.0,SEK,11427.3,Social inequalities in ageing: Nordic experiences,care,care,0.82,Welfare state reforms within long-term care and inequality,https://www.vr.se/english/swecris.html?searchText=2017-02212_Forte
swecris:2017-01755_Forte,swecris,2017,SE,Forte,5030000.0,SEK,447616.42,To support municipality’s evaluation of welfare technology and increasing understanding of digitizing elderly people´s everyday life.,age_related_disease,care,0.95,"for elderly people has, since its implementation in the 1960s, been closely linked to technological development.",https://www.vr.se/english/swecris.html?searchText=2017-01755_Forte
swecris:2017-01738_Forte,swecris,2017,SE,Forte,4150000.0,SEK,369305.79,Age as an organizing principle for the provision of services to persons with support needs,care,care,0.93,"the provision of personal assistance, home care and other services",https://www.vr.se/english/swecris.html?searchText=2017-01738_Forte
swecris:2017-01614_Forte,swecris,2017,SE,Forte,5900000.0,SEK,525037.15,"GenerationTech – Ageing, Technology and Health from a Generational Perspective",ambiguous,ambiguous,0.75,address ageing and technology from a generational perspective as related to health,https://www.vr.se/english/swecris.html?searchText=2017-01614_Forte
swecris:2017-01541_VR,swecris,2018,SE,Swedish Research Council,3450000.0,SEK,307013.25,Motor-ACT: Motor aspects and activities in relation to cognitive decline,age_related_disease,age_related_disease,0.92,improve an early identification of those at risk of developing cognitive decline or dementia,https://www.vr.se/english/swecris.html?searchText=2017-01541_VR
swecris:2017-01508_Formas,swecris,2018,SE,Formas,2999814.0,SEK,266951.49,Decision Support System for Improved Accessibility in Multi-Family Housing,ambiguous,care,0.7,the demand for accessible housing is increasing,https://www.vr.se/english/swecris.html?searchText=2017-01508_Formas
swecris:2017-00751_Forte,swecris,2018,SE,Forte,1780000.0,SEK,158401.04,Fall injuries related to use of CNS-active and antihypertensive drugs; impact on risk by concomitant use of metabolism-inhibiting drugs – prevention by individual choice of drug therapy?,ambiguous,age_related_disease,0.6,"Fall injury is a common public health problem that increases with an ageing population. Every year, fall injuries occur in 30 % of the population aged 60 years or older.",https://www.vr.se/english/swecris.html?searchText=2017-00751_Forte
swecris:2017-00667_VR,swecris,2018,SE,Swedish Research Council,75174000.0,SEK,6689685.24,SWEEP: Swedish Survey Program,ambiguous,ambiguous,0.95,national infrastructure consortium named SWEEP (Swedish Survey Program),https://www.vr.se/english/swecris.html?searchText=2017-00667_VR
swecris:2017-00613_Formas,swecris,2018,SE,Formas,2996265.0,SEK,266635.67,Health impacts of weather types in Sweden – the context of climatic and demographic change,age_related_disease,age_related_disease,0.65,We will also analyze impacts on mortality and hospitalization due to respiratory and cardiovascular diseases.,https://www.vr.se/english/swecris.html?searchText=2017-00613_Formas
swecris:2017-00183_Forte,swecris,2018,SE,Forte,4230000.0,SEK,376424.94,Strengthening community-based health systems through e-health innovations? a realist evaluation of Virtual Health Rooms in northern Sweden,ambiguous,care,0.96,e-health innovations in community-based health care delivery help achieve gains in access to care and strengthen health systems,https://www.vr.se/english/swecris.html?searchText=2017-00183_Forte
swecris:2017-00031_Forte,swecris,2017,SE,Forte,3054556.0,SEK,271822.95,Multi-cultural aspects of active aging: A cooperative study between Sweden and Indien,care,care,0.96,develop a model for designing interventions sensitive to the desires of community based elderly care-receivers,https://www.vr.se/english/swecris.html?searchText=2017-00031_Forte
swecris:2017-00030_Forte,swecris,2017,SE,Forte,3000000.0,SEK,266968.04,Development of value-integrating and sustainable models of homebased care,care,care,1.0,Development of value-integrating and sustainable models of homebased care,https://www.vr.se/english/swecris.html?searchText=2017-00030_Forte
swecris:2017-00029_Forte,swecris,2017,SE,Forte,3016650.0,SEK,268449.72,"Managing time with dementia - Effects of time assistive products on time processing ability, daily time management and well-being in people with dementia",age_related_disease,age_related_disease,0.88,"dementia affects thinking, memory, behavior, personal relationships and the ability to perform everyday activities",https://www.vr.se/english/swecris.html?searchText=2017-00029_Forte
swecris:2017-00024_Forte,swecris,2017,SE,Forte,2908189.0,SEK,258797.84,YOGA TO IMPROVE WELLBEING AND PROMOTE HEALTHY AGEING AMONG OLDER ADULTS: RANDOMIZED CONTROLLED TRIAL,ambiguous,intervention,0.8,"interventions that promote healthy ageing, postpone disability onset and improve wellbeing",https://www.vr.se/english/swecris.html?searchText=2017-00024_Forte
swecris:2017-00023_Forte,swecris,2017,SE,Forte,300000.0,SEK,26696.8,Otium – healthy ageing in a globalized world,care,care,0.95,The aim of the study is to further develop and explore conceptual model for technology assisted elderly care in domiciliary settings of rural areas in Sweden and India.,https://www.vr.se/english/swecris.html?searchText=2017-00023_Forte
swecris:2016-20109_Formas,swecris,2016,SE,Formas,4022000.0,SEK,357915.16,Is collaboration with local community a way for architects and construction clients to design sustainable housing for seniors?,ambiguous,care,0.85,design sustainable housing for seniors,https://www.vr.se/english/swecris.html?searchText=2016-20109_Formas
swecris:2016-07309_Forte,swecris,2016,SE,Forte,94500.0,SEK,8409.49,PopFest 2017 - The 25th Annual Population Postgraduate Conference,ambiguous,ambiguous,0.9,"Theoretical as well as empirical papers include - but are not limited to - the following topics: migration/mobility, childhood and youth, health and mortality, ethnicity and religion, data management and methodological a",https://www.vr.se/english/swecris.html?searchText=2016-07309_Forte
swecris:2016-07276_Forte,swecris,2016,SE,Forte,295000.0,SEK,26251.86,Effective use of today’s data to train tomorrow’s researchers on ageing and health,ambiguous,ambiguous,0.65,train tomorrow’s researchers on ageing and health,https://www.vr.se/english/swecris.html?searchText=2016-07276_Forte
swecris:2016-07207_Forte,swecris,2017,SE,Forte,18000000.0,SEK,1601808.26,"Life with dementia: communication, relations and cognition",age_related_disease,care,0.88,person-centered care; ... social and care encounters involving persons with dementia,https://www.vr.se/english/swecris.html?searchText=2016-07207_Forte
swecris:2016-07206_Forte,swecris,2017,SE,Forte,22700000.0,SEK,2020058.2,Inequality dynamics over the life course: family and policy influences,care,care,0.7,"The retrenchment of the welfare state in caring for older persons has created a void that must be filled by families or other agents, which might increase social inequalities.",https://www.vr.se/english/swecris.html?searchText=2016-07206_Forte
swecris:2016-07115_Forte,swecris,2017,SE,Forte,18000000.0,SEK,1601808.26,"Ageing well - individuals, families and households under changing demographic regimes in Sweden",care,care,0.85,the shifting “dependency threshold” and its implications for the burden of ageing and care in Sweden,https://www.vr.se/english/swecris.html?searchText=2016-07115_Forte
swecris:2016-07090_Forte,swecris,2017,SE,Forte,18000000.0,SEK,1601808.26,UserAge: Understanding User Participation in Research on Ageing and Health,ambiguous,ambiguous,0.82,User participation in research is being advocated for as a way to improve such services.,https://www.vr.se/english/swecris.html?searchText=2016-07090_Forte
swecris:2016-03713_VR,swecris,2017,SE,Swedish Research Council,2800000.0,SEK,249170.17,Time-dependent relaxation and ageing processes in nanostructured materials: Towards an understanding of power-law and stretched exponential kinetics,ambiguous,ambiguous,0.9,In this project we will study relaxation and ageing in functional thin films from a fundamental perspective,https://www.vr.se/english/swecris.html?searchText=2016-03713_VR
swecris:2016-02978_Vinnova,swecris,2016,SE,Vinnova,200000.0,SEK,17797.87,Nano technology to improving screw fixation in poor quality bone,ambiguous,ambiguous,0.7,Nano technology to improving screw fixation in poor quality bone,https://www.vr.se/english/swecris.html?searchText=2016-02978_Vinnova
swecris:2016-02851_VR,swecris,2017,SE,Swedish Research Council,5360000.0,SEK,476982.91,Statistical models and methods to study life trajectories in the labour market and health domains,ambiguous,ambiguous,0.86,Statistical models and methods to study life trajectories in the labour market and health domains,https://www.vr.se/english/swecris.html?searchText=2016-02851_VR
swecris:2016-02616_Vinnova,swecris,2016,SE,Vinnova,4288852.0,SEK,381662.14,Innovative quality assured fayalite slag products (IQSLAG),ambiguous,ambiguous,0.9,the constructed testbed for ageing studies,https://www.vr.se/english/swecris.html?searchText=2016-02616_Vinnova
swecris:2016-02496_Vinnova,swecris,2016,SE,Vinnova,2486500.0,SEK,221272.01,HiFi Visual Target,ambiguous,ambiguous,0.95,Accelerated ageing tests has then been performed on a soft 3D car target from DRi in order to investigate how the optical and geometrical characteristics changes over time.,https://www.vr.se/english/swecris.html?searchText=2016-02496_Vinnova
swecris:2016-02179_VR,swecris,2017,SE,Swedish Research Council,11100000.0,SEK,987781.76,Discovering and modelling inborn errors of metabolism,fundamental_aging,ambiguous,0.6,"Numerous inherited metabolic diseases, but also several common diseases, such as heart failure, neurodegeneration and the naturally occurring ageing process, show signs of a mitochondrial dysfunction.",https://www.vr.se/english/swecris.html?searchText=2016-02179_VR
swecris:2016-01526_VR,swecris,2017,SE,Swedish Research Council,6000000.0,SEK,533936.09,Midbrain dopaminergic neurons: From genes to development and Parkinson´s disease,age_related_disease,age_related_disease,0.96,What is the impact of PD mutations on human mDA neurons? Can we develop improved in vitro models of PD for drug discovery?,https://www.vr.se/english/swecris.html?searchText=2016-01526_VR
swecris:2016-01074_Forte,swecris,2017,SE,Forte,3530000.0,SEK,314132.4,Impact of living conditions and health in middle age on active and healthy aging: The Silver MONICA study,age_related_disease,ambiguous,0.55,long-term effect of socioeconomic and cardiovascular factors in middle-age for healthy aging,https://www.vr.se/english/swecris.html?searchText=2016-01074_Forte
swecris:2016-00884_Forte,swecris,2017,SE,Forte,1600000.0,SEK,142382.96,An ageing population with “new” drinking habits – Does this bring about increased risks for the individuals and new challenges for public health?,ambiguous,ambiguous,0.82,The project aims to examine drinking habits among older people and what negative consequences the drinkers get.,https://www.vr.se/english/swecris.html?searchText=2016-00884_Forte
swecris:2016-00685_Forte,swecris,2017,SE,Forte,3280000.0,SEK,291885.06,Preparing for the future old age population – can declining disease risks counterbalance the burden on the health care sector?,age_related_disease,ambiguous,0.75,can declining disease risks counterbalance the burden on the health care sector?,https://www.vr.se/english/swecris.html?searchText=2016-00685_Forte
swecris:2016-00218_Forte,swecris,2017,SE,Forte,3005000.0,SEK,267412.99,"Longer working lives and unpaid caregiving: costs, conflicts and tradeoffs in a comparative perspective",care,care,0.93,This project addresses questions concerning the future supply of unpaid care in the context of demographic ageing,https://www.vr.se/english/swecris.html?searchText=2016-00218_Forte
swecris:2016-00148_Forte,swecris,2017,SE,Forte,5030000.0,SEK,447616.42,Improving medication management among people with polypharmacy by enhanced pharmaceutical counselling and eHealth support. A cluster randomised controlled trial.,ambiguous,care,0.82,Improving medication management among people with polypharmacy by enhanced pharmaceutical counselling and eHealth support.,https://www.vr.se/english/swecris.html?searchText=2016-00148_Forte
swecris:2016-00025_Forte,swecris,2016,SE,Forte,60750.0,SEK,5406.1,Longer working lives and unpaid caregiving: gender and time allocation across Europe and North America,care,care,0.95,future supply of unpaid care in the context of demographic ageing and potential conflict between extended working lives and health care policy,https://www.vr.se/english/swecris.html?searchText=2016-00025_Forte
swecris:2015-06796_VR,swecris,2015,SE,Swedish Research Council,4265120.0,SEK,379550.25,Alzheimer´s Disease pathology within the ageing physiology,age_related_disease,age_related_disease,0.9,The main goal of ADAGE is to identify preclinical circulating biomarkers deviating from healthy ageing trajectories towards AD.,https://www.vr.se/english/swecris.html?searchText=2015-06796_VR
swecris:2015-06013_VR,swecris,2016,SE,Swedish Research Council,4000000.0,SEK,355957.39,SLOSH Wave VI: Continuation of the nationally representative cohort study on a sustainable working life,ambiguous,ambiguous,0.82,"taking social conditions, individual differences, health behaviours, coping strategies, work-private life interaction, sleep and ageing into account",https://www.vr.se/english/swecris.html?searchText=2015-06013_VR
swecris:2015-05223_VR,swecris,2016,SE,Swedish Research Council,3750000.0,SEK,333710.05,The Evolutionary Demography of Condition Dependent Mutation Rates in Diploid Organisms,age_related_disease,ambiguous,0.85,Understanding the evolutionary mechanisms that shape variation in mutation rate and how selection acts on new mutations are thus central concepts in evolutionary biology,https://www.vr.se/english/swecris.html?searchText=2015-05223_VR
swecris:2015-03453_Vinnova,swecris,2015,SE,Vinnova,3000000.0,SEK,266968.04,Control of low temperature embrittlement in duplex stainless steels,ambiguous,ambiguous,0.9,Control of low temperature embrittlement in duplex stainless steels,https://www.vr.se/english/swecris.html?searchText=2015-03453_Vinnova
swecris:2015-03234_Vinnova,swecris,2015,SE,Vinnova,1866977.0,SEK,166141.07,OLA,ambiguous,care,0.92,"OLA developed a virtual assistant that assists the elderly user in self managing their health care, well being as well as everyday challenges.",https://www.vr.se/english/swecris.html?searchText=2015-03234_Vinnova
swecris:2015-02830_VR,swecris,2016,SE,Swedish Research Council,7200000.0,SEK,640723.31,"Mental and cognitive health in relation to functional ability and somatic health in the elderly. The influence of age, sex, birth cohort, genetic, psychological, social and neurobiological factors.",age_related_disease,age_related_disease,0.86,"To examine mental and cognitive health, their determinants, prognosis and long-term course, and their impact on functional ability and well-being in older persons",https://www.vr.se/english/swecris.html?searchText=2015-02830_VR
swecris:2015-02829_VR,swecris,2016,SE,Swedish Research Council,6000000.0,SEK,533936.09,Targeting p53 pathway to combat cancer: from lab bench to patient,age_related_disease,age_related_disease,0.96,Targeting p53 pathway to combat cancer: from lab bench to patient,https://www.vr.se/english/swecris.html?searchText=2015-02829_VR
swecris:2015-02657_VR,swecris,2016,SE,Swedish Research Council,4000000.0,SEK,355957.39,"Nerve growth and plasticity. Formation of lasting memories, aging, disease, and treatment of spinal cord injury",fundamental_aging,fundamental_aging,0.78,"brain aging and its consequences for memory and disease vulnerability, using the prematurely aging mtDNA mutator mouse targeting mitochondria",https://www.vr.se/english/swecris.html?searchText=2015-02657_VR
swecris:2015-02616_VR,swecris,2016,SE,Swedish Research Council,3300000.0,SEK,293664.85,"Home, Health and Disability along the Process of Ageing: A Mixed Methods Project",age_related_disease,ambiguous,0.7,"the paucity of studies on home, health and disability along the process of ageing",https://www.vr.se/english/swecris.html?searchText=2015-02616_VR
swecris:2015-02338_VR,swecris,2016,SE,Swedish Research Council,4000000.0,SEK,355957.39,"Sarcopenia in old age and chronic disease - epidemiology, mechanisms and interventions",age_related_disease,age_related_disease,0.95,"the emerging concept of sarcopenia, i.e. the combined reduction of muscle mass and function",https://www.vr.se/english/swecris.html?searchText=2015-02338_VR
swecris:2015-02279_VR,swecris,2016,SE,Swedish Research Council,2100000.0,SEK,186877.63,"Pathways from job demands and control to depression, and musculoskeletal problems/pain",ambiguous,ambiguous,0.8,"Pathways from job demands and control to depression, and musculoskeletal problems/pain",https://www.vr.se/english/swecris.html?searchText=2015-02279_VR
swecris:2015-02169_Vinnova,swecris,2015,SE,Vinnova,500000.0,SEK,44494.67,Nano-optical battery sensor,ambiguous,ambiguous,0.95,more efficient measure the charge and ageing status of vehicle batteries,https://www.vr.se/english/swecris.html?searchText=2015-02169_Vinnova
swecris:2015-01888_Formas,swecris,2015,SE,Formas,189000.0,SEK,16818.99,"11th Nordic Nutrition Conference, Gothenburg 20-22 June, 2016",ambiguous,ambiguous,0.7,"Themes that will be covered and discussed from both public health and clinical perspective are ""Mother and child"", ""Adults"", ""Ageing"", ""Nutrition and society"" and ""Research frontiers"".",https://www.vr.se/english/swecris.html?searchText=2015-01888_Formas
swecris:2015-01499_Forte,swecris,2016,SE,Forte,600000.0,SEK,53393.61,Network for International Longitudinal Studies on Ageing (NILSA).,ambiguous,ambiguous,0.75,"co-operative international multidisciplinary network to support students, researchers and policy makers working with publicly available longitudinal health and demographic data on ageing populations",https://www.vr.se/english/swecris.html?searchText=2015-01499_Forte
swecris:2015-01487_Forte,swecris,2016,SE,Forte,600000.0,SEK,53393.61,ProWorkNet – An international network for research on work health and implementation of research results in practice,ambiguous,ambiguous,0.7,we are facing an ageing population,https://www.vr.se/english/swecris.html?searchText=2015-01487_Forte
swecris:2015-01481_Forte,swecris,2016,SE,Forte,570000.0,SEK,50723.93,The national network for social science research on ageing and eldercare,ambiguous,care,0.9,The national network for social science research on ageing and eldercare,https://www.vr.se/english/swecris.html?searchText=2015-01481_Forte
swecris:2015-01480_Forte,swecris,2016,SE,Forte,468600.0,SEK,41700.41,Nordic network for research on old people´s housing,care,care,0.92,researching housing for older people,https://www.vr.se/english/swecris.html?searchText=2015-01480_Forte
swecris:2015-01383_Forte,swecris,2015,SE,Forte,165000.0,SEK,14683.24,Extending working life - an international perspective,ambiguous,ambiguous,0.85,study ageing and work in Sweden and Australia,https://www.vr.se/english/swecris.html?searchText=2015-01383_Forte
swecris:2015-01361_Forte,swecris,2015,SE,Forte,450000.0,SEK,40045.21,Psychosocial determinants of health and end of life care use in ageing populations,care,care,0.8,Psychosocial determinants of health and end of life care use in ageing populations,https://www.vr.se/english/swecris.html?searchText=2015-01361_Forte
swecris:2015-01360_Forte,swecris,2015,SE,Forte,315000.0,SEK,28031.64,"Who lives alone during old age? Investigating the diverse conditions and prospects for healthy ageing of older adults in single-person households. Visiting researcher, Ass. Professor Benjamin Shaw",ambiguous,ambiguous,0.87,social and behavioral determinants of healthy aging,https://www.vr.se/english/swecris.html?searchText=2015-01360_Forte
swecris:2015-01172_Forte,swecris,2015,SE,Forte,150000.0,SEK,13348.4,"Planning grant for the planned EU project with working title ""Nomorefalls""",ambiguous,care,0.72,coordinate a project using ICT for fall prevention,https://www.vr.se/english/swecris.html?searchText=2015-01172_Forte
swecris:2015-01132_Forte,swecris,2016,SE,Forte,1930000.0,SEK,171749.44,"Substitute decision making for elderly people with dementia. Formal and informal representatives and the importance of surrogates for the elderly, relatives and the authorities concerned",age_related_disease,care,0.9,"Substitute decision making for elderly people with dementia. Formal and informal representatives and the importance of surrogates for the elderly, relatives and the authorities concerned",https://www.vr.se/english/swecris.html?searchText=2015-01132_Forte
swecris:2015-01006_Forte,swecris,2016,SE,Forte,3330000.0,SEK,296334.53,Organizational capability for delayed retirement – an intervention study,ambiguous,ambiguous,0.78,Organizational capability for delayed retirement – an intervention study,https://www.vr.se/english/swecris.html?searchText=2015-01006_Forte
swecris:2015-00994_Formas,swecris,2016,SE,Formas,3000000.0,SEK,266968.04,Initial stages of atmospheric ageing of traffic soot particles and implications for human health and climate,ambiguous,ambiguous,0.6,Initial stages of atmospheric ageing of traffic soot particles and implications for human health and climate,https://www.vr.se/english/swecris.html?searchText=2015-00994_Formas
swecris:2015-00942_Forte,swecris,2016,SE,Forte,2930000.0,SEK,260738.79,"Social exclusion or ""successful"" ageing? Living conditions and life strategies of elderly immigrants in Sweden",ambiguous,ambiguous,0.8,"examine the living conditions, life strategies and experiences of ageing among elderly immigrants in Sweden",https://www.vr.se/english/swecris.html?searchText=2015-00942_Forte
swecris:2015-00904_Forte,swecris,2016,SE,Forte,2580000.0,SEK,229592.52,Exposure to welding particles and effects on the cardiovascular system - a follow-up study,fundamental_aging,age_related_disease,0.88,Exposure to welding fumes increases the risk of cardiovascular disease (CVD),https://www.vr.se/english/swecris.html?searchText=2015-00904_Forte
swecris:2015-00758_Formas,swecris,2016,SE,Formas,3000000.0,SEK,266968.04,"Small, flexible sanitation solutions: adapting to a changing world",ambiguous,ambiguous,0.9,ageing infrastructure,https://www.vr.se/english/swecris.html?searchText=2015-00758_Formas
swecris:2015-00708_Forte,swecris,2016,SE,Forte,2530000.0,SEK,225143.05,"Organization identification, commitment, and over-commitment among leaders and employees in elder care organizations in turbulent times",ambiguous,care,0.96,"The aim is to study how identification, commitment, and over-commitment develop over time and is maintained among leaders and employees in elder care.",https://www.vr.se/english/swecris.html?searchText=2015-00708_Forte
swecris:2015-00440_Forte,swecris,2016,SE,Forte,3610000.0,SEK,321251.55,"Why do older people seek emergency care? Causes, circumstances and explanations",ambiguous,care,0.92,The overall aim of this project is to study older people’s (80+) pathways to ED care.,https://www.vr.se/english/swecris.html?searchText=2015-00440_Forte
swecris:2015-00418_VR,swecris,2016,SE,Swedish Research Council,48700000.0,SEK,4333781.25,Regulation of mitochondrial function in health and disease,fundamental_aging,fundamental_aging,0.75,mitochondrial dysfunction is a very important contributor to human disease and ageing,https://www.vr.se/english/swecris.html?searchText=2015-00418_VR
swecris:2015-00330_VR,swecris,2015,SE,Swedish Research Council,84000.0,SEK,7475.11,"Conference ""Lifelong Learning for older adults: Hopes, fears and expectations""",ambiguous,ambiguous,0.75,Lifelong learning and learning of older people are important issues for individuals as well as for society.,https://www.vr.se/english/swecris.html?searchText=2015-00330_VR
swecris:2015-00162_VR,swecris,2016,SE,Swedish Research Council,44210000.0,SEK,3934219.07,Targeting repair of oxidative damage to battle disease,age_related_disease,age_related_disease,0.78,Establish and explore the MTH1 protein as a target for treatment of cancer and inflammation,https://www.vr.se/english/swecris.html?searchText=2015-00162_VR
swecris:2015-00158_Formas,swecris,2015,SE,Formas,12464000.0,SEK,1109163.23,"Inquiries, Innovation and Implementation Strategies  for Resilient Residential Qualities. Situations of Dwelling, Ageing and Healthcaring in Transdisciplinary Collaboration. AIDAH Projects 2015-2017",ambiguous,care,0.95,residential situations ranging from dwelling and ageing to care and healthcaring,https://www.vr.se/english/swecris.html?searchText=2015-00158_Formas
swecris:2014-08008_Forte,swecris,2015,SE,Forte,150000.0,SEK,13348.4,Healthy Ageing: Tackling malnutrition among the elderly in Europe (TIMBALE),care,care,0.8,implementation of this knowledge in elderly care situations is inadequate,https://www.vr.se/english/swecris.html?searchText=2014-08008_Forte
swecris:2014-06856_VR,swecris,2015,SE,Swedish Research Council,3150000.0,SEK,280316.45,Dissecting the mitochondrial retrograde signaling pathways in mitochondrial diseases and ageing to illuminate potential new therapeutic strategies,fundamental_aging,fundamental_aging,0.86,Impaired mitochondria have also been implicated in ageing and age-related disorders... The effect that different levels of mitochondrial dysfunction have on ageing will also be studied.,https://www.vr.se/english/swecris.html?searchText=2014-06856_VR
swecris:2014-06367_VR,swecris,2015,SE,Swedish Research Council,800000.0,SEK,71191.48,The Malmö Population Cohorts Joint Database: An open research tool for evaluation of prospective risk and clinical course of common chronic diseases - Part III,age_related_disease,ambiguous,0.7,An open research tool for evaluation of prospective risk and clinical course of common chronic diseases,https://www.vr.se/english/swecris.html?searchText=2014-06367_VR
swecris:2014-05428_Vinnova,swecris,2015,SE,Vinnova,327000.0,SEK,29099.52,Fit to drive following trauma/desease - is a short screening tool of value?,ambiguous,ambiguous,0.72,Fit to drive following trauma/desease - is a short screening tool of value?,https://www.vr.se/english/swecris.html?searchText=2014-05428_Vinnova
swecris:2014-03369_VR,swecris,2015,SE,Swedish Research Council,6000000.0,SEK,533936.09,Caring for caregivers; support through information and communication technology to families of patients with Heart failure - A randomised controlled multicenter trial evaluating an interactive website,care,care,0.95,Caring for caregivers; support through information and communication technology to families of patients with Heart failure,https://www.vr.se/english/swecris.html?searchText=2014-03369_VR
swecris:2014-03285_VR,swecris,2015,SE,Swedish Research Council,4000000.0,SEK,355957.39,"Knee injury as a model of osteoarthritis - combining novel imaging techniques, molecular analysis and the patient perspective investigate disease mechanisms",age_related_disease,age_related_disease,0.95,This proposal uses knee trauma as a model of knee OA development to identify early biomarkers and risk factors for symptomatic and radiographic osteoarthritis onset and progression.,https://www.vr.se/english/swecris.html?searchText=2014-03285_VR
swecris:2014-02715_VR,swecris,2015,SE,Swedish Research Council,2100000.0,SEK,186877.63,Health-Promoting Living Conditions and Person-centred Care for an Ageing Population: Exploring effects of Innovative Interventions,care,care,0.96,person-centred interventions in home care and residential aged care,https://www.vr.se/english/swecris.html?searchText=2014-02715_VR
swecris:2014-01662_Forte,swecris,2015,SE,Forte,5030000.0,SEK,447616.42,Extending working lives: Factors involved in older workers’ willingness and possibility to stay in the workforce and employers’ attitudes towards older people’s labor market participation,ambiguous,ambiguous,0.85,Extending working lives: Factors involved in older workers’ willingness and possibility to stay in the workforce,https://www.vr.se/english/swecris.html?searchText=2014-01662_Forte
swecris:2011-06143_VR,swecris,2015,SE,Swedish Research Council,1962500.0,SEK,174641.6,Swedish participation in BBMRI-ERIC,ambiguous,ambiguous,0.95,a fundamental infrastructure for medical research,https://www.vr.se/english/swecris.html?searchText=2011-06143_VR
swecris:P50400-2_Energi,swecris,2021,SE,Swedish Energy Agency ,405000.0,SEK,36040.69,Optimization of the service life of a self-sufficient energy hub,ambiguous,ambiguous,0.9,how the control strategies affect the aging of the systems for various demands and goals,https://www.vr.se/english/swecris.html?searchText=P50400-2_Energi
swecris:P50100-1_Energi,swecris,2020,SE,Swedish Energy Agency ,2901851.0,SEK,258233.83,Machine Learning assisted models for battery aging prediction,ambiguous,ambiguous,0.95,Machine Learning assisted models for battery aging prediction,https://www.vr.se/english/swecris.html?searchText=P50100-1_Energi
swecris:P49903-1_Energi,swecris,2019,SE,Swedish Energy Agency ,2559000.0,SEK,227723.74,Optimal energy management of construction equipment including battery wear,ambiguous,ambiguous,0.85,reduce the aging of the battery by controlling the energy flows in the vehicle,https://www.vr.se/english/swecris.html?searchText=P49903-1_Energi
swecris:P30770-3_Energi,swecris,2016,SE,Swedish Energy Agency ,2311000.0,SEK,205654.38,Electrochemical study of durability aspects in large vehicle batteries,ambiguous,ambiguous,0.95,The goal is not only to observe the aging mechanisms but also to develop methodologies to be able to electrochemically quantify performance losses,https://www.vr.se/english/swecris.html?searchText=P30770-3_Energi
swecris:P24-0820_RJ,swecris,2025,SE,Riksbankens Jubileumsfond,3464556.0,SEK,308308.58,"Health inequalities in cognitive aging: Studies of education, socioeconomic childhood circumstances, and genetic predispositions",ambiguous,age_related_disease,0.72,The aim of the project is to increase the understanding of the role of education for cognitive ability and cognitive disease in later life,https://www.vr.se/english/swecris.html?searchText=P24-0820_RJ
swecris:P24-0009_RJ,swecris,2025,SE,Riksbankens Jubileumsfond,3749661.0,SEK,333679.89,Sign language abilities of older deaf and hard of hearing individuals in Sweden.,ambiguous,ambiguous,0.8,Are STS and spatial skills in older signers significantly affected by aging?,https://www.vr.se/english/swecris.html?searchText=P24-0009_RJ
swecris:P21-0173_RJ,swecris,2022,SE,Riksbankens Jubileumsfond,5084001.0,SEK,452421.93,Stress across the life course and late-life cognitive and physical function: Which modifiable social and lifestyle factors affects the association?,age_related_disease,age_related_disease,0.65,"Outcomes: Physical function (tests of strength, motion, grip strength, lung function, and self-reported mobility) and cognitive function measured through dementia diagnosis",https://www.vr.se/english/swecris.html?searchText=P21-0173_RJ
swecris:P21-0139_RJ,swecris,2022,SE,Riksbankens Jubileumsfond,4005000.0,SEK,356402.34,An age-old advantage? Healthy aging in two centuries of Swedish and Dutch long-lived families (1813-2021),ambiguous,fundamental_aging,0.88,it is of crucial importance to study the mechanisms of healthy aging,https://www.vr.se/english/swecris.html?searchText=P21-0139_RJ
swecris:P21-0112_RJ,swecris,2022,SE,Riksbankens Jubileumsfond,4371000.0,SEK,388972.44,Generation differences in determinants of cognitive aging: Comparisons of five population-based representative Swedish cohorts born 44-years apart and followed from age 70 on multiple occasions,age_related_disease,fundamental_aging,0.7,determinants of cognitive aging,https://www.vr.se/english/swecris.html?searchText=P21-0112_RJ
swecris:P2025-03108_Energi,swecris,2025,SE,Swedish Energy Agency ,9824100.0,SEK,874240.25,Thin films for tomorrow’s Ca- and Mg-based batteries,ambiguous,ambiguous,0.95,to establish in-depth understanding of functionality and aging,https://www.vr.se/english/swecris.html?searchText=P2025-03108_Energi
swecris:P2023-00990_Energi,swecris,2023,SE,Swedish Energy Agency ,3270000.0,SEK,290995.17,Online diagnosis and prognosis of electric vehicle battery health by acoustic emission,ambiguous,ambiguous,0.9,"we propose to use acoustic emission (AE) sensing to monitor battery health online, identify battery failure modes, and predict remaining life",https://www.vr.se/english/swecris.html?searchText=P2023-00990_Energi
swecris:P2023-00611_Energi,swecris,2023,SE,Swedish Energy Agency ,2488270.0,SEK,221429.52,Data-driven lifetime extension and performance optimization for vehicle battery systems,ambiguous,ambiguous,0.95,pack-level battery aging estimation and prediction,https://www.vr.se/english/swecris.html?searchText=P2023-00611_Energi
swecris:P2023-00097_Energi,swecris,2023,SE,Swedish Energy Agency ,4718000.0,SEK,419851.74,"Aging in lithium-ion batteries for automotive and energy applications. Methods, structural changes and mechanisms",ambiguous,ambiguous,0.98,"Aging in lithium-ion batteries for automotive and energy applications. Methods, structural changes and mechanisms",https://www.vr.se/english/swecris.html?searchText=P2023-00097_Energi
swecris:P2022-00771_Energi,swecris,2022,SE,Swedish Energy Agency ,1123600.0,SEK,99988.43,Sinom: A climate-smart web-based tool for datadriven maintenance and renovation planning,ambiguous,ambiguous,0.95,Reducing the energy demand of the aging building stock in Sweden,https://www.vr.se/english/swecris.html?searchText=P2022-00771_Energi
swecris:P2022-00412_Energi,swecris,2022,SE,Swedish Energy Agency ,2997579.0,SEK,266752.6,Range Estimation and Charging Planning of Autonomous shuttles,ambiguous,ambiguous,0.95,"models for the battery aging, vehicle availability, and impact on the electric grid during charging",https://www.vr.se/english/swecris.html?searchText=P2022-00412_Energi
swecris:P2019-90006_Energi,swecris,2019,SE,Swedish Energy Agency ,4934000.0,SEK,439073.44,Gas Build-up Detection in LiBs for 2nd use in electric grid applications,ambiguous,ambiguous,0.98,investigate aging during the cell's 2nd use by detecting and quantifying gas evolution,https://www.vr.se/english/swecris.html?searchText=P2019-90006_Energi
swecris:P2018-90016_Energi,swecris,2018,SE,Swedish Energy Agency ,6110563.0,SEK,543775.02,Potential for energy efficient travel in an aging population,ambiguous,ambiguous,0.9,The project aims at developing new and unique knowledge about the travel habits among elderly.,https://www.vr.se/english/swecris.html?searchText=P2018-90016_Energi
swecris:P20-0779_RJ,swecris,2021,SE,Riksbankens Jubileumsfond,3518001.0,SEK,313064.62,The Role of DNA Methylation in Dopaminergic Neuromodulation of Cognitive Aging,age_related_disease,fundamental_aging,0.93,determine the role of DA DNA methylation as a mechanism of change underlying aging-related decline in DA and cognitive functioning,https://www.vr.se/english/swecris.html?searchText=P20-0779_RJ
swecris:P20-0515_RJ,swecris,2021,SE,Riksbankens Jubileumsfond,5913000.0,SEK,526194.01,Can reduced dopamine availability and disrupted functional brain connectome serve as biomarkers for cognitive decline in aging?,ambiguous,fundamental_aging,0.78,brain mechanisms that underlie cognitive decline,https://www.vr.se/english/swecris.html?searchText=P20-0515_RJ
swecris:P18-0142:1_RJ,swecris,2019,SE,Riksbankens Jubileumsfond,3293001.0,SEK,293042.01,Changes in memory processing across adulthood – Development rather than decline?,ambiguous,ambiguous,0.65,"Our long-term memory abilities decline with age, but different memory processes are differentially affected.",https://www.vr.se/english/swecris.html?searchText=P18-0142%3A1_RJ
swecris:P17-0196:1_RJ,swecris,2018,SE,Riksbankens Jubileumsfond,2117001.0,SEK,188390.54,Attrition and Generalizability of Cognitive Aging Studies - A Population-Based Perspective,ambiguous,ambiguous,0.7,study how estimates of cognitive performance are influenced by attrition prior to assessment,https://www.vr.se/english/swecris.html?searchText=P17-0196%3A1_RJ
swecris:P16-0628:1_RJ,swecris,2017,SE,Riksbankens Jubileumsfond,2550000.0,SEK,226922.84,Methods for non-ignorable missingness in longitudinal brain imaging studies.,ambiguous,ambiguous,0.65,Methods for non-ignorable missingness in longitudinal brain imaging studies.,https://www.vr.se/english/swecris.html?searchText=P16-0628%3A1_RJ
swecris:P14-0824:1_RJ,swecris,2015,SE,Riksbankens Jubileumsfond,1902000.0,SEK,169257.74,Evaluation of vascular determinant for cognitive decline in old age: Coordinated analysis of within-person associations using data from four longitudinal aging studies,age_related_disease,age_related_disease,0.92,evaluate hypotheses of vascular origin for cognitive decline and impairment in old age,https://www.vr.se/english/swecris.html?searchText=P14-0824%3A1_RJ
swecris:P14-0477:1_RJ,swecris,2015,SE,Riksbankens Jubileumsfond,3948000.0,SEK,351329.95,"Government Programs and Life Cycle Labor Supply: A Macroeconomic Analysis of Education Finance, Family Policies and Social Security",ambiguous,ambiguous,0.85,"Faced with aging populations, governments around the world are wondering how to boost employment.",https://www.vr.se/english/swecris.html?searchText=P14-0477%3A1_RJ
swecris:NHS14-1761:1_RJ,swecris,2016,SE,Riksbankens Jubileumsfond,10460000.0,SEK,930828.58,Linguistic and extra-linguistic parameters for early detection of cognitive impairment,age_related_disease,age_related_disease,0.92,"A correct and timely diagnosis of neurodegenerative brain disorders, such as Alzheimer’s disease, and differentiation of various types of dementia is of great importance to clinicians.",https://www.vr.se/english/swecris.html?searchText=NHS14-1761%3A1_RJ
swecris:2025-07785_VR,swecris,2025,SE,Swedish Research Council,10000000.0,SEK,889893.48,Clinical perspectives on early diagnosis of Alzheimer’s disease in primary care,age_related_disease,age_related_disease,0.96,Clinical perspectives on early diagnosis of Alzheimer’s disease in primary care,https://www.vr.se/english/swecris.html?searchText=2025-07785_VR
swecris:2025-06871_VR,swecris,2025,SE,Swedish Research Council,5400000.0,SEK,480542.48,"GARDEN: Genetic Autism Risk, Dementia, and Evidence of Neurodegeneration",age_related_disease,age_related_disease,0.88,Emerging evidence suggests an increased risk of early-onset dementia among individuals with autism,https://www.vr.se/english/swecris.html?searchText=2025-06871_VR
swecris:2025-06686_VR,swecris,2025,SE,Swedish Research Council,4050000.0,SEK,360406.86,Modulation of polyclonal antibody responses and Its Long-Term Role in Protection Against Viral Diseases in the old and frail,care,fundamental_aging,0.88,"This project explores how aging affects antibody structure and function, focusing on their role in protecting—or failing to protect—against respiratory viruses",https://www.vr.se/english/swecris.html?searchText=2025-06686_VR
swecris:2025-06596_VR,swecris,2025,SE,Swedish Research Council,5100000.0,SEK,453845.67,Defining conserved and compartmentalized influenza-specific CD8+ T cell immunity across age,ambiguous,fundamental_aging,0.72,"We hypothesize that aging profoundly alters the maintenance, tissue distribution, and recall capacity of conserved influenza-specific CD8+ T cell immunity",https://www.vr.se/english/swecris.html?searchText=2025-06596_VR
swecris:2025-02364_VR,swecris,2025,SE,Swedish Research Council,3000000.0,SEK,266968.04,Unlocking Cognitive Health: How Metformin Slows Brain Aging Through Precision Medicine,age_related_disease,intervention,0.87,"Metformin’s role in cognitive aging—spanning cognitive decline, cognitive impairment and dementia—while exploring its mechanisms in brain aging",https://www.vr.se/english/swecris.html?searchText=2025-02364_VR
swecris:2025-02171_KI,swecris,2025,SE,Karolinska Institutet,150000.0,SEK,13348.4,[Loo och Hans Ostermans stiftelse 2025] Targeted uremic toxins as drivers of somatic mutations and early vascular aging in chronic kidney disease,age_related_disease,fundamental_aging,0.82,"early vascular aging in CKD, the accumulation of somatic mutations in vascular smooth muscle cells (VSMCs) caused by exposure to specific uremic toxins",https://www.vr.se/english/swecris.html?searchText=2025-02171_KI
swecris:2025-02169_KI,swecris,2025,SE,Karolinska Institutet,100000.0,SEK,8898.93,[Loo och Hans Ostermans stiftelse 2025] Modulating Aging and Mitochondrial Dysfunction with Bioactive Nitrogen Oxide Species: Impact on Redox Balance and Hypoxia-like Stress in Accelerated Aging Models,fundamental_aging,intervention,0.88,This project investigates the therapeutic potential of bioactive nitrogen oxide species—derived from dietary nitrate and NO-donors—on physiological systems under oxidative and hypoxia-like stress,https://www.vr.se/english/swecris.html?searchText=2025-02169_KI
swecris:2025-02112_KI,swecris,2025,SE,Karolinska Institutet,200000.0,SEK,17797.87,[Loo och Hans Ostermans stiftelse 2025] Development and Validation of Brain-Age Biomarkers for Clinical Trials of Neuroprotective Interventions,age_related_disease,fundamental_aging,0.86,"Brain-age estimation models, which predict the biological age of an individual from neuroimaging data, represent a promising biomarker approach",https://www.vr.se/english/swecris.html?searchText=2025-02112_KI
swecris:2025-02053_Forte,swecris,2025,SE,Forte,72088000.0,SEK,6415064.12,"WHOLE - Interdisciplinary Centre for Women’s Health Over the LifecoursE-  at the intersection of reproductive transitions, mental health and pain",ambiguous,ambiguous,0.82,"advances women’s health—focusing on conditions at the intersection of reproductive transitions, mental health, and pain",https://www.vr.se/english/swecris.html?searchText=2025-02053_Forte
swecris:2025-01999_KI,swecris,2025,SE,Karolinska Institutet,200000.0,SEK,17797.87,[Loo och Hans Ostermans stiftelse 2025] Decoding wound healing across aging and disease through a systems approach,age_related_disease,fundamental_aging,0.78,This project addresses a critical gap in understanding how aging impairs wound healing by generating a high-resolution single-cell multi-omics atlas of human skin repair.,https://www.vr.se/english/swecris.html?searchText=2025-01999_KI
swecris:2025-01848_Forte,swecris,2025,SE,Forte,2990000.0,SEK,266078.15,European Co-care Learning Ecosystems,care,care,0.96,The CoCare project provides evidence-based pathways for a paradigm shift in primary and community care practices and policies,https://www.vr.se/english/swecris.html?searchText=2025-01848_Forte
swecris:2025-01839_Forte,swecris,2025,SE,Forte,3000000.0,SEK,266968.04,Scaling Health Innovations for Future Transformative Digital Self-Management in European Primary Care,ambiguous,care,0.78,innovative health and care models are urgently needed. Digital self-management tools can alleviate these pressures,https://www.vr.se/english/swecris.html?searchText=2025-01839_Forte
swecris:2025-01792_Forte,swecris,2025,SE,Forte,293800.0,SEK,26145.07,Forum for Aging Research,fundamental_aging,ambiguous,0.85,Forum for Aging Research,https://www.vr.se/english/swecris.html?searchText=2025-01792_Forte
swecris:2025-01711_Formas,swecris,2025,SE,Formas,1000000.0,SEK,88989.35,"Space for People, Space for Water – From Resistance to Engagement and Dialogue for Multifunctional Blue-Green Infrastructure in Urban Environments",ambiguous,ambiguous,0.93,"faces multifaceted challenges: aging sewer networks, increased flood risks due to climate change",https://www.vr.se/english/swecris.html?searchText=2025-01711_Formas
swecris:2025-00352_VR,swecris,2025,SE,Swedish Research Council,3900000.0,SEK,347058.46,Towards a quantitative single-cell view of aging in human hematopoiesis,age_related_disease,fundamental_aging,0.91,Uncovering the underlying mechanisms of how aging affects HSPCs,https://www.vr.se/english/swecris.html?searchText=2025-00352_VR
swecris:2025-00284_Formas,swecris,2025,SE,Formas,2700955.0,SEK,240356.22,DT-N2O – Quantifying and minimizing N2O emissions from wastewater treatment plants with digital twins,ambiguous,ambiguous,0.9,"They must handle stricter emission requirements, aging infrastructure, and increasing complexity",https://www.vr.se/english/swecris.html?searchText=2025-00284_Formas
swecris:2025-00280_Formas,swecris,2025,SE,Formas,1933612.0,SEK,172070.87,"Redefining Asset Inspections: A Smarter, More Consistent Digital Approach",ambiguous,ambiguous,0.85,"Sweden’s building and infrastructure stock is aging, increasing the need for efficient inspection and assessment methods.",https://www.vr.se/english/swecris.html?searchText=2025-00280_Formas
swecris:2025-00059_Forte,swecris,2025,SE,Forte,4935000.0,SEK,439162.43,"Mild cognitive impairment and dementia diagnosis in the workplace: demographics, risk factors and strategies to withstand the early workforce exit",age_related_disease,age_related_disease,0.95,"Mild cognitive impairment and dementia diagnosis in the workplace: demographics, risk factors and strategies to withstand the early workforce exit",https://www.vr.se/english/swecris.html?searchText=2025-00059_Forte
swecris:2025-00030_Forte,swecris,2025,SE,Forte,4564000.0,SEK,406147.38,Participative intervention for a sustainable working life for nursing assistants - the largest occupational group in Sweden,ambiguous,care,0.7,Nursing assistants in care homes will wear measurement equipment to monitor ergonomic strain and chemical exposure during their work shifts.,https://www.vr.se/english/swecris.html?searchText=2025-00030_Forte
swecris:2024-06463_VR,swecris,2025,SE,Swedish Research Council,3900000.0,SEK,347058.46,Elucidating the role of gut microbially produced hydrogen sulfide in metabolic flexibility and aging,fundamental_aging,fundamental_aging,0.9,A hallmark of aging is the decline in the ability to adapt to nutrient availability (metabolic flexibility).,https://www.vr.se/english/swecris.html?searchText=2024-06463_VR
swecris:2024-03574_Vinnova,swecris,2024,SE,Vinnova,138000.0,SEK,12280.53,Staff exchange with Japan for AI-assisted detection of incipient dysphagia,age_related_disease,age_related_disease,0.85,"develop an AI-based methods for the early detection of dysphagia, particularly among seniors",https://www.vr.se/english/swecris.html?searchText=2024-03574_Vinnova
swecris:2024-03314_VR,swecris,2025,SE,Swedish Research Council,8808333.0,SEK,783847.81,Understanding and preventing aging of the human heart,fundamental_aging,fundamental_aging,0.87,identify molecular determinants and mechanisms for cardiac aging and aging-related heart disease,https://www.vr.se/english/swecris.html?searchText=2024-03314_VR
swecris:2024-03210_VR,swecris,2025,SE,Swedish Research Council,5600000.0,SEK,498340.35,"Molecular dissection of nutrition-induced ribosome frameshifts, from cancer to  aging.",fundamental_aging,fundamental_aging,0.85,"Preliminary evidence suggest that older cells are more prone to experience nutrition-induced frameshift. Thus, we will study this using aging models for yeast and humans.",https://www.vr.se/english/swecris.html?searchText=2024-03210_VR
swecris:2024-03032_VR,swecris,2025,SE,Swedish Research Council,6000000.0,SEK,533936.09,Stress-induced chromatin remodelling in health and disease,ambiguous,ambiguous,0.7,its dysfunction is linked to aging and neurological diseases,https://www.vr.se/english/swecris.html?searchText=2024-03032_VR
swecris:2024-02941_VR,swecris,2025,SE,Swedish Research Council,4090000.0,SEK,363966.43,Longitudinal profiling of the aging plasma proteome to identify risk and resilience profiles in neurocognitive aging,age_related_disease,fundamental_aging,0.78,identify and validate new sensitive proteomic markers for within-individual biological aging,https://www.vr.se/english/swecris.html?searchText=2024-02941_VR
swecris:2024-02632_VR,swecris,2024,SE,Swedish Research Council,3500000.0,SEK,311462.72,Age-associated B cells (ABCs) in atherosclerosis and cardiovascular disease,age_related_disease,age_related_disease,0.78,Age-associated B cells (ABCs) in atherosclerosis and cardiovascular disease,https://www.vr.se/english/swecris.html?searchText=2024-02632_VR
swecris:2024-02557_Formas,swecris,2025,SE,Formas,1996068.0,SEK,177628.79,Data-driven asset management through gamification and learning in Swedish water utilities (VA-SPEL),ambiguous,ambiguous,0.95,"simulating real-world challenges like aging infrastructure, maintenance deficits, and climate change",https://www.vr.se/english/swecris.html?searchText=2024-02557_Formas
swecris:2024-02528_Vinnova,swecris,2024,SE,Vinnova,25000.0,SEK,2224.73,Travel grant for Nordic Delegation Singapore 2024 11 18-22,age_related_disease,ambiguous,0.72,hydrolyzed cricket powder shows potential to mitigate Alzheimer,https://www.vr.se/english/swecris.html?searchText=2024-02528_Vinnova
swecris:2024-02412_Formas,swecris,2025,SE,Formas,5835000.0,SEK,519252.85,Fire safety and design guidelines for combustible facades,ambiguous,ambiguous,0.95,"durability of sustainable, fire-treated materials exposed to natural aging",https://www.vr.se/english/swecris.html?searchText=2024-02412_Formas
swecris:2024-02402_Forte,swecris,2025,SE,Forte,991000.0,SEK,88188.44,Achieving data-driven quality improvement of eldercare services – a scoping review,ambiguous,care,0.98,Achieving data-driven quality improvement of eldercare services – a scoping review,https://www.vr.se/english/swecris.html?searchText=2024-02402_Forte
swecris:2024-02262_VR,swecris,2024,SE,Swedish Research Council,2500000.0,SEK,222473.37,Targeting C9ORF72 function in ALS/FTD,age_related_disease,age_related_disease,0.95,Amyotrophic lateral sclerosis (ALS) and frontotemporal dementia (FTD) are fatal neurodegenerative diseases,https://www.vr.se/english/swecris.html?searchText=2024-02262_VR
swecris:2024-02144_Forte,swecris,2025,SE,Forte,1200000.0,SEK,106787.22,Äldre i Centrum – journal and website on current aging research,ambiguous,ambiguous,0.7,Äldre i Centrum presents aging research and and how its results can be used in practice.,https://www.vr.se/english/swecris.html?searchText=2024-02144_Forte
swecris:2024-01993_Forte,swecris,2024,SE,Forte,1299000.0,SEK,115597.16,Bottom up - documentary film about co-creation and co-research to forward change in homecare,care,care,0.97,how homecare services can be developed in partnership with older people,https://www.vr.se/english/swecris.html?searchText=2024-01993_Forte
swecris:2024-01839_Formas,swecris,2025,SE,Formas,6000000.0,SEK,533936.09,How is the climate change impacting the network of bridges?,ambiguous,ambiguous,0.95,Many of these bridges are aging and approaching or have overpassed their design life necessitating smarter management solutions,https://www.vr.se/english/swecris.html?searchText=2024-01839_Formas
swecris:2024-01830_Forte,swecris,2025,SE,Forte,4977000.0,SEK,442899.98,Identifying new strategies for integrated person-centered care of older adults with dementia: from early signs to severe stages,age_related_disease,care,0.92,Identifying new strategies for integrated person-centered care of older adults with dementia: from early signs to severe stages,https://www.vr.se/english/swecris.html?searchText=2024-01830_Forte
swecris:2024-01812_Forte,swecris,2025,SE,Forte,4980000.0,SEK,443166.95,Integration of health and social care for older people - developing and evaluating a model for seamless care transitions,care,care,0.98,Integration of health and social care for older people - developing and evaluating a model for seamless care transitions,https://www.vr.se/english/swecris.html?searchText=2024-01812_Forte
swecris:2024-01806_Formas,swecris,2025,SE,Formas,5996000.0,SEK,533580.13,Understanding DNA Damage Repair to Enhance Seed vigor and Germination,ambiguous,ambiguous,0.65,Understanding DNA Damage Repair to Enhance Seed vigor and Germination,https://www.vr.se/english/swecris.html?searchText=2024-01806_Formas
swecris:2024-01741_Forte,swecris,2024,SE,Forte,2000000.0,SEK,177978.7,CRITICAL MICROBES - Comprehensive Research on InfecTions Across The human Lifespan; Microbiology Epidemiology in Sweden,ambiguous,ambiguous,0.87,"Infectious diseases threaten the health, working ability, and welfare of the Swedish population, with an aging demographic exacerbating these issues",https://www.vr.se/english/swecris.html?searchText=2024-01741_Forte
swecris:2024-01607_Vinnova,swecris,2024,SE,Vinnova,150000.0,SEK,13348.4,Women and longevity,ambiguous,ambiguous,0.7,"The project ""Longevity Among Women"" aims to promote longevity with a female perspective in Sweden.",https://www.vr.se/english/swecris.html?searchText=2024-01607_Vinnova
swecris:2024-01391_VR,swecris,2025,SE,Swedish Research Council,6332000.0,SEK,563480.55,Unlocking the Dynamics of Dopamine in Aging: Balancing Pre- and Post-Synaptic Mechanisms for Optimal Brain Function across the Adult Lifespan,intervention,fundamental_aging,0.9,"how the dynamic interplay between pre- and post-synaptic markers of the DA, along with its interaction with NA, evolves as individuals age",https://www.vr.se/english/swecris.html?searchText=2024-01391_VR
swecris:2024-00925_Forte,swecris,2025,SE,Forte,4836000.0,SEK,430352.49,SWECARE - a study of the work situation in eldercare in the light of structural and organizational changes,ambiguous,care,0.97,Eldercare services are facing significant structural and organizational challenges due to an aging population and increasing care needs.,https://www.vr.se/english/swecris.html?searchText=2024-00925_Forte
swecris:2024-00835_Forte,swecris,2025,SE,Forte,4304000.0,SEK,383010.15,Digital welfare technology and the transformation of care work. New ways of working and leading in elderly care,care,care,0.97,Digital welfare technology and the transformation of care work. New ways of working and leading in elderly care,https://www.vr.se/english/swecris.html?searchText=2024-00835_Forte
swecris:2024-00804_VR,swecris,2025,SE,Swedish Research Council,6315000.0,SEK,561967.73,Less oxygen for better cognition - EPO for cognitive aging,ambiguous,intervention,0.88,"investigate if repeated mild hypoxia, so-called hypoxia conditioning, can rejuvenate the old brain and thereby promote cognitive function in aging",https://www.vr.se/english/swecris.html?searchText=2024-00804_VR
swecris:2024-00780_VR,swecris,2025,SE,Swedish Research Council,5610000.0,SEK,499230.24,GABAergic orchestration of brain network states and cognitive ability in the young and old,age_related_disease,ambiguous,0.65,"altered in aging, and in neuropsychiatric and neurodegenerative diseases",https://www.vr.se/english/swecris.html?searchText=2024-00780_VR
swecris:2024-00765_Formas,swecris,2025,SE,Formas,4617007.0,SEK,410864.44,Aging Atoms: Nuclear Maintenance Techniques in Sweden and the UK (1980-2026),ambiguous,ambiguous,0.9,Aging Atoms: Nuclear Maintenance Techniques in Sweden and the UK (1980-2026),https://www.vr.se/english/swecris.html?searchText=2024-00765_Formas
swecris:2024-00721_VR,swecris,2025,SE,Swedish Research Council,4431000.0,SEK,394311.8,Biological correlates of cognitive and olfactory trajectories in aging and dementia,age_related_disease,age_related_disease,0.93,Biological correlates of cognitive and olfactory trajectories in aging and dementia,https://www.vr.se/english/swecris.html?searchText=2024-00721_VR
swecris:2024-00708_Vinnova,swecris,2024,SE,Vinnova,700000.0,SEK,62292.54,Future mobility for increased freedom in an aging population,ambiguous,care,0.85,Future mobility for increased freedom in an aging population,https://www.vr.se/english/swecris.html?searchText=2024-00708_Vinnova
swecris:2024-00677_Forte,swecris,2025,SE,Forte,4957000.0,SEK,441120.2,SPARK: Studies of occupational exposure to particles and cognitive health,age_related_disease,age_related_disease,0.91,association between occupational particle exposure and risk of mild cognitive impairment and dementia,https://www.vr.se/english/swecris.html?searchText=2024-00677_Forte
swecris:2024-00477_Forte,swecris,2025,SE,Forte,2999000.0,SEK,266879.05,Secure And Focused primary care for older pEople (SAFE)  - A prospective matched-controlled trial,ambiguous,care,0.95,Comprehensive Geriatric Assessment (CGA) is a team-based care model for structured assessment and comprehensive follow-up of older patients.,https://www.vr.se/english/swecris.html?searchText=2024-00477_Forte
swecris:2024-00018_Forte,swecris,2024,SE,Forte,4860000.0,SEK,432488.23,Back to work: A study of post-retirement work in the senior staffing industry,ambiguous,ambiguous,0.82,post-retirement work and senior staffing agencies has received increasing media attention and embodies the political ambitions of active aging and a longer working life,https://www.vr.se/english/swecris.html?searchText=2024-00018_Forte
swecris:2023-05201_VR,swecris,2024,SE,Swedish Research Council,4000000.0,SEK,355957.39,Spatial ER protein quality control to safeguard proteostasis,fundamental_aging,fundamental_aging,0.85,"A functional proteome relies on cellular machineries for protein synthesis, folding and degradation, collectively known as the proteostasis system.",https://www.vr.se/english/swecris.html?searchText=2023-05201_VR
swecris:2023-04383_VR,swecris,2024,SE,Swedish Research Council,3640000.0,SEK,323921.23,Discovery of new chromatin-related mechanisms that delay or prevent aging,ambiguous,fundamental_aging,0.97,Discovery of new chromatin-related mechanisms that delay or prevent aging,https://www.vr.se/english/swecris.html?searchText=2023-04383_VR
swecris:2023-03763_VR,swecris,2024,SE,Swedish Research Council,3900000.0,SEK,347058.46,"Mapping out crosstalk between the protein quality control machineries of mitochondria, cytoplasm and nucleus to decipher aging and dying as a process",ambiguous,fundamental_aging,0.97,deciphering the underlying cause and origin of the aging process,https://www.vr.se/english/swecris.html?searchText=2023-03763_VR
swecris:2023-03560_VR,swecris,2024,SE,Swedish Research Council,3640000.0,SEK,323921.23,Systematic investigation of protein liquid-liquid phase separation condensates formation and characterizing their functional roles in aging,ambiguous,fundamental_aging,0.92,characterize their functional roles in aging,https://www.vr.se/english/swecris.html?searchText=2023-03560_VR
swecris:2023-03396_VR,swecris,2024,SE,Swedish Research Council,4000000.0,SEK,355957.39,Ultrasensitive optomechanical spin sensing,ambiguous,ambiguous,0.85,Ultrasensitive optomechanical spin sensing,https://www.vr.se/english/swecris.html?searchText=2023-03396_VR
swecris:2023-03219_Vinnova,swecris,2024,SE,Vinnova,360000.0,SEK,32036.17,Design and bench testing of biodegradable cages for spinal fusion,ambiguous,ambiguous,0.75,Design and bench testing of biodegradable cages for spinal fusion,https://www.vr.se/english/swecris.html?searchText=2023-03219_Vinnova
swecris:2023-02847_VR,swecris,2024,SE,Swedish Research Council,2400000.0,SEK,213574.44,Non-coding RNAs as targets for premature vascular aging,age_related_disease,fundamental_aging,0.82,Non-coding RNAs as targets for premature vascular aging,https://www.vr.se/english/swecris.html?searchText=2023-02847_VR
swecris:2023-02753_VR,swecris,2024,SE,Swedish Research Council,2400000.0,SEK,213574.44,A longitudinal approach to characterize loss of muscle mass and function in aging humans – the importance of peripheral nerve integrity- part 2,fundamental_aging,age_related_disease,0.86,elucidating the preclinical and clinical course of sarcopenia,https://www.vr.se/english/swecris.html?searchText=2023-02753_VR
swecris:2023-02639_VR,swecris,2024,SE,Swedish Research Council,9000000.0,SEK,800904.13,Deciphering multiple sclerosis disease processes along the disease course,ambiguous,age_related_disease,0.8,innate immune mechanisms and accelerated aging explain progressive MS,https://www.vr.se/english/swecris.html?searchText=2023-02639_VR
swecris:2023-02630_VR,swecris,2024,SE,Swedish Research Council,4800000.0,SEK,427148.87,"Early synaptic endosome dysfunction in Alzheimer disease: convergence of ApoE, Aβ & tau",age_related_disease,age_related_disease,0.95,"Alzheimer disease (AD) is a heterogenous disease of aging brain with diverse influences including alterations in lipid, immune and protein degradative function.",https://www.vr.se/english/swecris.html?searchText=2023-02630_VR
swecris:2023-02409_VR,swecris,2024,SE,Swedish Research Council,2400000.0,SEK,213574.44,Neural Cell Dysfunction in Aging and Neurodegeneration,ambiguous,fundamental_aging,0.86,"cellular, molecular and functional insights and understanding of neural aging and degeneration",https://www.vr.se/english/swecris.html?searchText=2023-02409_VR
swecris:2023-01995_VR,swecris,2024,SE,Swedish Research Council,964000.0,SEK,85785.73,Patterns of stress across the life course and their role in mental health and loneliness in later life,ambiguous,ambiguous,0.65,stressors (factors that cause stress) across the life course is associated with mental health and loneliness in older adults,https://www.vr.se/english/swecris.html?searchText=2023-01995_VR
swecris:2023-01976_VR,swecris,2024,SE,Swedish Research Council,4800000.0,SEK,427148.87,"The role of gut microbiota derived branched chain amino acids for sarcopenia, osteoporosis and fracture risk",age_related_disease,age_related_disease,0.9,"Loss of bone and muscle mass with aging leads to an increased prevalence of osteoporosis and sarcopenia, resulting in falls and fractures in the elderly.",https://www.vr.se/english/swecris.html?searchText=2023-01976_VR
swecris:2023-01872_VR,swecris,2024,SE,Swedish Research Council,3600000.0,SEK,320361.65,"Ovarian aging, infertility and cancer - understanding the role of mitochondria in ovarian senescence and implications in health and disease for individualized risk prediction and treatment",fundamental_aging,fundamental_aging,0.92,We wish to investigate the molecular mechanisms behind the inter-individual differences in ovarian aging.,https://www.vr.se/english/swecris.html?searchText=2023-01872_VR
swecris:2023-01764_Forte,swecris,2024,SE,Forte,5895000.0,SEK,524592.21,"Supporting local actors to co-create integrated services – a participatory action research project with and for social service, primary care, and older people",care,care,0.95,integrate services for older people in need of both social services and primary care,https://www.vr.se/english/swecris.html?searchText=2023-01764_Forte
swecris:2023-01749_Forte,swecris,2024,SE,Forte,23997000.0,SEK,2135477.38,Homecare co-created in partnership with older people – from debut to end of life,care,care,0.98,development of homecare services through co-creation and co-research,https://www.vr.se/english/swecris.html?searchText=2023-01749_Forte
swecris:2023-01421_VR,swecris,2024,SE,Swedish Research Council,5779000.0,SEK,514269.44,Quantifying hippocampal neurogenesis in the living human brain and its relevance for long-term memory,intervention,fundamental_aging,0.78,Neurogenesis describes the brain’s ability to produce new neurons into very old age,https://www.vr.se/english/swecris.html?searchText=2023-01421_VR
swecris:2023-01125_Forte,swecris,2023,SE,Forte,23998000.0,SEK,2135566.37,FINGER-Pro: Evidence-based health promotion interventions for healthy aging: adapting and implementing the FINGER multidomain model across different settings and sociocultural contexts,age_related_disease,intervention,0.7,health promotion/early intervention are the vital components of public health efforts to achieve healthy aging,https://www.vr.se/english/swecris.html?searchText=2023-01125_Forte
swecris:2023-00446_Forte,swecris,2024,SE,Forte,4992000.0,SEK,444234.83,Remote work and behavior-related health in pandemic and post-pandemic period (Re-work-health),ambiguous,ambiguous,0.9,Remote work and behavior-related health in pandemic and post-pandemic period (Re-work-health),https://www.vr.se/english/swecris.html?searchText=2023-00446_Forte
swecris:2023-00291_VR,swecris,2023,SE,Swedish Research Council,3450000.0,SEK,307013.25,Molecular imaging of system xc- with PET,age_related_disease,age_related_disease,0.85,The goal of the proposed project is to elucidate the cellular fate and specificity of [18F]hGTS13 in cancer compared to inflammation,https://www.vr.se/english/swecris.html?searchText=2023-00291_VR
swecris:2023-00235_SNSB,swecris,2024,SE,Swedish National Space Agency,3256000.0,SEK,289749.32,Global biomass-burning aerosols and their aging processes: Insights from the modern era satellites (GlobAer-Biom),ambiguous,ambiguous,0.95,Global biomass-burning aerosols and their aging processes: Insights from the modern era satellites,https://www.vr.se/english/swecris.html?searchText=2023-00235_SNSB
swecris:2023-00153_Forte,swecris,2023,SE,Forte,4996000.0,SEK,444590.78,Old age depression: improving prevention and care by taking into account transitions across the spectrum of depressive symptoms,ambiguous,age_related_disease,0.78,"This project aims to contribute key knowledge for optimizing prevention, intervention, and care management of old-age depression",https://www.vr.se/english/swecris.html?searchText=2023-00153_Forte
swecris:2023-00147_Forte,swecris,2023,SE,Forte,4878000.0,SEK,434090.04,Patterns of stress across the life course and their role in mental health and loneliness in older adults,ambiguous,age_related_disease,0.75,mental health and loneliness in older adults,https://www.vr.se/english/swecris.html?searchText=2023-00147_Forte
swecris:2023-00068_Formas,swecris,2023,SE,Formas,3800000.0,SEK,338159.52,Vibration-based Assessment of municipal pipe NETworks for IoT-enabled real-time monitoring and machine learning-aided maintenance planning (VA-NET),ambiguous,ambiguous,0.9,"parts of these pipe networks are aging and have structural problems such as leakages, sagging and corrosion",https://www.vr.se/english/swecris.html?searchText=2023-00068_Formas
swecris:2022-04211_VR,swecris,2023,SE,Swedish Research Council,3716000.0,SEK,330684.42,Somatic Mutation Rate: Evolution’s formula for senescence?,fundamental_aging,fundamental_aging,0.97,"I propose to start filling this gap by studying a universal process on which aging can be grounded, the somatic mutation rate (SMR).",https://www.vr.se/english/swecris.html?searchText=2022-04211_VR
swecris:2022-03452_VR,swecris,2023,SE,Swedish Research Council,3800000.0,SEK,338159.52,A clinically applicable single cell method for detecting loss of chromosome Y (LOY) in different types of leukocytes using flow cytometry,age_related_disease,fundamental_aging,0.72,"Overall, old men with LOY survives on average only half as long.",https://www.vr.se/english/swecris.html?searchText=2022-03452_VR
swecris:2022-03034_VR,swecris,2023,SE,Swedish Research Council,3260000.0,SEK,290105.27,Mechanisms behind programmed mtDNA deletions and the restoration of intact mtDNA,ambiguous,fundamental_aging,0.88,Mitochondrial impairment is strongly associated with aging and age-related diseases and mitochondrial DNA (mtDNA) deletions explain much of this impairment.,https://www.vr.se/english/swecris.html?searchText=2022-03034_VR
swecris:2022-02991_VR,swecris,2023,SE,Swedish Research Council,3600000.0,SEK,320361.65,"Indoor biomass burning contributes to significant particulate matter exposure, chronic human health burden, and an economic drain in rural households",ambiguous,age_related_disease,0.7,"trace early metabolic changes in plasma to diagnose asthma, lung aging, and chronic pulmonary obstructions",https://www.vr.se/english/swecris.html?searchText=2022-02991_VR
swecris:2022-01931_Formas,swecris,2022,SE,Formas,5999463.0,SEK,533888.3,More taste less waste – Sustainable production of healthy nutritious cereal-based food for senior citizens with focus on their sensory perception,ambiguous,ambiguous,0.75,develop a sustainable nutritious cereal-based product appealing for the taste buds of senior citizen,https://www.vr.se/english/swecris.html?searchText=2022-01931_Formas
swecris:2022-01804_VR,swecris,2023,SE,Swedish Research Council,4275000.0,SEK,380429.46,"Cognition, brain, and aging (COBRA): 10-year longitudinal follow-up",ambiguous,fundamental_aging,0.9,The main focus is on the link between brain dopamine (DA) and cognitive aging.,https://www.vr.se/english/swecris.html?searchText=2022-01804_VR
swecris:2022-01672_Vinnova,swecris,2022,SE,Vinnova,11191133.0,SEK,995891.63,COCO - Dynamically COnfigurable Battery COntrol,ambiguous,ambiguous,0.85,how models and parameters can be continually updated as a result of battery aging,https://www.vr.se/english/swecris.html?searchText=2022-01672_Vinnova
swecris:2022-01404_VR,swecris,2023,SE,Swedish Research Council,6000000.0,SEK,533936.09,What can gait features tell us about cognitive aging and dementia?  A multidisciplinary approach towards precision medicine,age_related_disease,age_related_disease,0.88,Gait assessment seems a feasible tool to aid diagnostic and predictive approaches in dementia.,https://www.vr.se/english/swecris.html?searchText=2022-01404_VR
swecris:2022-01308_VR,swecris,2023,SE,Swedish Research Council,4800000.0,SEK,427148.87,"CROSSTALKS BETWEEN IMMUNITY, DNA REPAIR, AND THE MICROBIOTA – NEW WINDOWS FOR FUTURE THERAPIES?",ambiguous,fundamental_aging,0.85,we will investigate the role of cGAS and ALRs in aging-associated inflammation and the possibility of using the inhibitor of cGAS and ALRs as treatment,https://www.vr.se/english/swecris.html?searchText=2022-01308_VR
swecris:2022-01221_Forte,swecris,2022,SE,Forte,110000.0,SEK,9788.83,Person-centered and integrated care for older people: Successful experiences across Sweden,ambiguous,care,0.95,Person-centered and integrated care for older people: Successful experiences across Sweden,https://www.vr.se/english/swecris.html?searchText=2022-01221_Forte
swecris:2022-01079_VR,swecris,2023,SE,Swedish Research Council,2400000.0,SEK,213574.44,Characterization and quantification of synaptic populations,ambiguous,ambiguous,0.65,Plasticity of synapses is an integral component during development and aging,https://www.vr.se/english/swecris.html?searchText=2022-01079_VR
swecris:2022-00971_VR,swecris,2023,SE,Swedish Research Council,4800000.0,SEK,427148.87,Impact of physiological aging and redox homeostasis on lung cancer progression,fundamental_aging,age_related_disease,0.83,"how physiological aging impacts lung cancer progression, tumor-infiltrating immune cells and response to anti-cancer therapy",https://www.vr.se/english/swecris.html?searchText=2022-00971_VR
swecris:2022-00714_VR,swecris,2023,SE,Swedish Research Council,3000000.0,SEK,266968.04,"Dynamic pathways of cardiovascular, social and behavioral risk factors in cognitive aging",age_related_disease,age_related_disease,0.85,"The primary purpose of this project is to elucidate the, so far largely unknown, dynamic pathways by which cardiovascular, behavioral and social factors affect cognitive aging.",https://www.vr.se/english/swecris.html?searchText=2022-00714_VR
swecris:2022-00672_Forte,swecris,2023,SE,Forte,4998000.0,SEK,444768.76,Overweight as a heterogeneous phenotype: Leveraging differences in adiposity-related traits to understand effects on age-related disease,age_related_disease,age_related_disease,0.88,"The purpose of this project is to leverage the heterogeneity of overweight to understand how overweight increases the risk of cardiovascular disease, type 2 diabetes, and dementia.",https://www.vr.se/english/swecris.html?searchText=2022-00672_Forte
swecris:2022-00636_VR,swecris,2023,SE,Swedish Research Council,6000000.0,SEK,533936.09,"Park-MOVE: Moving towards personalized rehabilitation for Parkinson’s disease informed by diversity, exercise responders and brain activity during motion.",age_related_disease,age_related_disease,0.95,"Park-MOVE: Moving towards personalized rehabilitation for Parkinson’s disease informed by diversity, exercise responders and brain activity during motion.",https://www.vr.se/english/swecris.html?searchText=2022-00636_VR
swecris:2022-00588_Forte,swecris,2023,SE,Forte,4797000.0,SEK,426881.9,Health literacy among older adults: Exploring older people´s prerequisites for understanding health information and making informed health choices.,care,care,0.78,This makes older people vulnerable to fragmentated care and lack of care coordination.,https://www.vr.se/english/swecris.html?searchText=2022-00588_Forte
swecris:2021-06398_VR,swecris,2021,SE,Swedish Research Council,2400000.0,SEK,213574.44,Monitoring older adults’ health for preventive and early interventions: use of the Health Assessment Tool (HAT) in the Swedish primary care setting,ambiguous,care,0.78,use of the Health Assessment Tool (HAT) in the Swedish primary care setting,https://www.vr.se/english/swecris.html?searchText=2021-06398_VR
swecris:2021-05201_VR,swecris,2022,SE,Swedish Research Council,4000000.0,SEK,355957.39,One molecule at a time: revealing cell-to-cell heterogeneity upon adaptation to metabolic stress,ambiguous,fundamental_aging,0.65,metabolic stress-induced protein aggregation,https://www.vr.se/english/swecris.html?searchText=2021-05201_VR
swecris:2021-04080_VR,swecris,2022,SE,Swedish Research Council,4000000.0,SEK,355957.39,Epigenetic Clocks: Modelling Biomarkers Measuring and Predicting Biological Age,fundamental_aging,fundamental_aging,0.96,The best biomarker to track such changes is epigenetic clocks that detect shifts in DNA methylation levels.,https://www.vr.se/english/swecris.html?searchText=2021-04080_VR
swecris:2021-03524_VR,swecris,2022,SE,Swedish Research Council,2400000.0,SEK,213574.44,Brain penetrating antibodies for treatment of neurodegenerative disease,age_related_disease,age_related_disease,0.96,improve antibody therapy for Alzheimer’s (AD) and Parkinson’s disease (PD) by targeting neurotoxic protein aggregates,https://www.vr.se/english/swecris.html?searchText=2021-03524_VR
swecris:2021-03324_VR,swecris,2021,SE,Swedish Research Council,5200000.0,SEK,462744.61,Biomarker signatures of progressing multimorbidity: in pursuit of personalized approaches to clinically complex older individuals,age_related_disease,age_related_disease,0.82,investigate the biomarker signature of multimorbid individuals developing frailty and dementia,https://www.vr.se/english/swecris.html?searchText=2021-03324_VR
swecris:2021-03138_VR,swecris,2022,SE,Swedish Research Council,6000000.0,SEK,533936.09,Defining novel lung cancer drivers through metabolic profiling of the aging metastatic niche,age_related_disease,age_related_disease,0.88,Defining novel lung cancer drivers through metabolic profiling of the aging metastatic niche,https://www.vr.se/english/swecris.html?searchText=2021-03138_VR
swecris:2021-02938_VR,swecris,2022,SE,Swedish Research Council,4862000.0,SEK,432666.21,"Vascular dysfunction, neuroinflammation, and dopamine loss - a chain of events underlying cognitive decline in aging?",age_related_disease,fundamental_aging,0.82,"a triad of cerebrovascular stress, neuroinflammation, and dopamine loss are an integral part of one pathological chain of events in the aging brain",https://www.vr.se/english/swecris.html?searchText=2021-02938_VR
swecris:2021-02558_VR,swecris,2022,SE,Swedish Research Council,4730000.0,SEK,420919.62,DyNAMiC: A Longitudinal Lifespan Study of Functional and Molecular Correlates of Cognitive Decline in Aging,age_related_disease,fundamental_aging,0.9,current knowledge of the brain mechanisms underlying age-related cognitive decline is insufficient to inform the design of effective intervention programs,https://www.vr.se/english/swecris.html?searchText=2021-02558_VR
swecris:2021-02338_VR,swecris,2022,SE,Swedish Research Council,4920000.0,SEK,437827.59,Role of brain iron and microbleeds in cognitive and physical function in a population-based study on aging: A deep-learning approach,age_related_disease,fundamental_aging,0.7,neural substrates of cognitive and physical function in aging,https://www.vr.se/english/swecris.html?searchText=2021-02338_VR
swecris:2021-02265_VR,swecris,2022,SE,Swedish Research Council,5200000.0,SEK,462744.61,Mitochondrial gene expression in health and disease,age_related_disease,ambiguous,0.72,"Dysregulation of mitochondrial gene expression is increasingly recognized as a contributor to metabolic and neurodegenerative diseases, aging and cancer.",https://www.vr.se/english/swecris.html?searchText=2021-02265_VR
swecris:2021-02257_VR,swecris,2022,SE,Swedish Research Council,2400000.0,SEK,213574.44,"Clinical effectiveness of ""Training for Awareness Resilience and Action"" (TARA) compared to standard treatment for adolescents and young adults with depression- a randomized controlled trial",fundamental_aging,ambiguous,0.75,"biomarkers of inflammation, cellular aging, neuroprotection",https://www.vr.se/english/swecris.html?searchText=2021-02257_VR
swecris:2021-02058_Vinnova,swecris,2021,SE,Vinnova,150000.0,SEK,13348.4,Smart Sealants witih graphene: Monitoring Properties With Eddy-current Sensing,ambiguous,ambiguous,0.98,The materials were exposed to accelerated aging and characterized in terms of physical properties,https://www.vr.se/english/swecris.html?searchText=2021-02058_Vinnova
swecris:2021-01956_Forte,swecris,2021,SE,Forte,2000000.0,SEK,177978.7,Increasing community support and preventing involuntary loneliness among older LGBTQ people in Sweden – A participatory action research project,care,care,0.9,Increasing community support and preventing involuntary loneliness among older LGBTQ people in Sweden,https://www.vr.se/english/swecris.html?searchText=2021-01956_Forte
swecris:2021-01913_Forte,swecris,2022,SE,Forte,1200000.0,SEK,106787.22,Äldre i Centrum Vetenskapligt supplement (Scientific Supplement),fundamental_aging,ambiguous,0.75,"is a new peer review journal that publish scientific papers in the swedish language in the scope of older persons life, health and position in society",https://www.vr.se/english/swecris.html?searchText=2021-01913_Forte
swecris:20210186_HLF,swecris,2022,SE,Swedish Heart-Lung Foundation,1500000.0,SEK,133484.02,The role of genetic susceptibility and somatic mutation-driven clonal hematopoiesis in the development of cardiovascular disease in patients with obesity treated by bariatric surgery or usual care,age_related_disease,age_related_disease,0.9,development of cardiovascular disease in patients with obesity treated by bariatric surgery or usual care,https://www.vr.se/english/swecris.html?searchText=20210186_HLF
swecris:2021-01821_Forte,swecris,2021,SE,Forte,5930000.0,SEK,527706.83,"Trajectories of care needs and care transitions after age 60: the interplay between individuals’ frailty, their environment, and personal perspectives",age_related_disease,care,0.93,This project aims at increasing our knowledge concerning care needs and patterns of care utilization of frail and clinically complex older adults,https://www.vr.se/english/swecris.html?searchText=2021-01821_Forte
swecris:2021-01669_Formas,swecris,2022,SE,Formas,2997074.0,SEK,266707.66,Accelerating the photobiological production of essential amino acids through systems metabolic engineering of cyanobacteria,ambiguous,ambiguous,0.82,has been studied as an agent for initiating muscle protein anabolism in muscle-wasting syndromes and aging,https://www.vr.se/english/swecris.html?searchText=2021-01669_Formas
swecris:2021-01647_VR,swecris,2022,SE,Swedish Research Council,2400000.0,SEK,213574.44,Reducing Dementia Risk in Older Adults Affected by Cardio-Metabolic Disease,age_related_disease,age_related_disease,0.91,"Cardiometabolic diseases (CMDs, including heart disease, stroke and type 2 diabetes) increase dementia risk.",https://www.vr.se/english/swecris.html?searchText=2021-01647_VR
swecris:2021-01598_Vinnova,swecris,2021,SE,Vinnova,9806298.0,SEK,872656.07,ProSAFe - Personlig skydd mot fallskador - förbättrat livskvalitet hos äldre,ambiguous,age_related_disease,0.78,improve health and well-being of the elderly by preventing fall-related hip injuries,https://www.vr.se/english/swecris.html?searchText=2021-01598_Vinnova
swecris:2021-01496_VR,swecris,2021,SE,Swedish Research Council,5200000.0,SEK,462744.61,Identifying predictive markers of increased life expectancy after bariatric surgery,age_related_disease,age_related_disease,0.78,Identifying predictive markers of increased life expectancy after bariatric surgery,https://www.vr.se/english/swecris.html?searchText=2021-01496_VR
swecris:2021-01292_Forte,swecris,2022,SE,Forte,2000000.0,SEK,177978.7,Physical resilience - a key to Healthy Aging?,ambiguous,age_related_disease,0.7,"identify physical resilience in the older population, based on older individuals’ ability to cope with and recover from a hip fracture",https://www.vr.se/english/swecris.html?searchText=2021-01292_Forte
swecris:2021-01139_VR,swecris,2022,SE,Swedish Research Council,7200000.0,SEK,640723.31,Cell-Matrix Interactions in Cancer,age_related_disease,age_related_disease,0.96,The overall objective is to define previously unknown and opposing roles of tissue stiffening in cancer development.,https://www.vr.se/english/swecris.html?searchText=2021-01139_VR
swecris:2021-00750_VR,swecris,2022,SE,Swedish Research Council,3337462.0,SEK,296998.57,Personalized aging pattern for early risk detection and prevention of cognitive impairment and dementia in cognitively healthy individuals,age_related_disease,age_related_disease,0.9,early risk detection and prevention of cognitive impairment and dementia in cognitively healthy individuals,https://www.vr.se/english/swecris.html?searchText=2021-00750_VR
swecris:2021-00178_VR,swecris,2023,SE,Swedish Research Council,171443000.0,SEK,15256600.78,National E-infrastructure for Aging Research (NEAR/2023-2028),ambiguous,ambiguous,0.78,NEAR’s purpose is to empower aging research in Sweden by providing substantial added value to the field,https://www.vr.se/english/swecris.html?searchText=2021-00178_VR
swecris:2021-00154_VR,swecris,2023,SE,Swedish Research Council,65414000.0,SEK,5821149.21,"REWHARD - National infrastructure for research about social relations, work and health across the life course",ambiguous,ambiguous,0.78,"REWHARD provides a basis for cutting-edge research at the intersection of social relations, work and health.",https://www.vr.se/english/swecris.html?searchText=2021-00154_VR
swecris:2020-05422_VR,swecris,2021,SE,Swedish Research Council,3011000.0,SEK,267946.93,Roles of hydrogen peroxide signaling and peroxiredoxin in aging and age-related decline in proteostasis,fundamental_aging,fundamental_aging,0.95,Roles of hydrogen peroxide signaling and peroxiredoxin in aging and age-related decline in proteostasis,https://www.vr.se/english/swecris.html?searchText=2020-05422_VR
swecris:2020-05025_VR,swecris,2021,SE,Swedish Research Council,3450000.0,SEK,307013.25,Closing the gap between properties of fresh sea spray aerosol and aerosol observed in the marine boundary layer,ambiguous,ambiguous,0.95,Aging of particles will be investigated with a flow tube reactor,https://www.vr.se/english/swecris.html?searchText=2020-05025_VR
swecris:20200493_HLF,swecris,2021,SE,Swedish Heart-Lung Foundation,1200000.0,SEK,106787.22,"Skeletal Muscle Dysfunction in Adults with Congenital Heart Disease: Causes, Mechanisms and Rehabilitation",age_related_disease,age_related_disease,0.78,"Skeletal Muscle Dysfunction in Adults with Congenital Heart Disease: Causes, Mechanisms and Rehabilitation",https://www.vr.se/english/swecris.html?searchText=20200493_HLF
swecris:2020-04899_Vinnova,swecris,2021,SE,Vinnova,1645000.0,SEK,146387.48,Meteor-a corrosion protective coating for batteries,ambiguous,ambiguous,0.82,establish a testing method for simulating the aging of contacts under load in vehicles,https://www.vr.se/english/swecris.html?searchText=2020-04899_Vinnova
swecris:2020-03888_VR,swecris,2021,SE,Swedish Research Council,2811000.0,SEK,250149.06,"Nuclear membrane proteins in chromatin organization, cell differentiation and disease.",ambiguous,fundamental_aging,0.72,impact on aging and diseases associated with loss of heterochromatin and thus dysregulated gene expression,https://www.vr.se/english/swecris.html?searchText=2020-03888_VR
swecris:2020-02865_VR,swecris,2021,SE,Swedish Research Council,,SEK,,Human brain clearance imaging: the missing link in understanding and monitoring of neurodegenerative diseases,age_related_disease,age_related_disease,0.95,"Current lack of knowledge on the clearance of amyloid-beta and tau from the brain limits our understanding of Alzheimer’s Disease, cerebral amyloid angiopathy, and other dementias.",https://www.vr.se/english/swecris.html?searchText=2020-02865_VR
swecris:2020-02325_VR,swecris,2021,SE,Swedish Research Council,6000000.0,SEK,533936.09,Sleep and Biomarkers - From Aging to Alzheimer’s Disease (SPIRE):  An Innovative Multi-Modal Research Approach.,age_related_disease,age_related_disease,0.82,Sleep and Biomarkers - From Aging to Alzheimer’s Disease (SPIRE):  An Innovative Multi-Modal Research Approach.,https://www.vr.se/english/swecris.html?searchText=2020-02325_VR
swecris:2020-02010_VR,swecris,2021,SE,Swedish Research Council,2400000.0,SEK,213574.44,"Loss of chromosome Y causes defective immune-surveillance, which leads to cancer and Alzheimer’s disease in aging men",age_related_disease,fundamental_aging,0.78,The overarching aim is to move the LOY-project from epidemiological associations towards understanding the underlying molecular mechanisms.,https://www.vr.se/english/swecris.html?searchText=2020-02010_VR
swecris:2020-02009_VR,swecris,2021,SE,Swedish Research Council,2400000.0,SEK,213574.44,A longitudinal approach to characterize loss of muscle mass and function in aging humans – the importance of peripheral nerve integrity,ambiguous,fundamental_aging,0.87,to shed light on the underpinning mechanisms a longitudinal study design is needed,https://www.vr.se/english/swecris.html?searchText=2020-02009_VR
swecris:2020-01574_VR,swecris,2021,SE,Swedish Research Council,4800000.0,SEK,427148.87,"Exploring chronic hypoxia as a possible pathway linking clinical conditions of the heart, lungs, and blood with accelerated brain aging",age_related_disease,age_related_disease,0.82,"chronic conditions of the heart, lungs, and blood (e.g. heart failure, chronic obstructive pulmonary disease, anemia) in association with accelerated brain lesions, cognitive decline, and dementia",https://www.vr.se/english/swecris.html?searchText=2020-01574_VR
swecris:2020-01030_VR,swecris,2021,SE,Swedish Research Council,4800000.0,SEK,427148.87,"Olfactory function, cognitive aging, and dementia",age_related_disease,age_related_disease,0.9,deepen our knowledge regarding olfactory deficits in aging and their role in predicting dementia and cognitive decline,https://www.vr.se/english/swecris.html?searchText=2020-01030_VR
swecris:2020-00548_Forte,swecris,2021,SE,Forte,4620000.0,SEK,411130.79,Aging in flux: how changing behaviors and lifestyles in the new cohorts are reshaping old age,ambiguous,ambiguous,0.85,do today’s older adults age differently with regard to trajectories of behaviors and lifestyles compared to previous birth cohorts?,https://www.vr.se/english/swecris.html?searchText=2020-00548_Forte
swecris:2020-00547_Forte,swecris,2021,SE,Forte,4900000.0,SEK,436047.81,"Who benefits from a prolonged working life? The role of work for psychological, cognitive, and health-related changes",ambiguous,ambiguous,0.85,The aim of this project is to investigate the effects of a prolonged working life,https://www.vr.se/english/swecris.html?searchText=2020-00547_Forte
swecris:2020-00345_VR,swecris,2020,SE,Swedish Research Council,3150000.0,SEK,280316.45,Identifying clone-specific risk profiles associated with inflammation in clonal hematopoiesis,ambiguous,fundamental_aging,0.85,Heterogeneity in hematopoietic stem cells (HSCs) includes epigenetically constrained clone-specific responses to stress.,https://www.vr.se/english/swecris.html?searchText=2020-00345_VR
swecris:2020-00222_Formas,swecris,2020,SE,Formas,4000000.0,SEK,355957.39,Digital twin for sustainable and resource efficient operation of wastewater treatment plants,ambiguous,ambiguous,0.9,"Swedish WWTP face great challenges such as aging infrastructure, stricter effluent demands and climate change",https://www.vr.se/english/swecris.html?searchText=2020-00222_Formas
swecris:2020-00080_Formas,swecris,2020,SE,Formas,300000.0,SEK,26696.8,Achieving sustainable stormwater management in existing development,ambiguous,ambiguous,0.85,aging conventional (water) infrastructure with declining performance,https://www.vr.se/english/swecris.html?searchText=2020-00080_Formas
swecris:2020-00071_Forte,swecris,2020,SE,Forte,2400000.0,SEK,213574.44,Improving population health in the older population: is there a trade-off between efficiency and equity?,ambiguous,ambiguous,0.75,examine the distribution of risk factors for ill-health in the older population and evaluate whether a population strategy for improving health could lead to increased inequalities,https://www.vr.se/english/swecris.html?searchText=2020-00071_Forte
swecris:2019-06285_VR,swecris,2020,SE,Swedish Research Council,3150000.0,SEK,280316.45,Dissecting the role of FOXOs in the bone vasculature,ambiguous,ambiguous,0.65,impact of constitutive FOXO activity on the bone vasculature and the vascular niche – HSCs interactions in the aged mice,https://www.vr.se/english/swecris.html?searchText=2019-06285_VR
swecris:2019-05249_VR,swecris,2020,SE,Swedish Research Council,3200000.0,SEK,284765.91,A novel component of membrane contact sites as regulator of fatty acid elongation,ambiguous,fundamental_aging,0.78,we propose an interdependency between these contact sites and fatty acid elongation that is governed by Snd3 and determines lifespan,https://www.vr.se/english/swecris.html?searchText=2019-05249_VR
swecris:2019-05071_VR,swecris,2020,SE,Swedish Research Council,4400000.0,SEK,391553.13,Shining new light on cellular degradation: studying biomolecular condensates using holographic imaging,ambiguous,ambiguous,0.72,"alterations in the biophysical properties of such condensates are closely linked to neurodegenerative diseases, such as amyotrophic lateral sclerosis (ALS)",https://www.vr.se/english/swecris.html?searchText=2019-05071_VR
swecris:2019-04868_VR,swecris,2020,SE,Swedish Research Council,3520000.0,SEK,313242.5,New mechanistic insights into aging regulation by the transcription factor DAF-16/FOXO,ambiguous,fundamental_aging,0.98,"Our research focuses on a key regulator of aging, the transcription factor DAF-16/FOXO.",https://www.vr.se/english/swecris.html?searchText=2019-04868_VR
swecris:2019-04830_VR,swecris,2020,SE,Swedish Research Council,3520000.0,SEK,313242.5,Next generation HTP-proteomics for accurate molecular phenotype analysis,age_related_disease,age_related_disease,0.88,"Today, genomics spearheads personalized cancer medicine.",https://www.vr.se/english/swecris.html?searchText=2019-04830_VR
swecris:2019-04756_VR,swecris,2020,SE,Swedish Research Council,3032000.0,SEK,269815.7,Large-scale image analysis for studies of causes and consequences of whole body composition,age_related_disease,age_related_disease,0.62,"studies of cardiovascular disease, including stroke, myocardial infarction and its risk factors, e.g. type 2 diabetes",https://www.vr.se/english/swecris.html?searchText=2019-04756_VR
swecris:2019-04751_VR,swecris,2020,SE,Swedish Research Council,3200000.0,SEK,284765.91,Anatomical Manifolds for Interactive Radiomics in Studies of Metabolic and Muscle Degenerative Diseases,age_related_disease,age_related_disease,0.82,"sarcopenia, the loss of muscle mass observed with aging, is strongly associated with decreased quality of life",https://www.vr.se/english/swecris.html?searchText=2019-04751_VR
swecris:2019-04735_Vinnova,swecris,2020,SE,Vinnova,9584284.0,SEK,852899.18,"Automated gentle radiotherapy - Innovation, Standardisation,",ambiguous,age_related_disease,0.65,"Automated gentle radiotherapy - Innovation, Standardisation",https://www.vr.se/english/swecris.html?searchText=2019-04735_Vinnova
swecris:2019-04517_VR,swecris,2020,SE,Swedish Research Council,3500000.0,SEK,311462.72,In silico clinical trials to predict personalised hip fracture risk and treatment,age_related_disease,age_related_disease,0.95,Osteoporosis is defined by reduced bone mass and results in an increased fragility fracture risk with age.,https://www.vr.se/english/swecris.html?searchText=2019-04517_VR
swecris:2019-03937_VR,swecris,2020,SE,Swedish Research Council,4022000.0,SEK,357915.16,Genetic interactions between the mitochondrial and the nuclear genomes to manage the proteome of aging cells,ambiguous,fundamental_aging,0.95,Specific organelle intersections are more sensitive to decline and therefore drive the aging process,https://www.vr.se/english/swecris.html?searchText=2019-03937_VR
swecris:2019-03604_VR,swecris,2020,SE,Swedish Research Council,3160000.0,SEK,281206.34,Systematic deciphering interaction and formation regulation of physiological protein aggregates and neurodegenerative disease aggregates formed upon aging,ambiguous,fundamental_aging,0.92,This project will generate novel mechanistic insights on how protein aggregates influence aging.,https://www.vr.se/english/swecris.html?searchText=2019-03604_VR
swecris:2019-02804_VR,swecris,2020,SE,Swedish Research Council,5800000.0,SEK,516138.22,Mechanisms of Cognitive Aging: The Roles of Brain Iron Accumulation and Neuroinflammation,ambiguous,fundamental_aging,0.92,Mechanisms of Cognitive Aging: The Roles of Brain Iron Accumulation and Neuroinflammation,https://www.vr.se/english/swecris.html?searchText=2019-02804_VR
swecris:2019-01933_Formas,swecris,2019,SE,Formas,2919381.0,SEK,259793.81,Health promoting environments for an aging population – a register and GIS study to assess effects of urban green and low-noise neighborhoods on social service and nursing home use,care,care,0.88,effects of health-promoting environments on utilization of home care,https://www.vr.se/english/swecris.html?searchText=2019-01933_Formas
swecris:2019-01777_Formas,swecris,2019,SE,Formas,1500000.0,SEK,133484.02,HOME – Housing Optimazing Measure for Elderly,ambiguous,care,0.9,"The supply of adapted housing is considerably lower than demand. Within a decade, the need for retirement homes will be acute",https://www.vr.se/english/swecris.html?searchText=2019-01777_Formas
swecris:2019-01565_Formas,swecris,2020,SE,Formas,4691284.0,SEK,417474.3,Modulating Autophagy: New Strategies Toward Improved Crop Fitness and Health,age_related_disease,ambiguous,0.78,"Autophagy has been linked to many conditions including but not limited to: aging, neurodegeneration and cancers in animals.",https://www.vr.se/english/swecris.html?searchText=2019-01565_Formas
swecris:2019-01551_VR,swecris,2020,SE,Swedish Research Council,4800000.0,SEK,427148.87,Dissection of gut-brain association on alpha-synuclein aggregation in Parkinson’s disease and related disorders,age_related_disease,age_related_disease,0.93,Parkinson’s disease (PD) is the most common movement disorder with alpha-synuclein (a-syn) aggregation and dopamine neuron loss as the two key features.,https://www.vr.se/english/swecris.html?searchText=2019-01551_VR
swecris:2019-01548_VR,swecris,2020,SE,Swedish Research Council,4800000.0,SEK,427148.87,Cell-specific somatic mutagenesis and its implications for tissue dysfunction and aging,age_related_disease,fundamental_aging,0.78,Cell-specific somatic mutagenesis and its implications for tissue dysfunction and aging,https://www.vr.se/english/swecris.html?searchText=2019-01548_VR
swecris:2019-01515_Forte,swecris,2019,SE,Forte,879000.0,SEK,78221.64,Factors that facilitate or hinder implementation of welfare technology,care,care,0.95,implementation of welfare technology for target groups of the Social Service Act in Sweden,https://www.vr.se/english/swecris.html?searchText=2019-01515_Forte
swecris:2019-01429_Forte,swecris,2019,SE,Forte,302000.0,SEK,26874.78,"The emergence of a new conflict to work-life balance among older workers? The dual threat of “caregiver-burden” and challenging working conditions. Visiting researcher, Professor Benjamin Shaw",care,care,0.88,"The planned project investigates older workers, their working conditions, and the informal care that they provide to their older relatives.",https://www.vr.se/english/swecris.html?searchText=2019-01429_Forte
swecris:2019-01329_Forte,swecris,2019,SE,Forte,4655000.0,SEK,414245.41,"Communication, a challenge for the older employee: Need for a communication supporting workplace",ambiguous,ambiguous,0.82,knowledge in the area of healthy elderlys´ voice and communication is scarce,https://www.vr.se/english/swecris.html?searchText=2019-01329_Forte
swecris:2019-01272_VR,swecris,2020,SE,Swedish Research Council,2400000.0,SEK,213574.44,Drug repurposing for age-related diseases using Mendelian Randomizations on large individual-level genomic data,age_related_disease,age_related_disease,0.95,We propose to use MR for drug repurposing on age-related diseases.,https://www.vr.se/english/swecris.html?searchText=2019-01272_VR
swecris:2019-01156_Forte,swecris,2019,SE,Forte,4605000.0,SEK,409795.95,Stronger 60+: Personalized implementation of the FINGER multimodal lifestyle model for healthy brain aging,age_related_disease,age_related_disease,0.85,"In the absence of effective treatments against dementia and Alzheimer’s disease, there has been a shift towards early prevention",https://www.vr.se/english/swecris.html?searchText=2019-01156_Forte
swecris:2019-01141_Forte,swecris,2019,SE,Forte,2000000.0,SEK,177978.7,The Fruits of Labor – Investigating the Influence of Working Conditions on the Initiation and Duration of the Fourth Age,care,care,0.92,"the influence of working conditions throughout work life on the initiation and duration of the fourth age, here defined as years of life with long-term care",https://www.vr.se/english/swecris.html?searchText=2019-01141_Forte
swecris:2019-01125_VR,swecris,2020,SE,Swedish Research Council,4800000.0,SEK,427148.87,Reversing the synaptopathy that initiates Alzheimer’s disease,age_related_disease,age_related_disease,0.97,"Alzheimer’s disease (AD) is a major disease of aging, which requires therapy.",https://www.vr.se/english/swecris.html?searchText=2019-01125_VR
swecris:2019-01120_Forte,swecris,2019,SE,Forte,4185000.0,SEK,372420.42,"Growing older, working longer: the role of working conditions",ambiguous,ambiguous,0.72,This project aims to identify modifiable workplace factors that contribute to working beyond the statutory retirement age 65,https://www.vr.se/english/swecris.html?searchText=2019-01120_Forte
swecris:2019-01071_Forte,swecris,2019,SE,Forte,4660000.0,SEK,414690.36,Good auditory ecology for active and healthy aging,age_related_disease,age_related_disease,0.72,hearing loss can limit people´s active and healthy aging and increase the risk of poorer mental health,https://www.vr.se/english/swecris.html?searchText=2019-01071_Forte
swecris:2019-01064_Forte,swecris,2020,SE,Forte,3700000.0,SEK,329260.59,Non-response in longitudinal surveys of healthy aging,ambiguous,ambiguous,0.75,This project will study previously uninvestigated questions about missing data within a cross-national longitudinal survey,https://www.vr.se/english/swecris.html?searchText=2019-01064_Forte
swecris:2019-01001_VR,swecris,2020,SE,Swedish Research Council,4800000.0,SEK,427148.87,"Förvärvad muskelsjukdom hos intensivvårdspatienter: Bakomliggande mekanismer, förbättrade metoder för diagnos/monitorering samt behandling",fundamental_aging,ambiguous,0.72,drugs targeting the aging-trelated senescence-associated secretory phenotype since old patients are overrepresented among ICU patients with CIM and VIDD,https://www.vr.se/english/swecris.html?searchText=2019-01001_VR
swecris:2019-00953_VR,swecris,2020,SE,Swedish Research Council,3255911.0,SEK,289741.4,A novel tool for personalized and socio-economically optimal treatment planning for patients with osteoarthritis,age_related_disease,age_related_disease,0.95,Osteoarthritis (OA) is a common joint disease affecting over 40 million in EU.,https://www.vr.se/english/swecris.html?searchText=2019-00953_VR
swecris:2019-00683_Formas,swecris,2020,SE,Formas,2998715.0,SEK,266853.69,Managing rural communities: The role of local civil societies,ambiguous,ambiguous,0.7,The capacity of local civil societies to provide missing services and contribute to sustainable community building,https://www.vr.se/english/swecris.html?searchText=2019-00683_Formas
swecris:2019-00269_VR,swecris,2019,SE,Swedish Research Council,4768785.0,SEK,424371.07,The rarest of the rare – exploring non-coding RNA in the disease pathogenesis of Hutchinson-Gilford progeria syndrome,age_related_disease,age_related_disease,0.75,exploring non-coding RNA in the disease pathogenesis of Hutchinson-Gilford progeria syndrome,https://www.vr.se/english/swecris.html?searchText=2019-00269_VR
swecris:2018-04898_VR,swecris,2018,SE,Swedish Research Council,17670000.0,SEK,1572441.78,"Aging migrants, labor market transitions and the welfare state",ambiguous,ambiguous,0.82,"Aging migrants, labor market transitions and the welfare state",https://www.vr.se/english/swecris.html?searchText=2018-04898_VR
swecris:2018-04401_VR,swecris,2019,SE,Swedish Research Council,2820000.0,SEK,250949.96,Regulation and functional role of translational stop codon readthrough,ambiguous,ambiguous,0.2,Translational readthrough (TR) refers to when the ribosome continues beyond a stop codon and synthesizes alternative protein isoforms.,https://www.vr.se/english/swecris.html?searchText=2018-04401_VR
swecris:2018-04251_Vinnova,swecris,2018,SE,Vinnova,1498876.0,SEK,133384.0,Combat diseases of the aging brain,age_related_disease,age_related_disease,0.95,"The economic burden of stroke, Alzheimer´s disease and Parkinson´s disease is estimated in Sweden alone to amount to 80 billion SEK annually.",https://www.vr.se/english/swecris.html?searchText=2018-04251_Vinnova
swecris:2018-03577_VR,swecris,2019,SE,Swedish Research Council,2800000.0,SEK,249170.17,ELUCIDATING THE MECHANISMS OF PROTEIN AGGREGATION AND CLEARANCE IN HEAVY METAL TOXICITY AND TOLERANCE,ambiguous,ambiguous,0.6,ELUCIDATING THE MECHANISMS OF PROTEIN AGGREGATION AND CLEARANCE IN HEAVY METAL TOXICITY AND TOLERANCE,https://www.vr.se/english/swecris.html?searchText=2018-03577_VR
swecris:2018-03228_VR,swecris,2019,SE,Swedish Research Council,3600000.0,SEK,320361.65,Preventing decreased intestinal health in the aging cancer survivor  – a national randomized study of dietary fiber intake (FIDURA),age_related_disease,age_related_disease,0.85,Preventing decreased intestinal health in the aging cancer survivor – a national randomized study of dietary fiber intake,https://www.vr.se/english/swecris.html?searchText=2018-03228_VR
swecris:2018-02993_VR,swecris,2019,SE,Swedish Research Council,4800000.0,SEK,427148.87,m6A RNA methylation in controlling telomere homeostasis: Implications in aging and oncogenesis,fundamental_aging,fundamental_aging,0.88,"role of m6A RNA methylation in telomere biology, aging and carcinogenesis",https://www.vr.se/english/swecris.html?searchText=2018-02993_VR
swecris:2018-02979_VR,swecris,2019,SE,Swedish Research Council,4800000.0,SEK,427148.87,Modulation of glutamate receptors for the treatment of depression and Parkinson’s disease,age_related_disease,age_related_disease,0.92,Modulation of glutamate receptors for the treatment of depression and Parkinson’s disease,https://www.vr.se/english/swecris.html?searchText=2018-02979_VR
swecris:2018-02950_VR,swecris,2019,SE,Swedish Research Council,7200000.0,SEK,640723.31,Deciphering the role of programmed DNA breaks in aging,ambiguous,fundamental_aging,0.97,our project has the potential to uncover novel mechanisms of aging and lead to a better understanding of the extraordinary lifespan,https://www.vr.se/english/swecris.html?searchText=2018-02950_VR
swecris:2018-02937_VR,swecris,2019,SE,Swedish Research Council,8000000.0,SEK,711914.78,"Stem cells and molecular signaling in cartilage regeneration, aging and disease.",age_related_disease,age_related_disease,0.9,"Osteoarthritis (OA) is characterized by joint pain and impairment due to cartilage degradation, formation of osteophytes, and subchondral sclerosis",https://www.vr.se/english/swecris.html?searchText=2018-02937_VR
swecris:2018-02771_Formas,swecris,2019,SE,Formas,3112830.0,SEK,277008.71,BLOOWATER Supporting tools for the integrated management of drinking water reservoirs contaminated by Cyanobacteria and Cyanotoxins,fundamental_aging,ambiguous,0.86,release toxic secondary metabolites during their senescence and death,https://www.vr.se/english/swecris.html?searchText=2018-02771_Formas
swecris:2018-02635_VR,swecris,2019,SE,Swedish Research Council,2400000.0,SEK,213574.44,Genomic medicine for improved muscle health,ambiguous,age_related_disease,0.78,muscle insulin resistance is already present in the prediabetic state,https://www.vr.se/english/swecris.html?searchText=2018-02635_VR
swecris:2018-02579_VR,swecris,2019,SE,Swedish Research Council,4800000.0,SEK,427148.87,Altered dNTP pools and genome instability,ambiguous,fundamental_aging,0.72,"affect the stability of nuclear and mitochondrial genomes, aging, and the development of diseases",https://www.vr.se/english/swecris.html?searchText=2018-02579_VR
swecris:2018-02266_VR,swecris,2019,SE,Swedish Research Council,6000000.0,SEK,533936.09,Aging: Long-term hidden cost of infections,fundamental_aging,fundamental_aging,0.92,investigate the extent to which infectious diseases drive cellular aging,https://www.vr.se/english/swecris.html?searchText=2018-02266_VR
swecris:2018-02077_VR,swecris,2019,SE,Swedish Research Council,6000000.0,SEK,533936.09,"Why do some people become frail as they age while others do not? A life course approach to identifying genetic, epigenetic and environmental risk factors for frailty.",age_related_disease,age_related_disease,0.92,Frailty has been described as the most problematic expression of population aging.,https://www.vr.se/english/swecris.html?searchText=2018-02077_VR
swecris:2018-01891_Formas,swecris,2018,SE,Formas,1477952.0,SEK,131521.98,An swallowing tool for industrial product development,age_related_disease,age_related_disease,0.72,"people suffering from swallowing disorders (dysphagia) which can be caused by caused by e.g. dementia, trauma or medication side effects. The prevalence increases with age",https://www.vr.se/english/swecris.html?searchText=2018-01891_Formas
swecris:2018-01861_VR,swecris,2019,SE,Swedish Research Council,1645000.0,SEK,146387.48,The Moral Demands of Equality in Aging Societies,ambiguous,ambiguous,0.86,The aim of this research project is to understand the demands of equality in aging societies.,https://www.vr.se/english/swecris.html?searchText=2018-01861_VR
swecris:2018-01729_VR,swecris,2019,SE,Swedish Research Council,5160000.0,SEK,459185.04,Biological mechanisms behind neurocognitive aging and dementia - Longitudinal evaluation of telomere length and epigenetic signatures in interplay with genetic and lifestyle factors,fundamental_aging,fundamental_aging,0.88,investigate two age-sensitive cellular mechanisms implicated in biological aging; telomere length and DNA-methylation,https://www.vr.se/english/swecris.html?searchText=2018-01729_VR
swecris:2018-01609_VR,swecris,2018,SE,Swedish Research Council,5500000.0,SEK,489441.41,The transience and persistence of memory: Linking neurobehavioral mechanisms of adaptive forgetting to adult aging and mood,ambiguous,fundamental_aging,0.68,examine how such processes relate to memory deficits in adult aging and mood,https://www.vr.se/english/swecris.html?searchText=2018-01609_VR
swecris:2018-01327_VR,swecris,2018,SE,Swedish Research Council,5400000.0,SEK,480542.48,"The impact of genetic, biological and lifestyle factors on brain iron load: Consequences for motor and cognitive functions in adulthood and aging",ambiguous,fundamental_aging,0.72,"uncover the effects of brain iron accumulation on brain integrity, motor and cognitive performance as we age",https://www.vr.se/english/swecris.html?searchText=2018-01327_VR
swecris:2018-00575_Formas,swecris,2019,SE,Formas,2992854.0,SEK,266332.13,Building egressibility in an aging society,ambiguous,ambiguous,0.85,Building egressibility in an aging society,https://www.vr.se/english/swecris.html?searchText=2018-00575_Formas
swecris:2018-00305_Vinnova,swecris,2018,SE,Vinnova,409529.0,SEK,36443.72,Chew and swallow - A concept for improved health and wellbeing in older people,ambiguous,care,0.85,The aim of the project is to ensure healthy aging by securing physical and mental health and quality of life.,https://www.vr.se/english/swecris.html?searchText=2018-00305_Vinnova
swecris:2017-06344_VR,swecris,2018,SE,Swedish Research Council,2100000.0,SEK,186877.63,Exploration and Development of Soft Supramolecular Assemblies of Mechanoresponsive Fluorescent Materials for Mapping Mechanic Properties & Visualizing Physical Forces in Developing Tissues,age_related_disease,ambiguous,0.92,apply these assemblies to visualize the mechanical properties of cancer cell aggregates,https://www.vr.se/english/swecris.html?searchText=2017-06344_VR
swecris:2017-06105_VR,swecris,2017,SE,Swedish Research Council,19200000.0,SEK,1708595.48,Dementia Prevention Platform for Theme Aging: from accurate disease models and prognostic tools to effective interventions,age_related_disease,age_related_disease,0.95,Dementia/Alzheimer disease (AD) are major public health challenges lacking effective prevention/treatment.,https://www.vr.se/english/swecris.html?searchText=2017-06105_VR
swecris:2017-06088_VR,swecris,2017,SE,Swedish Research Council,19200000.0,SEK,1708595.48,Disentangling complexity of health in aging: A new research environment to pave the road for individualized medicine,ambiguous,ambiguous,0.7,address the complexity and heterogeneity of older adults’ health,https://www.vr.se/english/swecris.html?searchText=2017-06088_VR
swecris:2017-05819_VR,swecris,2018,SE,Swedish Research Council,2976300.0,SEK,264859.0,"Exploring the complex interplay between lifestyle factors, brain pathology, and cognitive reserve in cognitive decline and dementia",age_related_disease,age_related_disease,0.88,"explore the complex interplay between lifestyles, brain pathology and cognitive reserve in determining cognitive decline and onset of dementia",https://www.vr.se/english/swecris.html?searchText=2017-05819_VR
swecris:2017-04949_VR,swecris,2018,SE,Swedish Research Council,3200000.0,SEK,284765.91,"Excessive arterial pulsatility, impaired neurovascular coupling and breakdown of brain functional connectivity – new imaging concepts to explore a pathological chain of events",age_related_disease,fundamental_aging,0.78,Aging leads to the aorta gradually becoming stiffer. This can be observed as increased arterial pulsatility transmitted to the brain.,https://www.vr.se/english/swecris.html?searchText=2017-04949_VR
swecris:2017-04663_VR,swecris,2018,SE,Swedish Research Council,3125000.0,SEK,278091.71,Control of mRNA stability by anti-decapping and mRNA granules,ambiguous,ambiguous,0.82,"examine the role of RNA granules and mRNA stability adaptation to stress, starvation and aging",https://www.vr.se/english/swecris.html?searchText=2017-04663_VR
swecris:2017-04577_VR,swecris,2018,SE,Swedish Research Council,3200000.0,SEK,284765.91,"ROLE OF TRANSCRIPTION, TRANSLATION AND DNA REPLICATION ERRORS IN AGING",intervention,fundamental_aging,0.88,"ROLE OF TRANSCRIPTION, TRANSLATION AND DNA REPLICATION ERRORS IN AGING",https://www.vr.se/english/swecris.html?searchText=2017-04577_VR
swecris:2017-04536_VR,swecris,2018,SE,Swedish Research Council,3200000.0,SEK,284765.91,Mapping the inheritance of the yeast proteome to discover mechanisms of aging and rejuvenation,ambiguous,fundamental_aging,0.96,Mapping the inheritance of the yeast proteome to discover mechanisms of aging and rejuvenation,https://www.vr.se/english/swecris.html?searchText=2017-04536_VR
swecris:2017-04366_VR,swecris,2018,SE,Swedish Research Council,3456000.0,SEK,307547.19,Electrochemical Cytometry and NanoSIMS Analysis of Transmitter Vesicles,ambiguous,ambiguous,0.9,Electrochemical Cytometry and NanoSIMS Analysis of Transmitter Vesicles,https://www.vr.se/english/swecris.html?searchText=2017-04366_VR
swecris:2017-02474_Vinnova,swecris,2017,SE,Vinnova,6000000.0,SEK,533936.09,Robotdalen 2.0,ambiguous,ambiguous,0.85,demographic challenge with an aging population,https://www.vr.se/english/swecris.html?searchText=2017-02474_Vinnova
swecris:2017-02217_VR,swecris,2018,SE,Swedish Research Council,4600000.0,SEK,409351.0,"Cognition, brain, and aging (COBRA): Longitudinal analyses",ambiguous,fundamental_aging,0.86,A key focus is the link between dopamine (DA) and cognitive aging.,https://www.vr.se/english/swecris.html?searchText=2017-02217_VR
swecris:2017-02193_Forte,swecris,2017,SE,Forte,250000.0,SEK,22247.34,IAGG-ER 2019 - European Region Congress of the International Association of Gerontology and Geriatrics,ambiguous,ambiguous,0.82,this will be the greatest scientific congress in the field of aging so far arranged in Sweden,https://www.vr.se/english/swecris.html?searchText=2017-02193_Forte
swecris:2017-01764_Forte,swecris,2017,SE,Forte,4890000.0,SEK,435157.91,Does our healthcare system truly fit older people? Impact of multidimensional health trajectories on the use of medical and social care services,care,care,0.93,Impact of multidimensional health trajectories on the use of medical and social care services,https://www.vr.se/english/swecris.html?searchText=2017-01764_Forte
swecris:2017-01759_VR,swecris,2018,SE,Swedish Research Council,2400000.0,SEK,213574.44,Longitudinal trajectories of olfactory abilities: What predicts old-age olfactory memory decline?,ambiguous,fundamental_aging,0.75,We aim to do a thorough investigation of predictors of olfactory memory decline in the normal elderly population.,https://www.vr.se/english/swecris.html?searchText=2017-01759_VR
swecris:2017-01753_VR,swecris,2018,SE,Swedish Research Council,3450000.0,SEK,307013.25,"System dynamics modelling of the radiation therapy process: Field studies, simulations, and practical solutions for Swedish healthcare",age_related_disease,ambiguous,0.72,system dynamics modelling in a radiation therapy (RT) environment,https://www.vr.se/english/swecris.html?searchText=2017-01753_VR
swecris:2017-01668_Formas,swecris,2018,SE,Formas,3000000.0,SEK,266968.04,Comprehensive Condition Assessment for Resilient Transport Infrastructure under Normal Service Conditions and Extreme Climatic Events,ambiguous,ambiguous,0.95,performance of the aging building/infrastructure,https://www.vr.se/english/swecris.html?searchText=2017-01668_Formas
swecris:2017-01480_VR,swecris,2018,SE,Swedish Research Council,2400000.0,SEK,213574.44,Removing the breaks on brain plasticity after stroke - towards a new stroke therapy,intervention,age_related_disease,0.95,Removing the breaks on brain plasticity after stroke - towards a new stroke therapy,https://www.vr.se/english/swecris.html?searchText=2017-01480_VR
swecris:2017-01431_Forte,swecris,2018,SE,Forte,1600000.0,SEK,142382.96,"Integrated care for older people with complex health problems. How does it affect health, health care utilization and health equity?",ambiguous,care,0.97,"Integrated care for older people with complex health problems. How does it affect health, health care utilization and health equity?",https://www.vr.se/english/swecris.html?searchText=2017-01431_Forte
swecris:2017-00981_VR,swecris,2018,SE,Swedish Research Council,4800000.0,SEK,427148.87,Identifying compensatory mechanisms against dementia in diabetes: an integrative study from observation to intervention,age_related_disease,age_related_disease,0.95,Diabetes increases dementia risk. The goal of this project is to identify the pathways linking diabetes to dementia,https://www.vr.se/english/swecris.html?searchText=2017-00981_VR
swecris:2017-00792_VR,swecris,2018,SE,Swedish Research Council,2400000.0,SEK,213574.44,Adipose Tissue Functionality in the Pathogenesis of Type 2 Diabetes,age_related_disease,age_related_disease,0.96,Adipose Tissue Functionality in the Pathogenesis of Type 2 Diabetes,https://www.vr.se/english/swecris.html?searchText=2017-00792_VR
swecris:2017-00740_VR,swecris,2017,SE,Swedish Research Council,700000.0,SEK,62292.54,Sino-Sweden Research Network on Aging (Sino-Sweden RNA): Exploring the differential impacts of biomedical and environmental factors on cognitive aging across cultures,age_related_disease,age_related_disease,0.7,cognitive health in aging (e.g. dementia),https://www.vr.se/english/swecris.html?searchText=2017-00740_VR
swecris:2017-00639_VR,swecris,2018,SE,Swedish Research Council,100049516.0,SEK,8903341.19,NEAR: The National E-infrastructure for Aging Research in Sweden,ambiguous,ambiguous,0.8,build and run the National E-infrastructure for Aging Research (NEAR),https://www.vr.se/english/swecris.html?searchText=2017-00639_VR
swecris:2017-00281_VR,swecris,2017,SE,Swedish Research Council,3150000.0,SEK,280316.45,Change in brain reserve capacity during aging: Links to cognitive functions,ambiguous,fundamental_aging,0.65,"neural underpin of cognitive aging, and associated reserve factors",https://www.vr.se/english/swecris.html?searchText=2017-00281_VR
swecris:2017-00092_Forte,swecris,2018,SE,Forte,1600000.0,SEK,142382.96,New challenges for the pension system,ambiguous,ambiguous,0.85,New challenges for the pension system,https://www.vr.se/english/swecris.html?searchText=2017-00092_Forte
swecris:2016-07175_Forte,swecris,2017,SE,Forte,18000000.0,SEK,1601808.26,Aging through life: Identifying new pathways for living longer and healthier,ambiguous,ambiguous,0.64,This proposal seeks to identify lifelong pathways that can help older adults live longer and healthier.,https://www.vr.se/english/swecris.html?searchText=2016-07175_Forte
swecris:2016-07151_Forte,swecris,2016,SE,Forte,5826000.0,SEK,518451.94,To create a better work environment in the home care sector - participatory organizational change in practice.,care,care,0.95,This project aims to improve the work environment in home care services.,https://www.vr.se/english/swecris.html?searchText=2016-07151_Forte
swecris:2016-07097_Forte,swecris,2017,SE,Forte,18000000.0,SEK,1601808.26,Suicidal behavior in older adults and the road back to life,ambiguous,age_related_disease,0.62,high suicide rates are observed among older persons,https://www.vr.se/english/swecris.html?searchText=2016-07097_Forte
swecris:2016-06800_VR,swecris,2017,SE,Swedish Research Council,3150000.0,SEK,280316.45,"Analysis of molecular turnover in the brain by integrating super resolution optical microscopy, electron microscopy, and nanoscale mass spectrometric imaging",age_related_disease,age_related_disease,0.72,"I will focus on the turnover of neuronal lipids, proteins, and also of extracellular protein aggregates as those encountered in neurodegenerative diseases, especially in Alzheimer’s disease.",https://www.vr.se/english/swecris.html?searchText=2016-06800_VR
swecris:2016-06672_VR,swecris,2017,SE,Swedish Research Council,3150000.0,SEK,280316.45,Probing Structural Determinants within Phase Separated Protein Droplets at Single-Molecule Resolution,ambiguous,ambiguous,0.7,pathological aggregates implicated in neurodegenerative diseases,https://www.vr.se/english/swecris.html?searchText=2016-06672_VR
swecris:2016-06658_VR,swecris,2017,SE,Swedish Research Council,3150000.0,SEK,280316.45,How does physical activity preserve cognition in aging? A research proposal with multidisciplinary perspectives,age_related_disease,age_related_disease,0.7,protective effect of physical activity on cognition is through reducing the risk of age-related pathological brain lesions,https://www.vr.se/english/swecris.html?searchText=2016-06658_VR
swecris:2016-06174_VR,swecris,2016,SE,Swedish Research Council,1475000.0,SEK,131259.29,Antibody-based PET for Alzheimer’s disease,age_related_disease,age_related_disease,0.96,Antibody-based PET for Alzheimer’s disease,https://www.vr.se/english/swecris.html?searchText=2016-06174_VR
swecris:2016-05885_VR,swecris,2017,SE,Swedish Research Council,1200000.0,SEK,106787.22,Bee products to counteract age-associated cellular decay,ambiguous,intervention,0.82,"Large-scale screens in yeast, which is a well-established model system for aging, will identify compounds with anti-aging activity",https://www.vr.se/english/swecris.html?searchText=2016-05885_VR
swecris:2016-03289_Vinnova,swecris,2016,SE,Vinnova,229540.0,SEK,20426.61,Low disturbance strengthening of bridges using a fast curing method for bonding FRP composite materials,ambiguous,ambiguous,0.85,"bridge structures in need for strengthening due to aging, higher traffic demands",https://www.vr.se/english/swecris.html?searchText=2016-03289_Vinnova
swecris:2016-01936_VR,swecris,2017,SE,Swedish Research Council,6000000.0,SEK,533936.09,"Brain functional connectome across the human lifespan: Links to white matter degeneration, dopamine depletion, and cognitive decline",ambiguous,fundamental_aging,0.86,may be a potential mechanism underlying cognitive decline in aging,https://www.vr.se/english/swecris.html?searchText=2016-01936_VR
swecris:2016-01860_VR,swecris,2017,SE,Swedish Research Council,6000000.0,SEK,533936.09,Does Loss of chromosome Y (LOY) in males cause cancer and Alzheimer’s disease?,age_related_disease,age_related_disease,0.84,Does Loss of chromosome Y (LOY) in males cause cancer and Alzheimer’s disease?,https://www.vr.se/english/swecris.html?searchText=2016-01860_VR
swecris:2016-01705_VR,swecris,2017,SE,Swedish Research Council,4000000.0,SEK,355957.39,Not all older adults develop dementia: exploring underlying compensatory mechanisms related to healthy brain aging,age_related_disease,age_related_disease,0.82,reduces the risk of cognitive decline and dementia by acting through metabolic and inflammatory pathways,https://www.vr.se/english/swecris.html?searchText=2016-01705_VR
swecris:2016-01590_VR,swecris,2017,SE,Swedish Research Council,6694628.0,SEK,595750.58,Determinants and outcomes of depression and suicidal behavior in older adults,ambiguous,age_related_disease,0.88,Determinants and outcomes of depression and suicidal behavior in older adults,https://www.vr.se/english/swecris.html?searchText=2016-01590_VR
swecris:2016-01096_VR,swecris,2017,SE,Swedish Research Council,2100000.0,SEK,186877.63,Somatic mutations in aging and mechanism of disease in progeria,ambiguous,fundamental_aging,0.92,"Genetic mechanisms that affect aging are of high interest to society, yet not well understood.",https://www.vr.se/english/swecris.html?searchText=2016-01096_VR
swecris:2016-00981_VR,swecris,2017,SE,Swedish Research Council,6000000.0,SEK,533936.09,"Phenotypes of healthier aging: the role of environmental, behavioural and biological factors on health trajectories",age_related_disease,fundamental_aging,0.7,"Phenotypes of healthier aging: the role of environmental, behavioural and biological factors on health trajectories",https://www.vr.se/english/swecris.html?searchText=2016-00981_VR
swecris:2016-00906_VR,swecris,2017,SE,Swedish Research Council,11000000.0,SEK,978882.83,Development of new biomarkers and brain imaging techniques for Dementia and Parkinsonian disorders: key tools for exploring etiology to improve diagnosis and advance drug development,age_related_disease,age_related_disease,0.96,"Alzheimer´s disease (AD) and Parkinson´s disease (PD) are major causes of disability, institutionalization and premature death in the elderly",https://www.vr.se/english/swecris.html?searchText=2016-00906_VR
swecris:2016-00818_Forte,swecris,2017,SE,Forte,1600000.0,SEK,142382.96,Postponing the onset of retirement age? - An evaluation of the factors which affect the ability to work in an aging population,ambiguous,ambiguous,0.6,assess the effects of and plausibility in delaying the onset of retirement,https://www.vr.se/english/swecris.html?searchText=2016-00818_Forte
swecris:2016-00785_VR,swecris,2017,SE,Swedish Research Council,10000000.0,SEK,889893.48,Muscle Talks: Local and systemic effects of skeletal muscle mass regulation,age_related_disease,ambiguous,0.7,"Significant deleterious changes happen in skeletal muscle during metabolic disease, neuromuscular disease, spinal cord injury, long-term hospitalization, cancer, and even aging (sarcopenia).",https://www.vr.se/english/swecris.html?searchText=2016-00785_VR
swecris:2016-00481_Forte,swecris,2017,SE,Forte,2950000.0,SEK,262518.58,"Self-Employment in Later Life: An Explorative Study of Varying Motives, Conditions and Consequences for Aging",ambiguous,ambiguous,0.9,how self-employment influence their aging,https://www.vr.se/english/swecris.html?searchText=2016-00481_Forte
swecris:2015-05998_VR,swecris,2016,SE,Swedish Research Council,4000000.0,SEK,355957.39,The Swedish National study on Aging and Care in Kungsholmen (SNAC-K): Follow-up data collection,ambiguous,ambiguous,0.7,better understanding the aging process and identifying preventive strategies for improving health and care in older adults,https://www.vr.se/english/swecris.html?searchText=2015-05998_VR
swecris:2015-05997_VR,swecris,2016,SE,Swedish Research Council,4000000.0,SEK,355957.39,"The Swedish Mammography Cohort (SMC, est. 1987) - maintenance and data collection",ambiguous,ambiguous,0.78,"population-based, longitudinal study on healthy aging and chronic diseases in relation to diet and other lifestyle factors and genetic predisposition",https://www.vr.se/english/swecris.html?searchText=2015-05997_VR
swecris:2015-05994_VR,swecris,2016,SE,Swedish Research Council,750000.0,SEK,66742.01,Towards a National E-Infrastructure for Aging Research  in Sweden (NEAR). Two-year Coordination Phase,ambiguous,ambiguous,0.85,plan and design a National E-infrastructure for Aging Research in Sweden (NEAR),https://www.vr.se/english/swecris.html?searchText=2015-05994_VR
swecris:2015-05616_VR,swecris,2016,SE,Swedish Research Council,3250000.0,SEK,289215.38,"Understanding stroke, vascular dementia and cognitive aging through new techniques and models for assessment of cerebral blood flow and cerebrospinal fluid dynamics",age_related_disease,age_related_disease,0.9,"improve diagnostics, and treatment planning of STROKE and dementias",https://www.vr.se/english/swecris.html?searchText=2015-05616_VR
swecris:2015-05318_VR,swecris,2016,SE,Swedish Research Council,3885000.0,SEK,345723.62,Marine aerosol influence on clouds in the high Arctic,ambiguous,ambiguous,0.9,Marine aerosol influence on clouds in the high Arctic,https://www.vr.se/english/swecris.html?searchText=2015-05318_VR
swecris:2015-04626_VR,swecris,2016,SE,Swedish Research Council,1928000.0,SEK,171571.46,INSULIN SIGNALING IN DEVELOPMENT AND AGING OF DROSOPHILA,fundamental_aging,fundamental_aging,0.95,"Our focus is on insulin/IGF signaling (IIS), a key regulator of growth, metabolic homeostasis, stress responses and lifespan.",https://www.vr.se/english/swecris.html?searchText=2015-04626_VR
swecris:2015-04199_VR,swecris,2016,SE,Swedish Research Council,6000000.0,SEK,533936.09,Studies of molecular mechanisms in Alzheimer´s disease using imaging mass spectrometry,age_related_disease,age_related_disease,0.9,Studies of molecular mechanisms in Alzheimer´s disease using imaging mass spectrometry,https://www.vr.se/english/swecris.html?searchText=2015-04199_VR
swecris:2015-03740_VR,swecris,2016,SE,Swedish Research Council,3200000.0,SEK,284765.91,"Regulation of aging by DAF-16/FOXO, its cofactors, and the chromatin landscape",ambiguous,fundamental_aging,0.98,"Regulation of aging by DAF-16/FOXO, its cofactors, and the chromatin landscape",https://www.vr.se/english/swecris.html?searchText=2015-03740_VR
swecris:2015-03255_VR,swecris,2016,SE,Swedish Research Council,5892462.0,SEK,524366.35,EPIGENETICS IN AGING: A LONGITUDINAL PERSPECTIVE,age_related_disease,fundamental_aging,0.96,"studying these marks reflect the accumulative effects of lifestyle in relation to aging, and will increase our knowledge of the aging processes",https://www.vr.se/english/swecris.html?searchText=2015-03255_VR
swecris:2015-03140_VR,swecris,2016,SE,Swedish Research Council,6000000.0,SEK,533936.09,Non-coding RNA-based therapeutics and biomarkers for treatment and detection of vascular diseases,age_related_disease,age_related_disease,0.95,"development of novel diagnostic and therapeutic strategies to limit the burden of cardiovascular disease in general, and abdominal aortic aneurysms as well as carotid stenosis and subsequent stroke in particular",https://www.vr.se/english/swecris.html?searchText=2015-03140_VR
swecris:2015-02656_VR,swecris,2016,SE,Swedish Research Council,2100000.0,SEK,186877.63,Mechanisms of synapse damage in Alzheimer disease,age_related_disease,age_related_disease,0.95,Mechanisms of synapse damage in Alzheimer disease,https://www.vr.se/english/swecris.html?searchText=2015-02656_VR
swecris:2015-02599_VR,swecris,2016,SE,Swedish Research Council,1000000.0,SEK,88989.35,Disease mechanisms in premature aging,age_related_disease,fundamental_aging,0.78,the underlying mechanism of stem cell depletion that we have previously reported on in HGPS,https://www.vr.se/english/swecris.html?searchText=2015-02599_VR
swecris:2015-02531_VR,swecris,2016,SE,Swedish Research Council,2100000.0,SEK,186877.63,The role of cerebral small vessel disease in cognitive aging,age_related_disease,age_related_disease,0.86,The role of cerebral small vessel disease in cognitive aging,https://www.vr.se/english/swecris.html?searchText=2015-02531_VR
swecris:2015-02386_VR,swecris,2016,SE,Swedish Research Council,4000000.0,SEK,355957.39,Novel strategies for prevention and treatment of cardiovascular disease,age_related_disease,age_related_disease,0.95,Novel strategies for prevention and treatment of cardiovascular disease,https://www.vr.se/english/swecris.html?searchText=2015-02386_VR
swecris:2015-02302_VR,swecris,2016,SE,Swedish Research Council,2100000.0,SEK,186877.63,Dietary and lifestyle predictors of heart failure (HF) and abdominal aortic aneurysm (AAA),ambiguous,age_related_disease,0.93,Heart Failure (HF) and Abdominal Aortic Aneurysm (AAA) are both life-threatening diseases with increasing incidence and prevalence in aging populations.,https://www.vr.se/english/swecris.html?searchText=2015-02302_VR
swecris:2015-02199_VR,swecris,2016,SE,Swedish Research Council,5000000.0,SEK,444946.74,Individual time perspective: A new window to study aspects of psychological distress in old age and pathways to successful aging,ambiguous,ambiguous,0.75,psychological distress in old age and pathways to successful aging,https://www.vr.se/english/swecris.html?searchText=2015-02199_VR
swecris:2015-01717_VR,swecris,2016,SE,Swedish Research Council,5500000.0,SEK,489441.41,Temporal Dynamics of Adult Brain Plasticity: Effects of motor learning on brain anatomy and cognitive functions in adulthood,ambiguous,ambiguous,0.72,"plasticity, the capacity of the brain for anatomical change in response to experience, even though reduced after normal childhood development, yet endures in the adult age",https://www.vr.se/english/swecris.html?searchText=2015-01717_VR
swecris:2015-01352_Forte,swecris,2015,SE,Forte,446000.0,SEK,39689.25,LEI FENG: Understanding the differences in aging and health between North Europe and Asia,age_related_disease,age_related_disease,0.72,determinants of cognitive aging and dementia across Asian and Nordic populations,https://www.vr.se/english/swecris.html?searchText=2015-01352_Forte
swecris:2015-00387_VR,swecris,2016,SE,Swedish Research Council,5670318.0,SEK,504597.9,Cell aging in Major Depression,fundamental_aging,fundamental_aging,0.78,This study will test a novel hypothesis of accelerated biological aging in MDD by measuring leukocyte telomere length and other aging biomarkers,https://www.vr.se/english/swecris.html?searchText=2015-00387_VR
swecris:2015-00385_VR,swecris,2015,SE,Swedish Research Council,3150000.0,SEK,280316.45,Oxidative and nitrosative modifications in inflammation induced muscle weakness,age_related_disease,age_related_disease,0.67,"Muscle weakness often runs parallel with inflammatory processes in common diseases, such as rheumatoid arthritis and chronic heart failure as well as in normal aging.",https://www.vr.se/english/swecris.html?searchText=2015-00385_VR
swecris:2015-00223_Forte,swecris,2016,SE,Forte,2230000.0,SEK,198446.25,Older persons with severe mental illness – a twice marginalised group and a challenge for future welfare organisations,age_related_disease,care,0.93,"needs of health and social care over two decades, and how the context of care, support and service has changed",https://www.vr.se/english/swecris.html?searchText=2015-00223_Forte
swecris:2015-00166_Formas,swecris,2015,SE,Formas,2892000.0,SEK,257357.19,dMFA - ANALYTICAL TOOL FOR SUPPORTING FACTOR 10 AT URBAN DISTRICT LEVEL,ambiguous,ambiguous,0.8,due to cities densification and aging built environment,https://www.vr.se/english/swecris.html?searchText=2015-00166_Formas
swecris:2014-06763_VR,swecris,2015,SE,Swedish Research Council,3150000.0,SEK,280316.45,Into the Digital Age: older non-users? understandings and experiences of digital technologies and how they relate to understandings of aging and old age.,ambiguous,ambiguous,0.8,This project is about older people?s (dis)engagement with digital technologies and the potential implications it might have on their understandings of aging and old age.,https://www.vr.se/english/swecris.html?searchText=2014-06763_VR
swecris:2014-06394_VR,swecris,2015,SE,Swedish Research Council,989000.0,SEK,88010.47,The Swedish Mammography Cohort (SMC),age_related_disease,age_related_disease,0.7,"occurrence of non-communicable diseases such as various cancers, cardiovascular diseases, osteoporosis, diabetes",https://www.vr.se/english/swecris.html?searchText=2014-06394_VR
swecris:2014-06381_VR,swecris,2015,SE,Swedish Research Council,834000.0,SEK,74217.12,Infrastructure for research on aging and age-related diseases: The Betula database,fundamental_aging,fundamental_aging,0.75,"extend the existing database to facilitate research on biological data of relevance for health, aging and cognition",https://www.vr.se/english/swecris.html?searchText=2014-06381_VR
swecris:2014-06370_VR,swecris,2015,SE,Swedish Research Council,1786000.0,SEK,158934.98,The Swedish National study on Aging and Care in Kungsholmen (SNAC-K): Completing follow-up data collection,ambiguous,ambiguous,0.6,better understanding the aging process and identifying preventive strategies for improving health and care of older adults,https://www.vr.se/english/swecris.html?searchText=2014-06370_VR
swecris:2014-05503_VR,swecris,2015,SE,Swedish Research Council,4772000.0,SEK,424657.17,Single cell approaches to study the interplay between genome organisation and gene expression,age_related_disease,ambiguous,0.7,seeking to understand how these processes are altered in cancer cells and aging,https://www.vr.se/english/swecris.html?searchText=2014-05503_VR
swecris:2014-03830_VR,swecris,2015,SE,Swedish Research Council,4192000.0,SEK,373043.35,Cellular aging and rejuvenation by spatial quality control,fundamental_aging,fundamental_aging,0.95,the emergence of protein aggregates is not only a corollary but also a cause of cellular aging,https://www.vr.se/english/swecris.html?searchText=2014-03830_VR
swecris:2014-03802_VR,swecris,2015,SE,Swedish Research Council,2100000.0,SEK,186877.63,Removing the breaks on brain plasticity after stroke - promoting recovery by multi sensory stimulation,age_related_disease,age_related_disease,0.9,To identify mechanisms that promote brain plasticity and enhance recovery after stroke,https://www.vr.se/english/swecris.html?searchText=2014-03802_VR
swecris:2014-03541_VR,swecris,2015,SE,Swedish Research Council,6000000.0,SEK,533936.09,"Towards an understanding of aging and neurodegenerative disease using novel stem cell, reprogramming and genome editing technologies",ambiguous,fundamental_aging,0.78,genomic instability caused by retroelements is the underlying cause of age related neuronal dysfunction,https://www.vr.se/english/swecris.html?searchText=2014-03541_VR
swecris:2014-03381_VR,swecris,2015,SE,Swedish Research Council,4800000.0,SEK,427148.87,"New understanding of motor control and falls by novel postural sway analysis, robotics and mathematical modelling",ambiguous,age_related_disease,0.75,Falls and fear of falling pose major threats to health and independence among elderly people.,https://www.vr.se/english/swecris.html?searchText=2014-03381_VR
swecris:2014-02975_VR,swecris,2015,SE,Swedish Research Council,6000000.0,SEK,533936.09,CAAX protein methylation in human disease: from progeria to cancer,age_related_disease,fundamental_aging,0.83,delayed senescence of human HGPS fibroblasts,https://www.vr.se/english/swecris.html?searchText=2014-02975_VR
swecris:2014-02262_VR,swecris,2015,SE,Swedish Research Council,4000000.0,SEK,355957.39,dNTPs and maintenance of genome stability,age_related_disease,fundamental_aging,0.72,"The goal of this project is to investigate how changes in the balance of dNTPs - the building blocks of DNA - affect DNA replication fidelity, genome stability, aging, and the development of cancer.",https://www.vr.se/english/swecris.html?searchText=2014-02262_VR
swecris:2014-02196_VR,swecris,2015,SE,Swedish Research Council,4652000.0,SEK,413978.45,"Thinking, moving, and falling: Early detection of fall-prone phenotypes as targets for primary interventions - a translational study",ambiguous,age_related_disease,0.72,Early detection of fall-prone phenotypes as targets for primary interventions,https://www.vr.se/english/swecris.html?searchText=2014-02196_VR
swecris:2014-00940_VR,swecris,2015,SE,Swedish Research Council,3000000.0,SEK,266968.04,"Impact of elevated brain iron concentration on neural function, motor and cognitive performance in aging",age_related_disease,fundamental_aging,0.82,"The objective of the IRON project is to study the impact of brain iron levels on neural function, motor and cognitive performance in aging.",https://www.vr.se/english/swecris.html?searchText=2014-00940_VR
swecris:2014-00389_Forte,swecris,2015,SE,Forte,1600000.0,SEK,142382.96,Postdoc grant: Examining the factors that contribute to human longevity using a life-course perspective.,age_related_disease,fundamental_aging,0.7,Examining the factors that contribute to human longevity using a life-course perspective.,https://www.vr.se/english/swecris.html?searchText=2014-00389_Forte
swecris:2014-00231_Forte,swecris,2015,SE,Forte,1530000.0,SEK,136153.7,The aging population: Does the increasing length of life result in more or less ill health?,ambiguous,ambiguous,0.75,The aging population: Does the increasing length of life result in more or less ill health?,https://www.vr.se/english/swecris.html?searchText=2014-00231_Forte
swecris:20241211_HLF,swecris,2025,SE,Swedish Heart-Lung Foundation,1200000.0,SEK,106787.22,"Slutförande av flerårigt forskningsprojekt Inflammation, repair and regeneration in patients with chronic obstructive pulmonary disease",fundamental_aging,age_related_disease,0.9,"Inflammation, repair and regeneration in patients with chronic obstructive pulmonary disease",https://www.vr.se/english/swecris.html?searchText=20241211_HLF
swecris:2023-02532_VR,swecris,2024,SE,Swedish Research Council,4800000.0,SEK,427148.87,Targeting resistance to first-line cancer therapies,fundamental_aging,age_related_disease,0.93,Targeting resistance to first-line cancer therapies,https://www.vr.se/english/swecris.html?searchText=2023-02532_VR
swecris:2023-02156_VR,swecris,2024,SE,Swedish Research Council,4800000.0,SEK,427148.87,Senescence-targeted immunotherapy for cancer prevention and treatment,fundamental_aging,age_related_disease,0.92,Senescence-targeted immunotherapy for cancer prevention and treatment,https://www.vr.se/english/swecris.html?searchText=2023-02156_VR
swecris:20220355_HLF,swecris,2023,SE,Swedish Heart-Lung Foundation,800000.0,SEK,71191.48,"Metabolic cell senescence promotes insulin resistance, NAFLD/NASH and CVD",fundamental_aging,fundamental_aging,0.78,Vi har påvisat en ny mekanism i cellerna för tidigt åldrande,https://www.vr.se/english/swecris.html?searchText=20220355_HLF
swecris:2022-01539_VR,swecris,2023,SE,Swedish Research Council,6000000.0,SEK,533936.09,Novel strategies to overcome resistance to p53 reactivation in brain tumors,fundamental_aging,age_related_disease,0.95,Novel strategies to overcome resistance to p53 reactivation in brain tumors,https://www.vr.se/english/swecris.html?searchText=2022-01539_VR
swecris:2021-05062_VR,swecris,2022,SE,Swedish Research Council,4070000.0,SEK,362186.65,How do trees survive the winter?,fundamental_aging,ambiguous,0.7,A main challenge for deciduous trees is to correctly time the onset of leaf senescence,https://www.vr.se/english/swecris.html?searchText=2021-05062_VR
swecris:2021-01474_Formas,swecris,2022,SE,Formas,3000000.0,SEK,266968.04,HOW DO TREES KNOW IT IS AUTUMN?,fundamental_aging,ambiguous,0.72,"understanding more about the molecular details behind regulation of phenology, in particular autumn senescence",https://www.vr.se/english/swecris.html?searchText=2021-01474_Formas
swecris:2021-00960_VR,swecris,2022,SE,Swedish Research Council,3900000.0,SEK,347058.46,Bakteriell genotoxininducerad cellulär åldrande: en trojanhäst i infektionsbiologi?,fundamental_aging,fundamental_aging,0.9,"promoting senescence, a state associated with secretion of inflammatory mediators",https://www.vr.se/english/swecris.html?searchText=2021-00960_VR
swecris:2020-02132_VR,swecris,2021,SE,Swedish Research Council,2400000.0,SEK,213574.44,Human ovarian cell map from womb to menopause for data-driven development of folliculogenesis in vitro,fundamental_aging,ambiguous,0.65,The results could lead to a paradigm shift in assisted reproduction in addition to informing about mechanisms of ovarian senescence,https://www.vr.se/english/swecris.html?searchText=2020-02132_VR
swecris:2019-06333_VR,swecris,2020,SE,Swedish Research Council,1750000.0,SEK,155731.36,Unravel plaque formation mechanisms in Alzheimer’s disease by microglial and spectroscopic analysis,fundamental_aging,age_related_disease,0.94,Unravel plaque formation mechanisms in Alzheimer’s disease by microglial and spectroscopic analysis,https://www.vr.se/english/swecris.html?searchText=2019-06333_VR
swecris:2018-05977_VR,swecris,2018,SE,Swedish Research Council,55380.0,SEK,4928.23,Consequences of altered autumn phenology for insects on oak,fundamental_aging,ambiguous,0.88,leaf senescence in the field,https://www.vr.se/english/swecris.html?searchText=2018-05977_VR
swecris:2018-02587_VR,swecris,2019,SE,Swedish Research Council,7200000.0,SEK,640723.31,Impaired adipogenesis and its co-morbidities - role of endothelial cells and cell senescence,fundamental_aging,fundamental_aging,0.75,"focus on epi-/genetic regulation and consequences of the senescent cells, their secretion of senolytic agents and relation to clinical phenotype",https://www.vr.se/english/swecris.html?searchText=2018-02587_VR
swecris:2017-03877_VR,swecris,2018,SE,Swedish Research Council,3000000.0,SEK,266968.04,Life’s important sugar molecules: Biosynthesis and membrane translocation of glycoconjugates and polysaccharides,fundamental_aging,ambiguous,0.85,"participates in a range of critical processes during embryonic development, organogenesis, inflammation, tumor progression and cellular senescence",https://www.vr.se/english/swecris.html?searchText=2017-03877_VR
swecris:2017-01564_VR,swecris,2018,SE,Swedish Research Council,2400000.0,SEK,213574.44,Harnessing the BMP-SOX2 pathway to treat glioblastoma,fundamental_aging,age_related_disease,0.95,Harnessing the BMP-SOX2 pathway to treat glioblastoma,https://www.vr.se/english/swecris.html?searchText=2017-01564_VR
swecris:2017-01138_VR,swecris,2018,SE,Swedish Research Council,4800000.0,SEK,427148.87,Mechanisms of wound-healing and scar-formation in the human cornea,fundamental_aging,ambiguous,0.78,The purpose of this project is to unravel such pathophysiological mechanisms.,https://www.vr.se/english/swecris.html?searchText=2017-01138_VR
swecris:2016-02380_VR,swecris,2017,SE,Swedish Research Council,6000000.0,SEK,533936.09,"Role of Cell-ECM interactions, tensile forces and Pak4 in cancer progression",fundamental_aging,age_related_disease,0.82,This proposal focuses on two key aspects of cancer progression; cancer cell migration and cellular senescence.,https://www.vr.se/english/swecris.html?searchText=2016-02380_VR
swecris:2015-02896_VR,swecris,2016,SE,Swedish Research Council,2100000.0,SEK,186877.63,Bacterial genotoxins: an interface between infection and cancer biology,fundamental_aging,age_related_disease,0.86,an interface between infection and cancer biology,https://www.vr.se/english/swecris.html?searchText=2015-02896_VR
swecris:2015-02228_VR,swecris,2016,SE,Swedish Research Council,11100000.0,SEK,987781.76,Predictors and early biomarkers of rheumatic diseases,age_related_disease,age_related_disease,0.75,"To study risk factors for rheumatoid arthritis (RA), giant cell arteritis (GCA) and other rheumatic disorders",https://www.vr.se/english/swecris.html?searchText=2015-02228_VR
swecris:2014-04688_VR,swecris,2015,SE,Swedish Research Council,2600000.0,SEK,231372.3,Live or let Die: Identification of Novel Molecular Switches Controlling the Different Responses to Darkness in Plants,fundamental_aging,ambiguous,0.8,controlling the induction of senescence rather than shade avoidance,https://www.vr.se/english/swecris.html?searchText=2014-04688_VR
swecris:2014-02362_VR,swecris,2015,SE,Swedish Research Council,6000000.0,SEK,533936.09,Role of translation regulation in alternative splicing and hematopoietic stem cell transformation.,fundamental_aging,age_related_disease,0.88,hematopoietic stem cell transformation,https://www.vr.se/english/swecris.html?searchText=2014-02362_VR
swecris:P21-0467_RJ,swecris,2022,SE,Riksbankens Jubileumsfond,2517000.0,SEK,223986.19,Scarred for Life? A Longitudinal Perspective on Unemployment and Social Trust,ambiguous,ambiguous,0.95,Scarred for Life? A Longitudinal Perspective on Unemployment and Social Trust,https://www.vr.se/english/swecris.html?searchText=P21-0467_RJ
swecris:P2025-04445_Energi,swecris,2025,SE,Swedish Energy Agency ,864998.0,SEK,76975.61,PARTMODPACK: Effects of particles in battery production of modules and packs assembly,ambiguous,ambiguous,0.9,The project addresses technical cleanliness in battery modules and -packs manufacturing and assembly.,https://www.vr.se/english/swecris.html?searchText=P2025-04445_Energi
swecris:P2025-03519_Energi,swecris,2025,SE,Swedish Energy Agency ,4654772.0,SEK,414225.13,"Recycled Graphite Composites for Enhanced Cooling, Efficiency, and Longevity in Power Electronics",ambiguous,ambiguous,0.85,"Recycled Graphite Composites for Enhanced Cooling, Efficiency, and Longevity in Power Electronics",https://www.vr.se/english/swecris.html?searchText=P2025-03519_Energi
swecris:P2024-00995_Energi,swecris,2024,SE,Swedish Energy Agency ,3700000.0,SEK,329260.59,Long lifetime drive inverter for heavy-duty electric vehicles (LongDrive),ambiguous,ambiguous,0.85,The project aims to develop technologies for long lifetime drive inverter with high power density for electrified heavy duty vehicles.,https://www.vr.se/english/swecris.html?searchText=P2024-00995_Energi
swecris:P2023-00158_Energi,swecris,2023,SE,Swedish Energy Agency ,208612.0,SEK,18564.25,Verification of compressor facility for biogas,ambiguous,ambiguous,0.9,Verification of compressor facility for biogas,https://www.vr.se/english/swecris.html?searchText=P2023-00158_Energi
swecris:P2022-00079_Energi,swecris,2022,SE,Swedish Energy Agency ,2986185.0,SEK,265738.66,Increased spill capacity for safe operation of dams,ambiguous,ambiguous,0.95,Dam safety is a very important concept within Hydropower operations.,https://www.vr.se/english/swecris.html?searchText=P2022-00079_Energi
swecris:P2021-90247_Energi,swecris,2021,SE,Swedish Energy Agency ,2898000.0,SEK,257891.13,"Materials development for robust, low cost tandem solar cells",ambiguous,ambiguous,0.95,increase solar cell power output and longevity,https://www.vr.se/english/swecris.html?searchText=P2021-90247_Energi
swecris:P2021-90234_Energi,swecris,2021,SE,Swedish Energy Agency ,70560.0,SEK,6279.09,Reuse of batteries for circular use in energy storages,ambiguous,ambiguous,0.9,This provides longevity of the system,https://www.vr.se/english/swecris.html?searchText=P2021-90234_Energi
swecris:P2021-90028_Energi,swecris,2021,SE,Swedish Energy Agency ,1490000.0,SEK,132594.13,Circular Product Lifecycle Manager C-PLM,ambiguous,ambiguous,0.85,increasing the lifespan of our garments is crucial,https://www.vr.se/english/swecris.html?searchText=P2021-90028_Energi
swecris:2024-01718_Forte,swecris,2024,SE,Forte,1958000.0,SEK,174241.14,"Ensuring longevity and accessibility of data and biological samples from over 24,000 participants at the Centre for Eating Disorders Innovation (CEDI)",age_related_disease,ambiguous,0.9,"Ensuring longevity and accessibility of data and biological samples from over 24,000 participants",https://www.vr.se/english/swecris.html?searchText=2024-01718_Forte
swecris:2024-01444_Forte,swecris,2025,SE,Forte,3708000.0,SEK,329972.5,"Personalised diet for healthier longevity: the role of dietary changes, sensitive windows of exposure, and psychosocial background",ambiguous,intervention,0.72,"Personalised diet for healthier longevity: the role of dietary changes, sensitive windows of exposure, and psychosocial background",https://www.vr.se/english/swecris.html?searchText=2024-01444_Forte
swecris:2024-00794_Vinnova,swecris,2024,SE,Vinnova,3000000.0,SEK,266968.04,JODIMACO-EVOLVE - Evolution for Electric Vehicle Advancement,ambiguous,ambiguous,0.15,"The joining solutions will fulfil requirements for production robustness, performance and longevity as set by the automotive industry.",https://www.vr.se/english/swecris.html?searchText=2024-00794_Vinnova
swecris:2024-00658_Vinnova,swecris,2024,SE,Vinnova,4028600.0,SEK,358502.49,Enhancing AI Security with Federated Learning and Advanced Honeypots,ambiguous,ambiguous,0.7,assessing the effectiveness and longevity of Honeypots´ deception capabilities within decentralized learning networks,https://www.vr.se/english/swecris.html?searchText=2024-00658_Vinnova
swecris:2024-00448_VR,swecris,2024,SE,Swedish Research Council,3900000.0,SEK,347058.46,Mechanisms governing plasma cell selection and longevity,ambiguous,ambiguous,0.85,"Their life span varies from months to decades, but the mechanisms regulating their longevity are not well understood.",https://www.vr.se/english/swecris.html?searchText=2024-00448_VR
swecris:2024-00388_Vinnova,swecris,2024,SE,Vinnova,3499400.0,SEK,311409.32,Insitu structural health monitoring of composite structures by integrated nanomaterial sensors,ambiguous,ambiguous,0.85,This project aims at developing a novel self-sensing Fiber Reinforced Polymer (FRP) vessel for high-pressure fuel storage.,https://www.vr.se/english/swecris.html?searchText=2024-00388_Vinnova
swecris:20230630_HLF,swecris,2024,SE,Swedish Heart-Lung Foundation,375000.0,SEK,33371.01,The burden of cardiovascular disease in gout: from clinical associations to the role of gout treatment in primary and secondary prevention.,age_related_disease,age_related_disease,0.93,The burden of cardiovascular disease in gout: from clinical associations to the role of gout treatment in primary and secondary prevention.,https://www.vr.se/english/swecris.html?searchText=20230630_HLF
swecris:2023-05291_VR,swecris,2024,SE,Swedish Research Council,3860000.0,SEK,343498.88,Communication breakdown? – chemical dynamics in 2d materials’ interfaces for efficient and sustained neuromorphic function,ambiguous,ambiguous,0.88,"memristors made from transition metal sulfides viz. stability, information retainment, reproducibility, and longevity",https://www.vr.se/english/swecris.html?searchText=2023-05291_VR
swecris:2023-03400_VR,swecris,2024,SE,Swedish Research Council,3800000.0,SEK,338159.52,The impact of nutrition and metabolism on bird fitness across the urban/rural landscape,fundamental_aging,ambiguous,0.7,telomere length (as a proxy for longevity) and DNA-methylation,https://www.vr.se/english/swecris.html?searchText=2023-03400_VR
swecris:2023-01396_Formas,swecris,2024,SE,Formas,4000000.0,SEK,355957.39,Ovary development in chickens: Molecular and cellular regulation,ambiguous,ambiguous,0.7,increase laying longevity,https://www.vr.se/english/swecris.html?searchText=2023-01396_Formas
swecris:2023-00991_Forte,swecris,2024,SE,Forte,4912000.0,SEK,437115.68,The role of living conditions on health and longevity: A longitudinal analysis of children who grew up in Northern Sweden during the 1920s and 1930s,age_related_disease,ambiguous,0.65,The aim of the project is to study the importance of living conditions in childhood for well-being and longevity in adulthood.,https://www.vr.se/english/swecris.html?searchText=2023-00991_Forte
swecris:2023-00854_VR,swecris,2024,SE,Swedish Research Council,2983000.0,SEK,265455.23,"Generalised Trust, the Radius of Trust, and Self-Rated Health: An International Comparison",ambiguous,ambiguous,0.9,"Previous research shows that generalized trust, i.e. trust in ‘most other people’, is associated with better health and longevity.",https://www.vr.se/english/swecris.html?searchText=2023-00854_VR
swecris:2023-00756_Formas,swecris,2024,SE,Formas,4000000.0,SEK,355957.39,AutoMods: Improving plant fitness and health using chemical genetics,age_related_disease,ambiguous,0.7,"plays fundamental roles in stress responses, cell death regulation and longevity",https://www.vr.se/english/swecris.html?searchText=2023-00756_Formas
swecris:2023-00332_Vinnova,swecris,2023,SE,Vinnova,900000.0,SEK,80090.41,Infection-free transcutaneous energy link for artificial hearts,ambiguous,age_related_disease,0.86,artificial hearts ... heart failure patients,https://www.vr.se/english/swecris.html?searchText=2023-00332_Vinnova
swecris:2023-00235_Formas,swecris,2023,SE,Formas,500000.0,SEK,44494.67,Lamination of fiberoptical sensors into smart windows for tinting control,ambiguous,ambiguous,0.85,Lamination of fiberoptical sensors into smart windows for tinting control,https://www.vr.se/english/swecris.html?searchText=2023-00235_Formas
swecris:2022-04055_VR,swecris,2023,SE,Swedish Research Council,798000.0,SEK,71013.5,Sweden-Melanesia research venture network: longevity of immunological memory in people on islands with different histories of malaria elimination in Vanuatu,ambiguous,ambiguous,0.95,longevity of immunological memory in people on islands with different histories of malaria elimination in Vanuatu,https://www.vr.se/english/swecris.html?searchText=2022-04055_VR
swecris:2021-04665_VR,swecris,2021,SE,Swedish Research Council,15000000.0,SEK,1334840.22,"COVID-19 Vaccine Effectiveness, Responses and Safety (COVERS) Sweden: Clinical and epidemiological studies with special focus on vulnerable groups",ambiguous,ambiguous,0.75,"COVID-19 Vaccine Effectiveness, Responses and Safety (COVERS) Sweden: Clinical and epidemiological studies with special focus on vulnerable groups",https://www.vr.se/english/swecris.html?searchText=2021-04665_VR
swecris:2021-01427_Forte,swecris,2021,SE,Forte,23900000.0,SEK,2126845.42,UserInvolve : Developing sustainable user involvement practices in community mental health,ambiguous,ambiguous,0.8,User involvement is key in developing recovery-oriented community mental health services,https://www.vr.se/english/swecris.html?searchText=2021-01427_Forte
swecris:2020-06229_VR,swecris,2020,SE,Swedish Research Council,6000000.0,SEK,533936.09,Decoding heterogeneity and durable immunity of lung resident memory T cells in health and acute respiratory infection,ambiguous,ambiguous,0.9,Decoding heterogeneity and durable immunity of lung resident memory T cells in health and acute respiratory infection,https://www.vr.se/english/swecris.html?searchText=2020-06229_VR
swecris:2020-02534_Formas,swecris,2020,SE,Formas,1999085.0,SEK,177897.27,Time to manage on your own – timing of separation in a cow-calf-contact system,ambiguous,ambiguous,0.75,indicators for longevity and risk of lameness,https://www.vr.se/english/swecris.html?searchText=2020-02534_Formas
swecris:2020-02529_Formas,swecris,2020,SE,Formas,1999520.0,SEK,177935.98,"Improved welfare in Swedish pig production through benchmarking – development of a tool for advisers, certification and improved competitiveness.",ambiguous,ambiguous,0.2,Improved welfare in Swedish pig production through benchmarking,https://www.vr.se/english/swecris.html?searchText=2020-02529_Formas
swecris:2020-02507_Formas,swecris,2020,SE,Formas,1989336.0,SEK,177029.71,Are old cows healthy and profitable? –  Using cow longevity to enhance welfare and farm profit,ambiguous,ambiguous,0.95,Using cow longevity to enhance welfare and farm profit,https://www.vr.se/english/swecris.html?searchText=2020-02507_Formas
swecris:2020-01860_VR,swecris,2021,SE,Swedish Research Council,2400000.0,SEK,213574.44,"The interplay between lipid handling, inflammation and autophagy: Implications for cardiovascular disease and longevity",age_related_disease,age_related_disease,0.82,pathogenesis of cardiovascular complications in type 2 diabetes,https://www.vr.se/english/swecris.html?searchText=2020-01860_VR
swecris:2020-01146_Formas,swecris,2021,SE,Formas,2994723.0,SEK,266498.45,"Deciphering the complex interplay between body condition, weight, life style factors and severity of joint disease over time in dogs",age_related_disease,age_related_disease,0.8,"Hip (HD) and elbow (ED) dysplasia are complex developmental joint diseases, which can progress into osteoarthritis, a painful chronic condition.",https://www.vr.se/english/swecris.html?searchText=2020-01146_Formas
swecris:2020-00127_VR,swecris,2020,SE,Swedish Research Council,75000.0,SEK,6674.2,Investigation into the longevity of the South Atlantic Anomaly and potential underlying core processes,ambiguous,ambiguous,0.9,investigate the evolution and longevity of an area of weak geomagnetic field intensity in the South Atlantic,https://www.vr.se/english/swecris.html?searchText=2020-00127_VR
swecris:2019-04938_Vinnova,swecris,2019,SE,Vinnova,497189.0,SEK,44244.52,BEST-BEFORE: Optimizing clothing service life through predictive analytics for sustainable longevity,ambiguous,ambiguous,0.9,Optimizing clothing service life through predictive analytics for sustainable longevity,https://www.vr.se/english/swecris.html?searchText=2019-04938_Vinnova
swecris:2019-04739_VR,swecris,2020,SE,Swedish Research Council,4119000.0,SEK,366547.12,New methods to infer population dynamics from the fossil record,ambiguous,ambiguous,0.75,infer the evolution of population size throughout the lifespan of species based on their fossil record,https://www.vr.se/english/swecris.html?searchText=2019-04739_VR
swecris:2019-02620_VR,swecris,2020,SE,Swedish Research Council,4498781.0,SEK,400343.59,How to deal with environmental change – the impact of three major environmental events on prehistoric coastal societies and their main prey species,ambiguous,ambiguous,0.95,How did prehistoric societies deal – culturally and economically – with environmental change?,https://www.vr.se/english/swecris.html?searchText=2019-02620_VR
swecris:2019-02296_VR,swecris,2019,SE,Swedish Research Council,6293350.0,SEK,560041.11,CRYING PINE TREE: The Writing of an Autoimmune Novel,ambiguous,ambiguous,0.9,The research asks how the figure of the autoimmune can structure the unfolding narrative.,https://www.vr.se/english/swecris.html?searchText=2019-02296_VR
swecris:2019-02131_Formas,swecris,2019,SE,Formas,5999099.0,SEK,533855.91,"The individual matters: linking personality in dairy cattle to health, performance and welfare",ambiguous,ambiguous,0.9,The aim of this project is to promote improved welfare and health in dairy cattle by expanding our understanding of cows’ personality.,https://www.vr.se/english/swecris.html?searchText=2019-02131_Formas
swecris:2019-01330_Formas,swecris,2020,SE,Formas,2991969.0,SEK,266253.37,"Long-term hepatotoxicity and bioaccumulation testing of chemicals and manufactured nanomaterials using three-dimensional, organotypic in vitro models from fish cells (Sph3roiD).",ambiguous,ambiguous,0.95,"Long-term hepatotoxicity and bioaccumulation testing of chemicals and manufactured nanomaterials using three-dimensional, organotypic in vitro models from fish cells",https://www.vr.se/english/swecris.html?searchText=2019-01330_Formas
swecris:2019-00809_Formas,swecris,2020,SE,Formas,2988552.0,SEK,265949.29,Immune prophylaxis for improved health and animal welfare,ambiguous,ambiguous,0.95,Our aim is to explore the effects of a saponin-based adjuvant G3 on “Trained Immunity” in the pig.,https://www.vr.se/english/swecris.html?searchText=2019-00809_Formas
swecris:2018-05754_VR,swecris,2019,SE,Swedish Research Council,5580053.0,SEK,496565.28,"Identifying, exploring, and preserving diversity of beneficial arthropods for sustainable tomato production",ambiguous,ambiguous,0.9,"Biological diversity is a source for pest management options, offering e.g. natural enemies.",https://www.vr.se/english/swecris.html?searchText=2018-05754_VR
swecris:2018-04468_VR,swecris,2019,SE,Swedish Research Council,3900000.0,SEK,347058.46,Immunity to malaria: importance of parasite diversity and host memory,ambiguous,ambiguous,0.95,Immunity to malaria: importance of parasite diversity and host memory,https://www.vr.se/english/swecris.html?searchText=2018-04468_VR
swecris:2018-02815_Formas,swecris,2019,SE,Formas,2999000.0,SEK,266879.05,Extreme weather – impacts on health and productivity of dairy cows,ambiguous,ambiguous,0.8,Extreme weather – impacts on health and productivity of dairy cows,https://www.vr.se/english/swecris.html?searchText=2018-02815_Formas
swecris:2018-02688_VR,swecris,2019,SE,Swedish Research Council,2400000.0,SEK,213574.44,Understanding acquisition and maintenance of immunity to malaria,ambiguous,ambiguous,0.2,Understanding acquisition and maintenance of immunity to malaria,https://www.vr.se/english/swecris.html?searchText=2018-02688_VR
swecris:2018-02284_Formas,swecris,2018,SE,Formas,10966125.0,SEK,975868.31,"Smart, benign and synergistic antifouling cocktails for achieving a non-toxic environment: formulation and ecotoxicological evaluation",ambiguous,ambiguous,0.9,"Smart, benign and synergistic antifouling cocktails for achieving a non-toxic environment: formulation and ecotoxicological evaluation",https://www.vr.se/english/swecris.html?searchText=2018-02284_Formas
swecris:2018-01542_Formas,swecris,2019,SE,Formas,2991720.0,SEK,266231.21,Microbial ecology as a key for increased service life of wood constructions,ambiguous,ambiguous,0.95,Microbial ecology as a key for increased service life of wood constructions,https://www.vr.se/english/swecris.html?searchText=2018-01542_Formas
swecris:2018-00605_Formas,swecris,2019,SE,Formas,4365980.0,SEK,388525.71,Long-term effects of catch & release – a key to achieve sustainable recreational fisheries,ambiguous,ambiguous,0.75,"investigate effects of CAR on reproductive success, longevity, cognitive ability and migratory behaviour",https://www.vr.se/english/swecris.html?searchText=2018-00605_Formas
swecris:2018-00384_Forte,swecris,2019,SE,Forte,2730000.0,SEK,242940.92,"Sitting and cardiorespiratory fitness in the Swedish working population – secular trends and association with health, cardiovascular disease and longevity over 30 years.",age_related_disease,age_related_disease,0.7,"association with health, cardiovascular disease and longevity over 30 years",https://www.vr.se/english/swecris.html?searchText=2018-00384_Forte
swecris:2017-02001_VR,swecris,2018,SE,Swedish Research Council,2400000.0,SEK,213574.44,CHEMOTHERAPY INDUCED DISRUPTION OF B CELL MEMORY IN THE BONE MARROW STROMAL NICHE AND SECONDARY LYMPHOID ORGANS; IMPLICATIONS FOR VACCINE RESPONSES,age_related_disease,ambiguous,0.75,Assess the cellular and molecular mechanisms causing loss of vaccine-induced antibodies during chemotherapy,https://www.vr.se/english/swecris.html?searchText=2017-02001_VR
swecris:2017-01864_Forte,swecris,2017,SE,Forte,3780000.0,SEK,336379.74,Stronger together? A micro-history of collective action and working life in turn of the last century Sweden,ambiguous,ambiguous,0.9,collective action and risk mitigation strategies in the Swedish labor market 1880-1930,https://www.vr.se/english/swecris.html?searchText=2017-01864_Forte
swecris:2017-00804_Vinnova,swecris,2017,SE,Vinnova,300000.0,SEK,26696.8,Tests and validation of the cat collars to ensure product-market fit,ambiguous,ambiguous,0.95,Tests and validation of the cat collars to ensure product-market fit,https://www.vr.se/english/swecris.html?searchText=2017-00804_Vinnova
swecris:2017-00151_Formas,swecris,2017,SE,Formas,2924884.0,SEK,260283.52,"Develop economic sound free walk farming systems elevating animal welfare, health and manure quality, while being appreciated by society",ambiguous,ambiguous,0.72,It has the potential to elevate the welfare and longevity of animals and improve soil quality.,https://www.vr.se/english/swecris.html?searchText=2017-00151_Formas
swecris:2016-05078_Vinnova,swecris,2017,SE,Vinnova,30000.0,SEK,2669.68,"City Facade -Swift, Neat, Smart",ambiguous,ambiguous,0.95,"The goal is a faÃ§ade system with good aesthetics and longevity, 20-year maintenance interval is one milestone.",https://www.vr.se/english/swecris.html?searchText=2016-05078_Vinnova
swecris:2016-01790_Formas,swecris,2016,SE,Formas,3980001.0,SEK,354177.69,Good leg health in sows - better phenotypes for genetic and genomic selection,ambiguous,ambiguous,0.85,The long term goal of this study is to improve sow and piglet welfare by genetic selection for improved leg quality in sows.,https://www.vr.se/english/swecris.html?searchText=2016-01790_Formas
swecris:2016-00676_Forte,swecris,2017,SE,Forte,3220000.0,SEK,286545.7,The Impact of Organizational and Social Work Environment on Care Quality in Dentistry,ambiguous,ambiguous,0.72,investigate the relationship between work environment and dental care quality at the clinic level,https://www.vr.se/english/swecris.html?searchText=2016-00676_Forte
swecris:2015-04835_VR,swecris,2016,SE,Swedish Research Council,3250000.0,SEK,289215.38,It´s all in the head: effects of sperm telomeres and free radicals on fertility and fitness,fundamental_aging,fundamental_aging,0.78,"roles of free radicals in eroding telomeres and dictating (1) success in sperm competition and cryptic female choice, (2) longevity and life time fitness in the wild",https://www.vr.se/english/swecris.html?searchText=2015-04835_VR
swecris:2015-04222_VR,swecris,2016,SE,Swedish Research Council,3200000.0,SEK,284765.91,Enzymes: from the test tube into the cell,ambiguous,ambiguous,0.8,Enzymes are key players in all cellular processes in every living organism.,https://www.vr.se/english/swecris.html?searchText=2015-04222_VR
swecris:2015-00961_VR,swecris,2016,SE,Swedish Research Council,6000000.0,SEK,533936.09,Socioeconomic dimensions of diet and health during the 20th century:  A longitudinal study,ambiguous,ambiguous,0.72,The overarching research problem is socioeconomic variations in diet and health.,https://www.vr.se/english/swecris.html?searchText=2015-00961_VR
swecris:2014-01466_Forte,swecris,2015,SE,Forte,2580000.0,SEK,229592.52,The impact of the number of siblings on child health,ambiguous,ambiguous,0.72,The project will examine the impact of the number of siblings on child health.,https://www.vr.se/english/swecris.html?searchText=2014-01466_Forte
swecris:2014-01158_Formas,swecris,2015,SE,Formas,2808888.0,SEK,249961.11,Stability and Functionality of Grouted Silica Sols,ambiguous,ambiguous,0.95,Stability and Functionality of Grouted Silica Sols,https://www.vr.se/english/swecris.html?searchText=2014-01158_Formas
swecris:2019-01295_VR,swecris,2020,SE,Swedish Research Council,2400000.0,SEK,213574.44,The importance of skeletal loading in treatment of osteoporosis and reduction of cancer metastases,age_related_disease,age_related_disease,0.93,The importance of skeletal loading in treatment of osteoporosis and reduction of cancer metastases,https://www.vr.se/english/swecris.html?searchText=2019-01295_VR
swecris:P45446-1_Energi,swecris,2018,SE,Swedish Energy Agency ,149000.0,SEK,13259.41,SAM,ambiguous,ambiguous,0.95,decrease the heat losses in district heating networks by developing knowledge about how advanced remote sensors,https://www.vr.se/english/swecris.html?searchText=P45446-1_Energi
swecris:P45387-1_Energi,swecris,2018,SE,Swedish Energy Agency ,4794000.0,SEK,426614.93,Kompositmodell för prediktering av åldrande i litium-jonbatterier,ambiguous,ambiguous,0.85,Kompositmodell för prediktering av åldrande i litium-jonbatterier,https://www.vr.se/english/swecris.html?searchText=P45387-1_Energi
swecris:20250302_FKS,swecris,2025,SE,The Kamprad Family Foundation,3700000.0,SEK,329260.59,Förbättrad livskvalitet hos äldre från socioekonomiskt sårbara områden – en samskapad modell för främjande av fysisk aktivitet,ambiguous,ambiguous,0.65,främjande av fysisk aktivitet bland äldre boende i socioekonomiskt sårbara områden,https://www.vr.se/english/swecris.html?searchText=20250302_FKS
swecris:2025-01713_Formas,swecris,2025,SE,Formas,1000000.0,SEK,88989.35,UPPLEV – Experiential learning for sustainable water use,ambiguous,ambiguous,0.9,The UPPLEV project aims to strengthen young people’s capacity for sustainable water use,https://www.vr.se/english/swecris.html?searchText=2025-01713_Formas
swecris:2025-00330_KI,swecris,2025,SE,Karolinska Institutet,150000.0,SEK,13348.4,"[Ruth och Richard Julins stiftelse 2025] Sarcopenia in liver disease - the crosstalk between fatty liver, myosteatosis och adipose tissue",age_related_disease,age_related_disease,0.96,Sarkopeni har tidigare mest varit förknippat med åldrande men är vanligt vid många kroniska sjukdomar och särskilt vid kronisk leversjukdom.,https://www.vr.se/english/swecris.html?searchText=2025-00330_KI
swecris:20250028_FKS,swecris,2025,SE,The Kamprad Family Foundation,5800000.0,SEK,516138.22,Åldrandets fenomenologi: om förmågan att hantera oundvikliga livsförluster,ambiguous,ambiguous,0.78,Åldrandets fenomenologi: om förmågan att hantera oundvikliga livsförluster,https://www.vr.se/english/swecris.html?searchText=20250028_FKS
swecris:20243366_FKS,swecris,2025,SE,The Kamprad Family Foundation,4000000.0,SEK,355957.39,Hälsa och nära vård genom klimakteriet: perspektiv från utrikesfödda kvinnor och vårdgivare i Sverige,ambiguous,care,0.72,"Syftet är att utforska och beskriva erfarenheter av att genomgå klimakteriet hos kvinnor som migrerat till Sverige, och undersöka den vård som ges idag.",https://www.vr.se/english/swecris.html?searchText=20243366_FKS
swecris:20241233_HLF,swecris,2025,SE,Swedish Heart-Lung Foundation,500000.0,SEK,44494.67,"PET-diagnostik av ischemisk hjärtsjukdom, hjärtsvikt och primära kardiomyopatier",ambiguous,age_related_disease,0.96,"PET-diagnostik av ischemisk hjärtsjukdom, hjärtsvikt och primära kardiomyopatier",https://www.vr.se/english/swecris.html?searchText=20241233_HLF
swecris:20241066_HLF,swecris,2025,SE,Swedish Heart-Lung Foundation,3000000.0,SEK,266968.04,The role of mechanical forces in the formation of Abdominal Aortic Aneurysms (AAA) and ischemic disease.,age_related_disease,age_related_disease,0.93,The role of mechanical forces in the formation of Abdominal Aortic Aneurysms (AAA) and ischemic disease.,https://www.vr.se/english/swecris.html?searchText=20241066_HLF
swecris:20240667_HLF,swecris,2025,SE,Swedish Heart-Lung Foundation,1200000.0,SEK,106787.22,Mekanismer bakom ökningar av hjärtinfarktsmarkören troponin,ambiguous,age_related_disease,0.85,Mekanismer bakom ökningar av hjärtinfarktsmarkören troponin,https://www.vr.se/english/swecris.html?searchText=20240667_HLF
swecris:2024-04894_VR,swecris,2025,SE,Swedish Research Council,4480000.0,SEK,398672.28,Fungal adaptations to nitrogen shortage – from genes to ecosystems,ambiguous,ambiguous,0.9,Fungal adaptations to nitrogen shortage – from genes to ecosystems,https://www.vr.se/english/swecris.html?searchText=2024-04894_VR
swecris:2024-03265_VR,swecris,2025,SE,Swedish Research Council,10000000.0,SEK,889893.48,Novel therapeutics for bone growth disorders targeting the growth plate,ambiguous,ambiguous,0.85,Novel therapeutics for bone growth disorders targeting the growth plate,https://www.vr.se/english/swecris.html?searchText=2024-03265_VR
swecris:2024-03135_VR,swecris,2025,SE,Swedish Research Council,3000000.0,SEK,266968.04,Epidemiological and single-cell transcriptomic studies on the effects of vitamin A and inflammation on bone health,age_related_disease,age_related_disease,0.9,Epidemiological and single-cell transcriptomic studies on the effects of vitamin A and inflammation on bone health,https://www.vr.se/english/swecris.html?searchText=2024-03135_VR
swecris:2024-02250_Forte,swecris,2025,SE,Forte,441000.0,SEK,39244.3,The network for research on the governance and organization of the Swedish healthcare system,ambiguous,care,0.82,The governance and organization of the Swedish healthcare system remains consistently relevant.,https://www.vr.se/english/swecris.html?searchText=2024-02250_Forte
swecris:2024-02015_Forte,swecris,2025,SE,Forte,1115000.0,SEK,99223.12,Including LGBTQ+ perspectives in end-of-life care – Queering the death system,ambiguous,care,0.97,This project aims to create LGBTQ+ inclusive end-of-life (EoL) care,https://www.vr.se/english/swecris.html?searchText=2024-02015_Forte
swecris:2024-01177_VR,swecris,2025,SE,Swedish Research Council,6793000.0,SEK,604504.64,Explaining Legislative Success in Parliamentary Democracies,ambiguous,ambiguous,0.95,Explaining Legislative Success in Parliamentary Democracies,https://www.vr.se/english/swecris.html?searchText=2024-01177_VR
swecris:2024-00730_VR,swecris,2025,SE,Swedish Research Council,4500000.0,SEK,400452.07,"Geographies of subjective age: Constructions of age and identity in European, Swedish and rural contexts",ambiguous,ambiguous,0.75,constructions of subjective age (SA) and how it unfolds on different geographic contexts,https://www.vr.se/english/swecris.html?searchText=2024-00730_VR
swecris:20233181_FKS,swecris,2024,SE,The Kamprad Family Foundation,3800000.0,SEK,338159.52,Hälsosamt åldrande och kvarboende: Betydelsen av lokalsamhällets subjektiva och objektiva egenskaper,ambiguous,care,0.75,Hälsosamt åldrande och kvarboende: Betydelsen av lokalsamhällets subjektiva och objektiva egenskaper,https://www.vr.se/english/swecris.html?searchText=20233181_FKS
swecris:20233161_FKS,swecris,2024,SE,The Kamprad Family Foundation,4400000.0,SEK,391553.13,"Engagerande vardagsaktiviteter, livskvalitet och hälsosamt åldrande för hela befolkningen- Stroke prevention i primärvården",age_related_disease,age_related_disease,0.82,Stroke prevention i primärvården,https://www.vr.se/english/swecris.html?searchText=20233161_FKS
swecris:20233141_FKS,swecris,2024,SE,The Kamprad Family Foundation,4000000.0,SEK,355957.39,Mätning av äldres välbefinnande,ambiguous,care,0.92,Mätning av äldres välbefinnande,https://www.vr.se/english/swecris.html?searchText=20233141_FKS
swecris:20233102_FKS,swecris,2024,SE,The Kamprad Family Foundation,4000000.0,SEK,355957.39,Skapande av gångvänliga arktiska samhällen för en åldrande befolkning genom ett deltagarstyrt forskningsperspektiv,ambiguous,ambiguous,0.7,Skapande av gångvänliga arktiska samhällen för en åldrande befolkning genom ett deltagarstyrt forskningsperspektiv,https://www.vr.se/english/swecris.html?searchText=20233102_FKS
swecris:20233086_FKS,swecris,2024,SE,The Kamprad Family Foundation,4200000.0,SEK,373755.26,Identifiering av determinanter för life space-mobilitet hos äldre personer,ambiguous,care,0.75,utveckla en interprofessionell proaktiv och heltäckande modell i primärvården för att främja livsrumsmobilitet och engagemang i vardagliga aktiviteter under åldrandet,https://www.vr.se/english/swecris.html?searchText=20233086_FKS
swecris:20233062_FKS,swecris,2024,SE,The Kamprad Family Foundation,4900000.0,SEK,436047.81,Rum för åldrande – existentiella perspektiv för bättre boendemiljöer,ambiguous,care,0.85,studera olika boendesatsningar för äldre med avsikt att undersöka vad i äldres boendemiljöer som kan bidra till att skapa existentiellt hållbara livsomständigheter,https://www.vr.se/english/swecris.html?searchText=20233062_FKS
swecris:20230779_HLF,swecris,2024,SE,Swedish Heart-Lung Foundation,1800000.0,SEK,160180.83,Understanding of disease mechanisms caused by hematological Y loss and co-occurrence with clonal hematopoiesis,age_related_disease,age_related_disease,0.78,I projektet kommer vi att analysera hur LOY påverkar risker att drabbas av och dö av hjärtkärl- och lungsjukdom.,https://www.vr.se/english/swecris.html?searchText=20230779_HLF
swecris:2023-06421_VR,swecris,2024,SE,Swedish Research Council,1108000.0,SEK,98600.2,Telemonitoring-supported and specialized home carfe in advanced heart failure,care,care,0.85,specialized home care in advanced/end-stage heart failure (HF) providing telemonitoring,https://www.vr.se/english/swecris.html?searchText=2023-06421_VR
swecris:20230603_HLF,swecris,2024,SE,Swedish Heart-Lung Foundation,1500000.0,SEK,133484.02,Artärstelhet med fotopletysmografi för förbättrad riskstratifiering vid utredning av misstänkt kranskärlssjukdom  Heart Waves studien,ambiguous,age_related_disease,0.92,Artärstelhet med fotopletysmografi för förbättrad riskstratifiering vid utredning av misstänkt kranskärlssjukdom,https://www.vr.se/english/swecris.html?searchText=20230603_HLF
swecris:2023-05172_VR,swecris,2024,SE,Swedish Research Council,4000000.0,SEK,355957.39,Reaction mechanism of scavenger polymers inside batteries,ambiguous,ambiguous,0.95,Reaction mechanism of scavenger polymers inside batteries,https://www.vr.se/english/swecris.html?searchText=2023-05172_VR
swecris:2023-03456_VR,swecris,2024,SE,Swedish Research Council,3786000.0,SEK,336913.67,A molecular-taxonomic reappraisal  of the common but much overlooked basidiomycete truffle genus Hymenogaster,ambiguous,ambiguous,0.1,A molecular-taxonomic reappraisal of the common but much overlooked basidiomycete truffle genus Hymenogaster,https://www.vr.se/english/swecris.html?searchText=2023-03456_VR
swecris:2023-03320_VR,swecris,2024,SE,Swedish Research Council,3800000.0,SEK,338159.52,Marked point process learning with applications to modelling and forecasting of earthquakes and ambulance calls,ambiguous,ambiguous,0.9,Marked point process learning with applications to modelling and forecasting of earthquakes and ambulance calls,https://www.vr.se/english/swecris.html?searchText=2023-03320_VR
swecris:2023-02582_Formas,swecris,2024,SE,Formas,1999200.0,SEK,177907.5,AfricanYouth4Forests – From science to youth action for sustainable forests,ambiguous,ambiguous,0.95,AfricanYouth4Forests – From science to youth action for sustainable forests,https://www.vr.se/english/swecris.html?searchText=2023-02582_Formas
swecris:2023-02542_Formas,swecris,2024,SE,Formas,5997000.0,SEK,533669.12,"Effects, measures and solutions for resilient housing to extreme heat",ambiguous,ambiguous,0.9,resilient housing to extreme heat,https://www.vr.se/english/swecris.html?searchText=2023-02542_Formas
swecris:2023-02529_Formas,swecris,2024,SE,Formas,6000000.0,SEK,533936.09,Closing the water cycle to increase Urban Resilience to Extreme Events (CUREE),ambiguous,ambiguous,0.9,Closing the water cycle to increase Urban Resilience to Extreme Events (CUREE),https://www.vr.se/english/swecris.html?searchText=2023-02529_Formas
swecris:2023-02223_VR,swecris,2024,SE,Swedish Research Council,2400000.0,SEK,213574.44,Systematic Evaluation of Drug Safety in older adults [SEDS]: federated analysis of international register data using an emulated target trial framework,age_related_disease,ambiguous,0.65,Systematic Evaluation of Drug Safety in older adults [SEDS]: federated analysis of international register data using an emulated target trial framework,https://www.vr.se/english/swecris.html?searchText=2023-02223_VR
swecris:2023-01947_VR,swecris,2024,SE,Swedish Research Council,2400000.0,SEK,213574.44,Deciphering the roles of microglia plasticity and diversity in brain development and disorders.,ambiguous,ambiguous,0.72,microglia plasticity and diversity in brain development and disorders,https://www.vr.se/english/swecris.html?searchText=2023-01947_VR
swecris:2023-01940_VR,swecris,2024,SE,Swedish Research Council,2400000.0,SEK,213574.44,Functional consequences of Loss Of Y (LOY) in men with Alzheimer’s disease and cancer; multi-omics study,age_related_disease,age_related_disease,0.95,the aim is to conduct functional studies that will determine how LOY in tissue-infiltrating and circulating leukocytes affects the development of colorectal cancer (CRC) and AD,https://www.vr.se/english/swecris.html?searchText=2023-01940_VR
swecris:2023-01906_Formas,swecris,2023,SE,Formas,5998622.0,SEK,533813.46,Ending food waste from plant to plate: Repurposing industrial protein by-products for sustainable bread production,ambiguous,ambiguous,0.9,Repurposing industrial protein by-products for sustainable bread production,https://www.vr.se/english/swecris.html?searchText=2023-01906_Formas
swecris:2023-01422_Formas,swecris,2024,SE,Formas,2995758.0,SEK,266590.55,Towards more climate-robust socially important services: learning from cloudburst impacts on Swedish municipal welfare,care,care,0.7,"important welfare services such as school, preschool, home care and elderly care",https://www.vr.se/english/swecris.html?searchText=2023-01422_Formas
swecris:2023-01416_Formas,swecris,2024,SE,Formas,3999098.0,SEK,355877.12,BIOdegradable plastics in soil environment: Formation and accumulation risks of MICROplatics (BIO-MICRO),ambiguous,ambiguous,0.9,This project aims at a fundamental understanding of the risks and mechanisms for microplastic formation during the biodegradation of plastics in the soil,https://www.vr.se/english/swecris.html?searchText=2023-01416_Formas
swecris:2023-00611_Forte,swecris,2024,SE,Forte,2460000.0,SEK,218913.8,Remote meeting technologies and the value of time: An ethnographic study of digital home care services,care,care,0.96,ethnographic study of digital home care services,https://www.vr.se/english/swecris.html?searchText=2023-00611_Forte
swecris:2023-00562_Formas,swecris,2024,SE,Formas,4000000.0,SEK,355957.39,TACK-II: an AI Framework for Automated Tunnel Inspections and Assessment,ambiguous,ambiguous,0.9,TACK-II: an AI Framework for Automated Tunnel Inspections and Assessment,https://www.vr.se/english/swecris.html?searchText=2023-00562_Formas
swecris:2023-00492_Formas,swecris,2024,SE,Formas,2999923.0,SEK,266961.19,Smart condition monitoring of municipal sewer pipe networks - Smart Sewers,ambiguous,ambiguous,0.95,Smart condition monitoring of municipal sewer pipe networks - Smart Sewers,https://www.vr.se/english/swecris.html?searchText=2023-00492_Formas
swecris:2023-00177_Forte,swecris,2023,SE,Forte,5000000.0,SEK,444946.74,How do People with Dementia “Age in Place” in Today’s Sweden? A mixed methods study on the adaptation of social care services to the needs and preferences of care recipients and co-habiting partners,age_related_disease,care,0.95,investigate how social care services under the Social Service Act are adapted to preferences and needs of older persons living at home with dementia,https://www.vr.se/english/swecris.html?searchText=2023-00177_Forte
swecris:2023-00155_Formas,swecris,2023,SE,Formas,3921000.0,SEK,348927.23,Construction collaborations and housing cooperatives in cities and rural areas for socially sustainable housing (BästBO),ambiguous,care,0.6,how construction cooperatives can contribute with sustainable housing solutions for the elderly in rural areas,https://www.vr.se/english/swecris.html?searchText=2023-00155_Formas
swecris:2023-00150_Formas,swecris,2023,SE,Formas,4736647.0,SEK,421511.13,"Seniors’ housing and mobility in small cities and rural areas in Sweden – socially sustainable housing, mobility chains and housing provision in small municipalities.",ambiguous,care,0.9,"Seniors’ housing and mobility in small cities and rural areas in Sweden – socially sustainable housing, mobility chains and housing provision in small municipalities.",https://www.vr.se/english/swecris.html?searchText=2023-00150_Formas
swecris:20220663_HLF,swecris,2023,SE,Swedish Heart-Lung Foundation,800000.0,SEK,71191.48,Ett livstidsperspektiv på accelererat åldrande vid medfödd hjärtsjukdom,fundamental_aging,fundamental_aging,0.92,accelererat åldrande vid medfödd hjärtsjukdom,https://www.vr.se/english/swecris.html?searchText=20220663_HLF
swecris:2022-06348_VR,swecris,2022,SE,Swedish Research Council,37000500.0,SEK,3292650.37,SHIFT CARE – Swedish researcH school In comprehensive CARE for Future Teachers,ambiguous,care,0.95,"The multidisciplinary research focus is Nära vård (in Swedish “Close Care”, comparable to integrated care, comprehensive care, and cohesive care).",https://www.vr.se/english/swecris.html?searchText=2022-06348_VR
swecris:2022-06319_VR,swecris,2022,SE,Swedish Research Council,21408000.0,SEK,1905083.96,"Good quality, local health care – a graduate school for health care educators",ambiguous,care,0.88,"Good quality, local health care (Nära vård) is a reform shifting focus from reactive to proactive health care, involving patients, municipalities and regions",https://www.vr.se/english/swecris.html?searchText=2022-06319_VR
swecris:20220290_HLF,swecris,2023,SE,Swedish Heart-Lung Foundation,400000.0,SEK,35595.74,Pulsvågshastighet och maskininlärning för riskstratifiering vid utredning av misstänkt obstruktiv kranskärlssjukdom  Heart Waves studien,ambiguous,age_related_disease,0.9,riskstratifiering vid utredning av misstänkt obstruktiv kranskärlssjukdom,https://www.vr.se/english/swecris.html?searchText=20220290_HLF
swecris:20220202_KKS,swecris,2023,SE,The Knowledge Foundation,4309681.0,SEK,383515.7,Utforskande av grannskapseffekter på åldrande: en möjlighet att förbättra hjärnans hälsa under hela livslängden,ambiguous,age_related_disease,0.78,trender i demensincidensen i Sverige under de senaste decennierna,https://www.vr.se/english/swecris.html?searchText=20220202_KKS
swecris:2022-01900_Formas,swecris,2022,SE,Formas,39806430.0,SEK,3542348.25,AquaClim: Building a Better Climate with Water Research,ambiguous,ambiguous,0.9,AquaClim: Building a Better Climate with Water Research,https://www.vr.se/english/swecris.html?searchText=2022-01900_Formas
swecris:2022-01620_VR,swecris,2023,SE,Swedish Research Council,10000000.0,SEK,889893.48,Revealing the Mechanims of Elastic Dosage Compensation,age_related_disease,ambiguous,0.85,I will map and dissect mechanisms of autosomal dosage compensation,https://www.vr.se/english/swecris.html?searchText=2022-01620_VR
swecris:2022-01338_Formas,swecris,2023,SE,Formas,2689506.0,SEK,239337.39,Knowledge and recognition of pain in companion animals – an important animal welfare issue.,ambiguous,ambiguous,0.95,Knowledge and recognition of pain in companion animals – an important animal welfare issue.,https://www.vr.se/english/swecris.html?searchText=2022-01338_Formas
swecris:2022-01322_VR,swecris,2023,SE,Swedish Research Council,4800000.0,SEK,427148.87,Mechanisms of METTL3 in breast cancer and metastasis,age_related_disease,age_related_disease,0.98,Mechanisms of METTL3 in breast cancer and metastasis,https://www.vr.se/english/swecris.html?searchText=2022-01322_VR
swecris:2022-01256_Forte,swecris,2022,SE,Forte,527000.0,SEK,46897.39,Confidence in every step 3.0 - Cross-organizational knowledge sharing about motivational support for older adults (65+) to retain and maintain physical functioning integrated with daily living,ambiguous,care,0.78,motivational support for older adults (65+) to retain and maintain physical functioning integrated with daily living,https://www.vr.se/english/swecris.html?searchText=2022-01256_Forte
swecris:2022-01175_VR,swecris,2023,SE,Swedish Research Council,3600000.0,SEK,320361.65,Prevention and treatment of late complications after cranial radiation therapy,ambiguous,ambiguous,0.8,Prevention and treatment of late complications after cranial radiation therapy,https://www.vr.se/english/swecris.html?searchText=2022-01175_VR
swecris:2022-00992_VR,swecris,2023,SE,Swedish Research Council,4800000.0,SEK,427148.87,The role of the prenatal environment in setting the epigenetic clock (Epi-Clock),fundamental_aging,fundamental_aging,0.87,an unsolved question in the field is if the prenatal environment influences the setting of the epigenetic clock,https://www.vr.se/english/swecris.html?searchText=2022-00992_VR
swecris:2022-00976_VR,swecris,2023,SE,Swedish Research Council,4800000.0,SEK,427148.87,MITOCHONDRIAL GENE EXPRESSION: BASIC ASPECTS AND CONNECTION TO DISEASE,ambiguous,ambiguous,0.65,MITOCHONDRIAL GENE EXPRESSION: BASIC ASPECTS AND CONNECTION TO DISEASE,https://www.vr.se/english/swecris.html?searchText=2022-00976_VR
swecris:2022-00871_Forte,swecris,2023,SE,Forte,2000000.0,SEK,177978.7,"Individualized work arrangements for a prolonged working life: Needs, prevalence, and contradictions in public welfare organiza-tions",ambiguous,ambiguous,0.9,"Individualized work arrangements for a prolonged working life: Needs, prevalence, and contradictions in public welfare organiza-tions",https://www.vr.se/english/swecris.html?searchText=2022-00871_Forte
swecris:2022-00806_VR,swecris,2023,SE,Swedish Research Council,2400000.0,SEK,213574.44,"Towards a Sustainable Healthcare: A longitudinal study linking healthcare professionals’ working conditions, health, and patient safety",ambiguous,ambiguous,0.9,healthcare professionals’ working conditions and health over time,https://www.vr.se/english/swecris.html?searchText=2022-00806_VR
swecris:2022-00801_VR,swecris,2023,SE,Swedish Research Council,4800000.0,SEK,427148.87,"MALIGNANT LYMPHOMAS, WITH SPECIAL FOCUS ON MANTLE CELL LYMPHOMA: BIOLOGY, NOVEL TREATMENTS AND SIDE-EFFECTS",ambiguous,age_related_disease,0.97,"MALIGNANT LYMPHOMAS, WITH SPECIAL FOCUS ON MANTLE CELL LYMPHOMA: BIOLOGY, NOVEL TREATMENTS AND SIDE-EFFECTS",https://www.vr.se/english/swecris.html?searchText=2022-00801_VR
swecris:2022-00734_VR,swecris,2023,SE,Swedish Research Council,4800000.0,SEK,427148.87,An integrated systems approach to decipher cell-level gene-regulatory circuits necessary for developing precision medicine for cardiometabolic disorders and coronary artery disease,ambiguous,age_related_disease,0.95,precision medicine for cardiometabolic disorders and coronary artery disease,https://www.vr.se/english/swecris.html?searchText=2022-00734_VR
swecris:2022-00638_VR,swecris,2022,SE,Swedish Research Council,3000000.0,SEK,266968.04,Understanding the Origins of Age-Dependent Neurodegeneration: Cross-Talk Between the Amyloid and Neuroinflammatory Cascades Studied by Advanced Biophysical Methods.,age_related_disease,age_related_disease,0.95,"Age-dependent neurodegeneration, including Alzheimer’s (AD) and Parkinson’s (PD) diseases, represents one of the greatest and most rapidly developing challenges to human health",https://www.vr.se/english/swecris.html?searchText=2022-00638_VR
swecris:2022-00032_Formas,swecris,2022,SE,Formas,993077.0,SEK,88373.27,"The dwelling as locus for all stages in life, on accessibility and usability in future-oriented housing for all of the 2030s",ambiguous,ambiguous,0.7,The lack of accessible and usable housing for older persons and people with disabilities is troublesome.,https://www.vr.se/english/swecris.html?searchText=2022-00032_Formas
swecris:2021-05545_VR,swecris,2022,SE,Swedish Research Council,3600000.0,SEK,320361.65,Organization and regulation of protein biogenesis at the mitoribosomal tunnel exit,ambiguous,ambiguous,0.85,The main goal of this project is to unravel how protein synthesis by mitochondrial ribosomes is connected to downstream processes,https://www.vr.se/english/swecris.html?searchText=2021-05545_VR
swecris:2021-05225_VR,swecris,2022,SE,Swedish Research Council,4000000.0,SEK,355957.39,The impact of chlorine on atmospheric chemistry and air quality in the highly polluted Indo-Gangetic Plain,ambiguous,ambiguous,0.9,The impact of chlorine on atmospheric chemistry and air quality in the highly polluted Indo-Gangetic Plain,https://www.vr.se/english/swecris.html?searchText=2021-05225_VR
swecris:2021-03991_VR,swecris,2022,SE,Swedish Research Council,4000000.0,SEK,355957.39,Plastic and pesticides in agricultural soils – A hazardous combination for groundwater systems and drinking water supplies worldwide?,ambiguous,ambiguous,0.9,Plastic and pesticides in agricultural soils – A hazardous combination for groundwater systems and drinking water supplies worldwide?,https://www.vr.se/english/swecris.html?searchText=2021-03991_VR
swecris:20210301_HLF,swecris,2022,SE,Swedish Heart-Lung Foundation,2400000.0,SEK,213574.44,"Continued studies: 
Inflammation, repair and regeneration in patients with chronic obstructive pulmonary disease",ambiguous,fundamental_aging,0.82,Vi avser studera mekanismerna bakom cellulärt åldrande.,https://www.vr.se/english/swecris.html?searchText=20210301_HLF
swecris:2021-02364_Formas,swecris,2021,SE,Formas,7999762.0,SEK,711893.6,HEAT: Heat stress in outdoor Environments - Planning the city of the older Adults Today and in a future warmer climate,ambiguous,ambiguous,0.8,"examine how heat waves and warm weather - today and in the future - affect older adults in Sweden, and to communicate how well-planned urban environments can reduce heat-related health effects",https://www.vr.se/english/swecris.html?searchText=2021-02364_Formas
swecris:2021-02145_VR,swecris,2022,SE,Swedish Research Council,5200000.0,SEK,462744.61,Dysglycemia and IAPP/alpha-synuclein cross-seeding: key triggers for beta-cell amyloid formation during development of Type 2 diabetes?,age_related_disease,age_related_disease,0.95,key triggers for beta-cell amyloid formation during development of Type 2 diabetes?,https://www.vr.se/english/swecris.html?searchText=2021-02145_VR
swecris:2021-01848_Forte,swecris,2021,SE,Forte,4480000.0,SEK,398672.28,Collaboration for preventive self-care in home-dwelling older adults,care,care,0.95,preventive health care and social care will be important. Self-care is one way to stay independent,https://www.vr.se/english/swecris.html?searchText=2021-01848_Forte
swecris:2021-01786_VR,swecris,2022,SE,Swedish Research Council,2400000.0,SEK,213574.44,"Haemoglobin, globin and iron in preeclampsia and fetal growth restriction",age_related_disease,ambiguous,0.75,Preeclampsia (PE) is a severe pregnancy condition that affects ~8.5M women worldwide annually.,https://www.vr.se/english/swecris.html?searchText=2021-01786_VR
swecris:2021-01335_VR,swecris,2022,SE,Swedish Research Council,5200000.0,SEK,462744.61,Targeting non-coding RNAs as a novel method to control DNA repair and treatment response,age_related_disease,age_related_disease,0.8,investigate whether synthetic RNAs designed to restore or block cancer-associated RNAs can provide a novel approach to improving cancer treatment,https://www.vr.se/english/swecris.html?searchText=2021-01335_VR
swecris:2021-01266_VR,swecris,2022,SE,Swedish Research Council,5055000.0,SEK,449841.15,Distributive justice in health-care – why should severity of ill health matter? (JUST SEVERITY),ambiguous,ambiguous,0.75,The concept of severity of ill health plays an essential role for distributive justice in health-care,https://www.vr.se/english/swecris.html?searchText=2021-01266_VR
swecris:2021-00349_VR,swecris,2022,SE,Swedish Research Council,15832597.0,SEK,1408932.48,DAICY trial – Dual vs. Single-Antibiotic Impregnated Cement in Hemiarthroplasty for Femoral Neck Fracture: A Register-based and cluster-randomized cross-over trial,ambiguous,ambiguous,0.72,"Patients aged ≥60 year, with a displaced femoral neck fracture and eligible for hemiarthroplasty",https://www.vr.se/english/swecris.html?searchText=2021-00349_VR
swecris:2021-00243_VR,swecris,2021,SE,Swedish Research Council,41201000.0,SEK,3666450.13,BioMS clinical proteomics,ambiguous,ambiguous,0.95,BioMS clinical proteomics,https://www.vr.se/english/swecris.html?searchText=2021-00243_VR
swecris:2021-00160_VR,swecris,2023,SE,Swedish Research Council,112644000.0,SEK,10024116.11,SIMPLER,ambiguous,ambiguous,0.9,The Swedish Infrastructure for Medical Population-Based Life-Course and Environmental Research (SIMPLER),https://www.vr.se/english/swecris.html?searchText=2021-00160_VR
swecris:2021-00116_Formas,swecris,2021,SE,Formas,8000000.0,SEK,711914.78,"Achieving multifunctional, holistic and sustainable stormwater management in existing development",ambiguous,ambiguous,0.9,"Achieving multifunctional, holistic and sustainable stormwater management in existing development",https://www.vr.se/english/swecris.html?searchText=2021-00116_Formas
swecris:2021-00075_Formas,swecris,2021,SE,Formas,2591048.0,SEK,230575.67,Urban proximity: to what and for whom? The long-term development and social distribution of sustainable accessibility in selected Swedish urban regions,ambiguous,ambiguous,0.95,"Accessibility in terms of individuals’ possibilities to reach important amenities in everyday life such as jobs, services and leisure",https://www.vr.se/english/swecris.html?searchText=2021-00075_Formas
swecris:2020-04715_VR,swecris,2021,SE,Swedish Research Council,3400000.0,SEK,302563.78,The role of micro- and nanotopography for implant healing in type 2 diabetes mellitus,age_related_disease,age_related_disease,0.9,The role of micro- and nanotopography for implant healing in type 2 diabetes mellitus,https://www.vr.se/english/swecris.html?searchText=2020-04715_VR
swecris:20200333_HLF,swecris,2021,SE,Swedish Heart-Lung Foundation,3000000.0,SEK,266968.04,"Inflammation, ateroskleros och hjärtkärlsjukdom",age_related_disease,age_related_disease,0.88,Ateroskleros är en inflammationssjukdom,https://www.vr.se/english/swecris.html?searchText=20200333_HLF
swecris:2020-02998_Formas,swecris,2020,SE,Formas,199066.0,SEK,17714.75,"Gender, equality and wellbeing across generations",ambiguous,ambiguous,0.88,"Gender, equality and wellbeing across generations",https://www.vr.se/english/swecris.html?searchText=2020-02998_Formas
swecris:2020-02732_VR,swecris,2021,SE,Swedish Research Council,2400000.0,SEK,213574.44,The role of blood-brain barrier integrity in herpes simplex virus neuropathology,ambiguous,age_related_disease,0.7,The overall aim is to show how the integrity of the blood-brain barrier contribute to neuropathology by human herpes simplex viruses.,https://www.vr.se/english/swecris.html?searchText=2020-02732_VR
swecris:2020-01426_VR,swecris,2021,SE,Swedish Research Council,4800000.0,SEK,427148.87,Transcription factors in Parkinson´s disease,age_related_disease,age_related_disease,0.93,Parkinson’s disease (PD) is a neurodegenerative disorder characterized by the loss of midbrain dopaminergic neurons (mDAs).,https://www.vr.se/english/swecris.html?searchText=2020-01426_VR
swecris:2020-01148_VR,swecris,2021,SE,Swedish Research Council,2400000.0,SEK,213574.44,Astrocytes - a new target in stroke and neurodegeneration,age_related_disease,age_related_disease,0.9,"determine the specific functions of reactive astrocytes in stroke, post-stroke plasticity, regeneration and recovery",https://www.vr.se/english/swecris.html?searchText=2020-01148_VR
swecris:2019-06364_VR,swecris,2020,SE,Swedish Research Council,2100000.0,SEK,186877.63,"Stemming the tide of non-communicable disease: progress, context and future projections for evidence-based disease prevention in eleven low-, middle- and high-income countries",age_related_disease,age_related_disease,0.62,"Noncommunicable diseases (NCDs) such as cardiovascular disease, cancer, chronic respiratory disease, diabetes and injuries are the leading cause of death worldwide.",https://www.vr.se/english/swecris.html?searchText=2019-06364_VR
swecris:2019-05967_VR,swecris,2020,SE,Swedish Research Council,1804000.0,SEK,160536.78,Precision Medicine Interventions in Alzheimer’s Disease,age_related_disease,age_related_disease,0.97,Precision Medicine Interventions in Alzheimer’s Disease,https://www.vr.se/english/swecris.html?searchText=2019-05967_VR
swecris:2019-04975_Vinnova,swecris,2019,SE,Vinnova,500000.0,SEK,44494.67,DistiSens - Distributed flow characterisation,ambiguous,ambiguous,0.95,DistiSens - Distributed flow characterisation,https://www.vr.se/english/swecris.html?searchText=2019-04975_Vinnova
swecris:2019-04405_VR,swecris,2020,SE,Swedish Research Council,4800000.0,SEK,427148.87,Protein aggregation diseases,age_related_disease,age_related_disease,0.85,"Protein misfolding and aggregation is associated with a large group of diseases, e.g. Alzheimer´s disease.",https://www.vr.se/english/swecris.html?searchText=2019-04405_VR
swecris:2019-04053_VR,swecris,2020,SE,Swedish Research Council,3160000.0,SEK,281206.34,"Lifelong and intergenerational mitochondrial, physiological and epigenomic effects of early metabolic challenges",ambiguous,ambiguous,0.7,"Lifelong and intergenerational mitochondrial, physiological and epigenomic effects of early metabolic challenges",https://www.vr.se/english/swecris.html?searchText=2019-04053_VR
swecris:2019-04020_VR,swecris,2020,SE,Swedish Research Council,3040000.0,SEK,270527.62,The role of sugars for the stabilisation and cryopreservation of proteins,age_related_disease,ambiguous,0.9,"The aim of this proposal is to understand the stabilizing, cryoprotecting and anti-aggregation roles disaccharides (particularly trehalose) have on proteins and other biological materials.",https://www.vr.se/english/swecris.html?searchText=2019-04020_VR
swecris:20190312_HLF,swecris,2020,SE,Swedish Heart-Lung Foundation,200000.0,SEK,17797.87,Kronisk myokardskada-en markör för ett åldrande hjärta,ambiguous,age_related_disease,0.78,undersöka sambandet mellan kronisk myokardskada och tecken på generellt åldrande,https://www.vr.se/english/swecris.html?searchText=20190312_HLF
swecris:20190233_HLF,swecris,2020,SE,Swedish Heart-Lung Foundation,800000.0,SEK,71191.48,Mekanismer bakom stabila ökningar av hjärtinfarktsmarkören troponin,ambiguous,age_related_disease,0.95,Mekanismer bakom stabila ökningar av hjärtinfarktsmarkören troponin,https://www.vr.se/english/swecris.html?searchText=20190233_HLF
swecris:2019-02226_VR,swecris,2019,SE,Swedish Research Council,3702000.0,SEK,329438.57,EURO-FINGERS multimodal precision prevention toolbox for dementia in Alzheimer’s disease,age_related_disease,age_related_disease,0.96,Alzheimer disease (AD) prevention is a global priority.,https://www.vr.se/english/swecris.html?searchText=2019-02226_VR
swecris:2019-01864_VR,swecris,2020,SE,Swedish Research Council,6000000.0,SEK,533936.09,Biological matrices as fully customizable material for skeletal repair,ambiguous,ambiguous,0.7,assess the functional performance of our customized Bio-ECM for skeletal tissue regeneration,https://www.vr.se/english/swecris.html?searchText=2019-01864_VR
swecris:2019-01766_VR,swecris,2020,SE,Swedish Research Council,2400000.0,SEK,213574.44,Exploration and Promotion of Cardiomyogenesis in Human Hearts,ambiguous,age_related_disease,0.9,"Heart failure is one of the leading causes of death in the Western world, with mortality rates worse than many malignancies.",https://www.vr.se/english/swecris.html?searchText=2019-01766_VR
swecris:2019-01684_VR,swecris,2020,SE,Swedish Research Council,2400000.0,SEK,213574.44,Injury and Repair in the Juvenile Brain after Radiation Therapy,age_related_disease,ambiguous,0.7,We aim to prevent the cognitive decline and/or restore cognitive function after radiotherapy to the juvenile brain,https://www.vr.se/english/swecris.html?searchText=2019-01684_VR
swecris:2019-01651_VR,swecris,2020,SE,Swedish Research Council,2400000.0,SEK,213574.44,Bipolar disorder- translational and prospective studies with focus on lithium treatment,fundamental_aging,ambiguous,0.65,Bipolar disorder- translational and prospective studies with focus on lithium treatment,https://www.vr.se/english/swecris.html?searchText=2019-01651_VR
swecris:2019-01646_VR,swecris,2020,SE,Swedish Research Council,4800000.0,SEK,427148.87,Investigations of molecular mechanisms behind organ dysnfunction in sepsis,ambiguous,ambiguous,0.7,Investigations of molecular mechanisms behind organ dysnfunction in sepsis,https://www.vr.se/english/swecris.html?searchText=2019-01646_VR
swecris:2019-01598_VR,swecris,2020,SE,Swedish Research Council,2400000.0,SEK,213574.44,Exploring novel functions of key components in oncogenic TGFbeta and Wnt-signaling,age_related_disease,age_related_disease,0.92,Prostate cancer (PC) is the second leading cause of cancer-related death in men.,https://www.vr.se/english/swecris.html?searchText=2019-01598_VR
swecris:2019-01466_VR,swecris,2020,SE,Swedish Research Council,7200000.0,SEK,640723.31,Continued development and clinical validation of artificial intelligence assisted diagnosis and grading of prostate cancer in needle biopsies,age_related_disease,age_related_disease,0.95,artificial intelligence assisted diagnosis and grading of prostate cancer in needle biopsies,https://www.vr.se/english/swecris.html?searchText=2019-01466_VR
swecris:2019-01422_VR,swecris,2020,SE,Swedish Research Council,9000000.0,SEK,800904.13,Receptor-mediated mechanisms in Parkinson´s disease and depression,age_related_disease,age_related_disease,0.95,This programme aims at providing better therapies and biomarkers for two common diseases: Parkinson´s disease (PD) and Major depressive disorder (MDD).,https://www.vr.se/english/swecris.html?searchText=2019-01422_VR
swecris:2019-01382_VR,swecris,2020,SE,Swedish Research Council,2400000.0,SEK,213574.44,CanOptiPhys: OPTImizing PHYSical function before surgery: effects on complications and quality of life after gastrointestinal CANcer surgey in older people at risk – a randomized controlled trial,age_related_disease,age_related_disease,0.86,preoperative exercise on complications after gastrointestinal cancer surgery in older persons at risk,https://www.vr.se/english/swecris.html?searchText=2019-01382_VR
swecris:2019-01362_VR,swecris,2020,SE,Swedish Research Council,2400000.0,SEK,213574.44,Benefits & Harms of Bariatric Surgery In the Elderly & For Post-Bariatric Pregnancies,age_related_disease,ambiguous,0.65,Benefits & Harms of Bariatric Surgery In the Elderly & For Post-Bariatric Pregnancies,https://www.vr.se/english/swecris.html?searchText=2019-01362_VR
swecris:2019-01291_VR,swecris,2020,SE,Swedish Research Council,4800000.0,SEK,427148.87,"Diet, biomarker determinants and pharmacologic interventions to predict and prevent frailty fractures in women and men",age_related_disease,age_related_disease,0.92,The overall aim of the four projects included in this application is to discover novel pathways for the prevention of fractures in older people,https://www.vr.se/english/swecris.html?searchText=2019-01291_VR
swecris:2019-01096_VR,swecris,2020,SE,Swedish Research Council,2400000.0,SEK,213574.44,"Mental and cognitive health in the elderly. Relation to age, sex, birth cohort, functional ability, somatic health, genetic, psychological, social and neurobiological factors",age_related_disease,age_related_disease,0.8,"Mental and cognitive health in the elderly. Relation to age, sex, birth cohort, functional ability, somatic health, genetic, psychological, social and neurobiological factors",https://www.vr.se/english/swecris.html?searchText=2019-01096_VR
swecris:2019-00654_Formas,swecris,2020,SE,Formas,2997613.0,SEK,266755.63,In it for the long-term: How does the provision of ecosystem services from green roofs change as the ecosystems age?,ambiguous,ambiguous,0.95,How does the provision of ecosystem services from green roofs change as the ecosystems age?,https://www.vr.se/english/swecris.html?searchText=2019-00654_Formas
swecris:2019-00206_VR,swecris,2020,SE,Swedish Research Council,100000000.0,SEK,8898934.8,BioMS – a distributed national infrastructure in biological mass spectrometry,ambiguous,ambiguous,0.9,BioMS – a distributed national infrastructure in biological mass spectrometry,https://www.vr.se/english/swecris.html?searchText=2019-00206_VR
swecris:20180478_HLF,swecris,2019,SE,Swedish Heart-Lung Foundation,400000.0,SEK,35595.74,"Ny rensnings mekanism mellan hjärtceller
-relation mellan troponin nivåer och död.",ambiguous,age_related_disease,0.95,Att förstå mekanismerna bakom stabila troponin ökningar och dess koppling till hjärtsjukdom och död.,https://www.vr.se/english/swecris.html?searchText=20180478_HLF
swecris:2018-04613_VR,swecris,2019,SE,Swedish Research Council,3600000.0,SEK,320361.65,"A sense-and-respond nanocellulose-based delivery platform for wound-healing, bioactive molecules (NanoCellSense)",ambiguous,age_related_disease,0.6,focus on the treatment of chronic wounds,https://www.vr.se/english/swecris.html?searchText=2018-04613_VR
swecris:2018-04087_VR,swecris,2019,SE,Swedish Research Council,2800000.0,SEK,249170.17,Biomaterial-induced thromboinflammation - pathophysiological mechanisms in human whole blood upon contact with artificial materials,ambiguous,ambiguous,0.75,Biomaterial-induced thromboinflammation - pathophysiological mechanisms in human whole blood upon contact with artificial materials,https://www.vr.se/english/swecris.html?searchText=2018-04087_VR
swecris:2018-03694_VR,swecris,2018,SE,Swedish Research Council,3900000.0,SEK,347058.46,Organisation och reglering av mitokondriell protein synthes,ambiguous,ambiguous,0.6,The main goal of this project is to unravel how protein synthesis by mitochondrial ribosomes is generally organized and regulated.,https://www.vr.se/english/swecris.html?searchText=2018-03694_VR
swecris:2018-03310_VR,swecris,2019,SE,Swedish Research Council,3225000.0,SEK,286990.65,Brain-specific drug delivery by targeting active uptake at the blood-brain barrier,ambiguous,ambiguous,0.85,Brain-specific drug delivery by targeting active uptake at the blood-brain barrier,https://www.vr.se/english/swecris.html?searchText=2018-03310_VR
swecris:2018-02760_VR,swecris,2019,SE,Swedish Research Council,2400000.0,SEK,213574.44,NOVEL WAYS TO PREVENT CARDIOMETABOLIC DISEASE,age_related_disease,age_related_disease,0.95,Increasing occurrence of obesity and diabetes is the major threat to cardiovascular health of our century.,https://www.vr.se/english/swecris.html?searchText=2018-02760_VR
swecris:2018-02715_VR,swecris,2019,SE,Swedish Research Council,2400000.0,SEK,213574.44,Enhanced brain delivery of antibodies for effective treatment of neurodegenerative diseases,age_related_disease,age_related_disease,0.95,improve immunotherapy in neurodegenerative diseases by targeting neurotoxic protein aggregates with brain penetrating bispecific antibodies,https://www.vr.se/english/swecris.html?searchText=2018-02715_VR
swecris:2018-02185_Formas,swecris,2018,SE,Formas,1999892.0,SEK,177969.09,Sustainable Development of Social Robots – an Interactive Exhibition about Future Living Environments,ambiguous,ambiguous,0.86,The project aims to produce an interactive exhibition about social robots and how they can promote a sustainable society.,https://www.vr.se/english/swecris.html?searchText=2018-02185_Formas
swecris:2018-01205_Formas,swecris,2019,SE,Formas,2977934.0,SEK,265004.4,Beyond the city life. Post-migration experiences of the everyday life for families with young children moving out from a metropolitan area,ambiguous,ambiguous,0.95,families with young children moving out from a metropolitan area,https://www.vr.se/english/swecris.html?searchText=2018-01205_Formas
swecris:2018-01201_Forte,swecris,2019,SE,Forte,1600000.0,SEK,142382.96,Understanding the etiology of body mass index and the risk of cognitive decline through longitudinal and genetic designs,age_related_disease,age_related_disease,0.91,"My PhD project examined how genetic factors influence dementia etiology, and the association between dementia and other late-life disorders.",https://www.vr.se/english/swecris.html?searchText=2018-01201_Forte
swecris:2018-01178_Formas,swecris,2019,SE,Formas,2999700.0,SEK,266941.35,Resource efficient and coordinated maintenance and renewal of horizontal water and road assets,ambiguous,ambiguous,0.9,Resource efficient and coordinated maintenance and renewal of horizontal water and road assets,https://www.vr.se/english/swecris.html?searchText=2018-01178_Formas
swecris:2018-01053_VR,swecris,2019,SE,Swedish Research Council,4290000.0,SEK,381764.3,"Intergenerational care in Sweden. A study of relationships, commitments, and practices of care in everyday family life.",ambiguous,care,0.96,This project will study intergenerational care in everyday life and throughout the life course in Sweden.,https://www.vr.se/english/swecris.html?searchText=2018-01053_VR
swecris:2018-00940_VR,swecris,2019,SE,Swedish Research Council,2871750.0,SEK,255555.16,Evolving gender differences in health & care across cohorts (FUTUREGEN),ambiguous,care,0.9,"In old age (60+), women are also more likely to use care services and to be informal care-givers.",https://www.vr.se/english/swecris.html?searchText=2018-00940_VR
swecris:2018-00791_Forte,swecris,2019,SE,Forte,3430000.0,SEK,305233.46,The causal effect of education on health in late life,ambiguous,age_related_disease,0.65,Many diseases that affect older individuals are partly attributable to modifiable risk factors. Primary prevention is therefore important.,https://www.vr.se/english/swecris.html?searchText=2018-00791_Forte
swecris:2018-00547_Forte,swecris,2019,SE,Forte,4630000.0,SEK,412020.68,Why is working life more sustainable for men than women? A study of work and health during the course of life,ambiguous,ambiguous,0.9,sustainable working life across the life course,https://www.vr.se/english/swecris.html?searchText=2018-00547_Forte
swecris:2018-00462_VR,swecris,2019,SE,Swedish Research Council,10257922.0,SEK,912845.79,HipSTHeR - A register randomized controlled trial – Hip Screws or (Total) Hip Replacement for undisplaced femoral neck fractures in elderly patients,ambiguous,age_related_disease,0.82,Femoral neck fractures (FNFs) are a great challenge for today´s healthcare and they are associated with high mortality and morbidity in the elderly.,https://www.vr.se/english/swecris.html?searchText=2018-00462_VR
swecris:2017-05839_VR,swecris,2018,SE,Swedish Research Council,3000000.0,SEK,266968.04,Environmental factors in Parkinson’s Disease Pathogenesis,age_related_disease,age_related_disease,0.95,Environmental factors in Parkinson’s Disease Pathogenesis,https://www.vr.se/english/swecris.html?searchText=2017-05839_VR
swecris:2017-04644_VR,swecris,2018,SE,Swedish Research Council,3200000.0,SEK,284765.91,Osteodiagnosis - A new modality for monitoring Osteogenesis in Bone Related Defects,ambiguous,ambiguous,0.7,Osteodiagnosis - A new modality for monitoring Osteogenesis in Bone Related Defects,https://www.vr.se/english/swecris.html?searchText=2017-04644_VR
swecris:2017-04102_VR,swecris,2018,SE,Swedish Research Council,2389000.0,SEK,212595.55,Biophysical studies of membrane interacting cell toxic aggregates of the amyloid-beta peptide,age_related_disease,age_related_disease,0.93,The Amyloid β (Aβ) peptide is related to the pathological processes in Alzheimer´s disease,https://www.vr.se/english/swecris.html?searchText=2017-04102_VR
swecris:2017-03993_VR,swecris,2018,SE,Swedish Research Council,3312000.0,SEK,294732.72,Novel ultrasonic methods for the characterization of vascular and intestinal walls,age_related_disease,ambiguous,0.8,develop state-of-the-art ultrasonic techniques for vascular and intestinal applications,https://www.vr.se/english/swecris.html?searchText=2017-03993_VR
swecris:2017-03984_VR,swecris,2018,SE,Swedish Research Council,2500000.0,SEK,222473.37,"Design, stereoselective synthesis, biological evaluation and use of peptide mimicking compounds",age_related_disease,age_related_disease,0.62,evaluated in relevant biological assays to explore their ability to act as anti-bacterial or anti-cancer agents with novel mechanisms of action,https://www.vr.se/english/swecris.html?searchText=2017-03984_VR
swecris:2017-03469_VR,swecris,2018,SE,Swedish Research Council,5999000.0,SEK,533847.1,Interprofessional learning in practice: students’ practices of joint learning and collaboration with patients across clinical placement arrangements in medical and health care,ambiguous,ambiguous,0.85,Interprofessional learning in practice: students’ practices of joint learning and collaboration with patients across clinical placement arrangements,https://www.vr.se/english/swecris.html?searchText=2017-03469_VR
swecris:2017-02255_VR,swecris,2018,SE,Swedish Research Council,2400000.0,SEK,213574.44,"Astrocytes - a novel target for neuroplasticity and CNS regeneration in stroke, neurotrauma and ALS",age_related_disease,age_related_disease,0.85,"function of astrocytes in CNS plasticity and regeneration in CNS injury, stroke and neurodegenerative diseases",https://www.vr.se/english/swecris.html?searchText=2017-02255_VR
swecris:2017-02198_VR,swecris,2018,SE,Swedish Research Council,2649000.0,SEK,235732.78,"Un/making Matters - maintenance, repair and composting",ambiguous,ambiguous,0.95,"maintenance, repair and composting and other ways of caring for that which has already been made",https://www.vr.se/english/swecris.html?searchText=2017-02198_VR
swecris:2017-01857_VR,swecris,2018,SE,Swedish Research Council,5120000.0,SEK,455625.46,"Golden years. Understanding the retirement business in pre-modern Europe, c.1250-c.1800",ambiguous,care,0.72,"commercial retirement homes, where they would live out their remaining years",https://www.vr.se/english/swecris.html?searchText=2017-01857_VR
swecris:2017-01636_VR,swecris,2018,SE,Swedish Research Council,2400000.0,SEK,213574.44,Functional analysis of m6A modification in breast cancer,age_related_disease,age_related_disease,0.93,we propose to unravel the function of m6A RNA modification in breast cancer,https://www.vr.se/english/swecris.html?searchText=2017-01636_VR
swecris:2017-01315_VR,swecris,2018,SE,Swedish Research Council,4800000.0,SEK,427148.87,RNA-guided repair of DNA double-strand breaks and its potential relationship to cancer,age_related_disease,age_related_disease,0.82,RNA-guided repair of DNA double-strand breaks and its potential relationship to cancer,https://www.vr.se/english/swecris.html?searchText=2017-01315_VR
swecris:2017-01257_VR,swecris,2018,SE,Swedish Research Council,9000000.0,SEK,800904.13,Genome expression and segregation in mammalian mitochondria,ambiguous,ambiguous,0.72,This application in part concerns our continuous efforts to understand this fundamental biological process and its relationship to human disease.,https://www.vr.se/english/swecris.html?searchText=2017-01257_VR
swecris:2017-00965_Formas,swecris,2018,SE,Formas,2901000.0,SEK,258158.1,The effects of climate change on diapause: implications for pest insects,ambiguous,ambiguous,0.85,The effects of climate change on diapause: implications for pest insects,https://www.vr.se/english/swecris.html?searchText=2017-00965_Formas
swecris:2017-00666_VR,swecris,2018,SE,Swedish Research Council,37908101.0,SEK,3373417.19,SwedPop: Swedish population databases for research,ambiguous,ambiguous,0.95,SwedPop is a national micro-level population infrastructure merging existing population databases,https://www.vr.se/english/swecris.html?searchText=2017-00666_VR
swecris:2017-00644_VR,swecris,2018,SE,Swedish Research Council,55000000.0,SEK,4894414.14,Central Sweden Cohorts & Biobank,ambiguous,ambiguous,0.9,Building of the Central Swedish Cohorts & Biobank infrastructure,https://www.vr.se/english/swecris.html?searchText=2017-00644_VR
swecris:2017-00624_VR,swecris,2018,SE,Swedish Research Council,54996000.0,SEK,4894058.18,"National infrastructure for research about social relations, work and health across the life course (REWHARD)",ambiguous,ambiguous,0.8,"National infrastructure for research about social relations, work and health across the life course",https://www.vr.se/english/swecris.html?searchText=2017-00624_VR
swecris:2017-00541_Formas,swecris,2018,SE,Formas,2999607.0,SEK,266933.07,Manipulating autophagy to increase plant productivity,ambiguous,ambiguous,0.85,Manipulating autophagy to increase plant productivity,https://www.vr.se/english/swecris.html?searchText=2017-00541_Formas
swecris:2017-00521_VR,swecris,2017,SE,Swedish Research Council,12311078.0,SEK,1095554.8,The Spironolactone Initiation Registry Randomized Interventional Trial in Heart Failure with Preserved Ejection Fraction (SPIRRIT-HFpEF),ambiguous,age_related_disease,0.95,Heart failure with preserved ejection fraction (HFpEF) is common and deadly but without therapy.,https://www.vr.se/english/swecris.html?searchText=2017-00521_VR
swecris:2017-00360_Formas,swecris,2018,SE,Formas,2891001.0,SEK,257268.29,Hydromechanical description of surface- and pore geometry of rock fractures - A novel approach for different scales,ambiguous,ambiguous,0.9,Hydromechanical description of surface- and pore geometry of rock fractures - A novel approach for different scales,https://www.vr.se/english/swecris.html?searchText=2017-00360_Formas
swecris:2017-00273_VR,swecris,2017,SE,Swedish Research Council,3150000.0,SEK,280316.45,"A life-span perspective on physical activity, fitness, cognitive function, and mental health: Longitudinal associations, explanatory mechanisms, and moderators",ambiguous,ambiguous,0.65,"life-span associations between physical activity, fitness, cognitive function, and mental health",https://www.vr.se/english/swecris.html?searchText=2017-00273_VR
swecris:2016-06760_VR,swecris,2017,SE,Swedish Research Council,3150000.0,SEK,280316.45,Importance of hippocampal gamma oscillations in the formation of functional cell assemblies supporting memory encoding and retrieval,ambiguous,ambiguous,0.82,the biological mechanisms underlying learning and memory are incompletely understood,https://www.vr.se/english/swecris.html?searchText=2016-06760_VR
swecris:2016-05919_VR,swecris,2017,SE,Swedish Research Council,600000.0,SEK,53393.61,"En Global Hälsokris - perspektiv från Indonesien, Fillipinerna och Sverige",ambiguous,ambiguous,0.9,medical brain drain (MBD),https://www.vr.se/english/swecris.html?searchText=2016-05919_VR
swecris:2016-04721_VR,swecris,2017,SE,Swedish Research Council,3800000.0,SEK,338159.52,Atomic details of HtrA–protease function studied by NMR–spectroscopy,ambiguous,fundamental_aging,0.65,play a crucial role in protein quality control by avoiding toxic protein species,https://www.vr.se/english/swecris.html?searchText=2016-04721_VR
swecris:2016-04391_VR,swecris,2017,SE,Swedish Research Council,3200000.0,SEK,284765.91,Immunoecology of immune activation and mild disease: sex-specific and long-term effects on physiology and fitness-related factors,fundamental_aging,ambiguous,0.7,long-term effects on telomere shortening and physiology,https://www.vr.se/english/swecris.html?searchText=2016-04391_VR
swecris:2016-04240_VR,swecris,2017,SE,Swedish Research Council,3200000.0,SEK,284765.91,Cost and benefits of a high work rate.,fundamental_aging,fundamental_aging,0.7,I will also measure oxidative damage and telomere shortening.,https://www.vr.se/english/swecris.html?searchText=2016-04240_VR
swecris:2016-02835_VR,swecris,2017,SE,Swedish Research Council,2800000.0,SEK,249170.17,Exploring regenerative potential of articular cartilage in relation to osteoarthritis,age_related_disease,age_related_disease,0.8,Exploring regenerative potential of articular cartilage in relation to osteoarthritis,https://www.vr.se/english/swecris.html?searchText=2016-02835_VR
swecris:2015-06030_VR,swecris,2016,SE,Swedish Research Council,63750000.0,SEK,5673070.93,Myfab,ambiguous,ambiguous,0.9,"Myfab, founded in 2004 and a national facility since 2010, is Sweden's open-access micro- and nano-technology research infrastructure (RI) with cleanroom laboratories",https://www.vr.se/english/swecris.html?searchText=2015-06030_VR
swecris:2015-05434_VR,swecris,2016,SE,Swedish Research Council,3070000.0,SEK,273197.3,Structure and dynamics of soft and biological materials,ambiguous,ambiguous,0.95,Structure and dynamics of soft and biological materials,https://www.vr.se/english/swecris.html?searchText=2015-05434_VR
swecris:2015-03527_VR,swecris,2016,SE,Swedish Research Council,4000000.0,SEK,355957.39,"Lifestyle, genetic determinants and pharmacologic interventions to prevent fragility fractures",age_related_disease,age_related_disease,0.95,"Lifestyle, genetic determinants and pharmacologic interventions to prevent fragility fractures",https://www.vr.se/english/swecris.html?searchText=2015-03527_VR
swecris:2015-03327_VR,swecris,2016,SE,Swedish Research Council,6000000.0,SEK,533936.09,"Interplay between genetic, epigenetic and environmental factors in the pathogenesis of human disease",age_related_disease,ambiguous,0.72,epigenetic and genetic factors interact with the environment in the development of complex diseases,https://www.vr.se/english/swecris.html?searchText=2015-03327_VR
swecris:2015-03137_VR,swecris,2016,SE,Swedish Research Council,6000000.0,SEK,533936.09,Regulation of Myocardial Regeneration and Cardiomyocyte Proliferation,age_related_disease,age_related_disease,0.85,developing potential new treatments for cardiovascular disease,https://www.vr.se/english/swecris.html?searchText=2015-03137_VR
swecris:2015-02723_VR,swecris,2016,SE,Swedish Research Council,6000000.0,SEK,533936.09,DNA damage response pathways as targets for cancer therapy,age_related_disease,age_related_disease,0.96,DNA damage response pathways as targets for cancer therapy,https://www.vr.se/english/swecris.html?searchText=2015-02723_VR
swecris:2015-01557_Formas,swecris,2016,SE,Formas,2994999.0,SEK,266523.01,NanoOffice - Nanoparticles in new and renovated office buildings,ambiguous,ambiguous,0.95,NanoOffice - Nanoparticles in new and renovated office buildings,https://www.vr.se/english/swecris.html?searchText=2015-01557_Formas
swecris:2015-01210_Forte,swecris,2016,SE,Forte,2095000.0,SEK,186432.68,The logic of care and the logic of audit in residential care for older persons: Learning from international comparative research and feminist care theory,care,care,0.98,Ensuring that older people in nursing homes receive good care is a major challenge in Sweden and internationally.,https://www.vr.se/english/swecris.html?searchText=2015-01210_Forte
swecris:2014-05867_VR,swecris,2015,SE,Swedish Research Council,2100000.0,SEK,186877.63,"Biophysical studies of the amyloid beta peptide - structure conversion, aggregation pathways and molecular interactions",age_related_disease,age_related_disease,0.92,The Amyloid beta (Abeta) peptide is related to the pathological processes associated with Alzheimer´s disease,https://www.vr.se/english/swecris.html?searchText=2014-05867_VR
swecris:2014-05798_VR,swecris,2015,SE,Swedish Research Council,3584000.0,SEK,318937.82,Microstructure-based Modelling of Dielectric Elastomers,ambiguous,ambiguous,0.9,Microstructure-based Modelling of Dielectric Elastomers,https://www.vr.se/english/swecris.html?searchText=2014-05798_VR
swecris:2014-04597_VR,swecris,2015,SE,Swedish Research Council,3200000.0,SEK,284765.91,Elucidating the mechanisms of protein aggregation and clearance in heavy metal/metalloid toxicity and tolerance.,ambiguous,ambiguous,0.75,Elucidating the mechanisms of protein aggregation and clearance in heavy metal/metalloid toxicity and tolerance.,https://www.vr.se/english/swecris.html?searchText=2014-04597_VR
swecris:2014-04349_Forte,swecris,2015,SE,Forte,700000.0,SEK,62292.54,"Publicering: Äldre i Centrum, populärvetenskaplig tidskrift om äldreforskning i teori och praktik.",ambiguous,ambiguous,0.85,populärvetenskaplig tidskrift om äldreforskning i teori och praktik,https://www.vr.se/english/swecris.html?searchText=2014-04349_Forte
swecris:2014-01584_VR,swecris,2015,SE,Swedish Research Council,6180000.0,SEK,549954.17,"Rural morality: meaning, mobilisation and citizenship in initiatives for a sustainable rural Swedish North.",ambiguous,ambiguous,0.55,The aim of this project is to examine the contemporary politicisation of the rural Swedish North.,https://www.vr.se/english/swecris.html?searchText=2014-01584_VR
swecris:2014-01326_Forte,swecris,2015,SE,Forte,3580000.0,SEK,318581.87,"Young technology, elderly people’s everyday lives: Domestication research for digital policy",ambiguous,ambiguous,0.82,"det uppmärksammar äldre (65+) och deras användning, och icke-användning, av digital teknik",https://www.vr.se/english/swecris.html?searchText=2014-01326_Forte
swecris:2014-00861_Forte,swecris,2015,SE,Forte,1600000.0,SEK,142382.96,"Postdoc grant: Market-inspired reforms in primary care: effects of pay-for-performance, competition and patient choice",ambiguous,care,0.9,hur den åldrande befolkningen (en strukturell förutsättning) påverkar utbudet av äldreomsorg i Sverige,https://www.vr.se/english/swecris.html?searchText=2014-00861_Forte
swecris:2014-00395_Forte,swecris,2015,SE,Forte,1830000.0,SEK,162850.51,Intergenerational relationships between adult children and older parents in stepfamilies,ambiguous,ambiguous,0.7,Intergenerational relationships between adult children and older parents in stepfamilies,https://www.vr.se/english/swecris.html?searchText=2014-00395_Forte
